arm,seed,exp,tf,gene,lfc,scored
any,0,DataSet_01_006,PROX1,ST3GAL3,-0.07466,True
any,0,DataSet_01_007,NR2F2,OR7G1,0.0,True
any,0,DataSet_01_008,WT1,METTL2A,0.0,True
any,0,DataSet_01_010,TP53,FAM129A,0.51064,True
any,0,DataSet_01_011,TP53,FTSJ1,0.48103,True
any,0,DataSet_01_012,FLI1,ARFGAP3,0.78541,True
any,0,DataSet_01_013,FLI1,BTF3L4,0.0,True
any,0,DataSet_01_014,FLI1,ADSS,-1.41004,True
any,0,DataSet_01_015,FLI1,CLEC17A,0.0,True
any,0,DataSet_01_016,FLI1,SMYD4,0.0,True
any,0,DataSet_01_017,ERG,PATL2,-0.19931,True
any,0,DataSet_01_018,YY1,TRIM31,0.76706,True
any,0,DataSet_01_021,STAT1,MBD3L5,0.0,True
any,0,DataSet_01_025,MITF,NPLOC4,-0.09807,True
any,0,DataSet_01_026,PAX3,ZFP91-CNTF,0.0,True
any,0,DataSet_01_027,PAX3,RBM14,-0.31204,True
any,0,DataSet_01_029,ATM,OR52N1,0.0,False
any,0,DataSet_01_030,RELA,MIR504,0.0,True
any,0,DataSet_01_031,TP53,MOBKL1B,0.0,True
any,0,DataSet_01_033,ATF3,UCK2,0.01379,True
any,0,DataSet_01_034,EGR3,FAM46B,0.24679,True
any,0,DataSet_01_036,ETV1,SNORA11D,0.0,True
any,0,DataSet_01_037,TP53,PIKFYVE,-0.07003,True
any,0,DataSet_01_038,TP53,ABCC3,0.2,True
any,0,DataSet_01_042,POU5F1,IQGAP3,-0.03943,True
any,0,DataSet_01_043,CBFB,STXBP6,-1.97199,False
any,0,DataSet_01_044,MYB,MIR93,0.0,True
any,0,DataSet_01_045,PRDM14,ANO6,0.0,False
any,0,DataSet_01_049,STAT3,SAMD1,0.0,True
any,0,DataSet_01_051,RARA,RBM15B,0.0555,True
any,0,DataSet_01_053,TFAP2C,SRGAP2P2,0.0,True
any,0,DataSet_01_058,BACH1,CLEC2L,0.0196,True
any,0,DataSet_01_059,BACH1,C16orf45,0.02358,True
any,0,DataSet_01_060,NFE2L2,SYT2,-0.99625,True
any,0,DataSet_01_068,TP53,AKR1A1,-0.47149,True
any,0,DataSet_01_071,ELF5,MIR4318,0.0,True
any,0,DataSet_01_073,ZNF148,C11orf63,0.05807,True
any,0,DataSet_01_074,CEBPD,FLJ45983,0.0,True
any,0,DataSet_01_075,CEBPZ,LOC80054,0.0,True
any,0,DataSet_01_076,ETS1,KMO,-0.09144,True
any,0,DataSet_01_077,FOXM1,KCNB1,-0.02417,True
any,0,DataSet_01_078,HSF2,AMZ2P1,-0.35983,True
any,0,DataSet_01_079,MITF,ACAD10,0.21663,True
any,0,DataSet_01_080,RELA,C8orf85,0.0,True
any,0,DataSet_01_081,SP1,ACSBG1,-0.07123,True
any,0,DataSet_01_082,SP100,PIK3R2,-0.27836,False
any,0,DataSet_01_083,STAT1,MIR204,0.0,True
any,0,DataSet_01_084,STAT3,PAPPA2,-0.1396,True
any,0,DataSet_01_085,STAT6,EPHA10,-0.03937,True
any,0,DataSet_01_086,HIF1A,NUP62CL,0.0,True
any,0,DataSet_01_088,FOXP1,S1PR5,0.1255,True
any,0,DataSet_01_089,NR2F2,IGLL5,0.3405,True
any,0,DataSet_01_090,NR2F2,LOC283688,0.0,True
any,0,DataSet_01_091,ETV6,ZNF92,0.06077,True
any,0,DataSet_01_094,NANOG,SLC4A7,-0.40337,True
any,0,DataSet_01_095,POU5F1,ZNF365,-0.01691,True
any,0,DataSet_01_096,SOX2,IER5,0.30176,True
any,0,DataSet_01_098,SALL4,POLR2J2,0.0,True
any,0,DataSet_01_099,FOS,VTN,-0.37797,True
any,0,DataSet_01_101,IRF6,PCA3,0.04917,True
any,0,DataSet_01_103,HNF1B,SPCS1,-0.13979,True
any,0,DataSet_01_105,FOXA1,POU4F3,-0.09399,True
any,0,DataSet_01_112,HSF1,PRR20A,0.0,True
any,0,DataSet_01_114,ARID1A,ILK,-0.24074,True
any,0,DataSet_01_117,ID1,TDG,0.63232,True
any,0,DataSet_01_118,ID1,CASC5,0.02184,True
any,0,DataSet_01_121,ZIC2,MYO1C,0.38283,True
any,0,DataSet_01_123,ZNF91,RAB4B,-0.09652,True
any,0,DataSet_01_127,ZNF254,SPTY2D1,-0.06267,False
any,0,DataSet_01_128,ZNF431,MIR19B2,0.0,False
any,0,DataSet_01_132,EGR4,HSPC157,0.0,True
any,0,DataSet_01_135,SPDEF,G0S2,-0.26274,True
any,0,DataSet_01_136,REST,KPNA1,0.0171,True
any,0,DataSet_01_138,IKZF1,LRRC17,-0.12865,True
any,0,DataSet_01_139,POLR3A,R3HDML,-1.05335,False
any,0,DataSet_01_142,LEF1,TMEM110,0.0192,True
any,0,DataSet_01_145,REST,BRD7P3,-0.14334,True
any,0,DataSet_01_147,EHF,UBR3,-0.20747,True
any,0,DataSet_01_148,MYBL2,MIR3180-1,0.0,True
any,0,DataSet_01_149,ETS2,HGC6.3,0.08333,True
any,0,DataSet_01_150,TFAP2C,PJA1,0.37689,True
any,0,DataSet_01_151,TEAD4,MTFMT,0.05751,True
any,0,DataSet_01_153,LIN28B,EMX2OS,-0.76364,False
any,0,DataSet_01_154,STAT1,GH1,0.33917,True
any,0,DataSet_01_155,HSF1,RAB19,0.0,True
any,0,DataSet_01_156,HIF1A,NEK2,-0.26605,True
any,0,DataSet_01_162,ELK1,MBTPS2,0.0,True
any,0,DataSet_01_164,JUN,GPR44,0.0,True
any,0,DataSet_01_165,MAF,RTL1,-0.00578,True
any,0,DataSet_01_166,NFATC3,INSL3,-0.39124,True
any,0,DataSet_01_168,STAT3,GNA15,-0.46302,True
any,0,DataSet_01_169,HOXB7,TMEM129,-0.6608,True
any,0,DataSet_01_170,HOXB7,EXOC7,-0.20279,True
any,0,DataSet_01_171,FOSL1,DKK1,0.71051,True
any,0,DataSet_01_173,ESRRG,PTPRA,0.0,True
any,0,DataSet_01_175,TP53,OR13C5,0.0,True
any,0,DataSet_01_176,NR2F2,ARX,0.03569,True
any,0,DataSet_01_177,NR2F2,C13orf18,0.0,True
any,0,DataSet_01_180,STAT3,HUS1B,-0.20825,True
any,0,DataSet_01_183,TP63,SNRPD2,-0.12486,True
any,0,DataSet_01_184,STAT3,JPH2,0.11067,True
any,0,DataSet_01_185,TCF4,SHCBP1,0.0,True
any,0,DataSet_01_189,SPDEF,GATAD2B,-0.14128,True
any,0,DataSet_01_192,AR,DTWD2,0.20031,True
any,0,DataSet_01_196,TP63,SLAMF7,1.31969,True
any,0,DataSet_01_198,TP63,TEDDM1,0.0,True
any,0,DataSet_01_200,TP63,C11orf2,0.0,True
any,0,DataSet_01_203,XBP1,ATXN7L1,0.42109,True
any,0,DataSet_01_204,XBP1,PINK1,0.69469,True
any,0,DataSet_01_211,REST,GPR151,0.53772,True
any,0,DataSet_01_213,SOX11,MTRR,0.06966,True
any,0,DataSet_01_214,BCLAF1,CD207,-0.24309,True
any,0,DataSet_01_217,TAL1,SUSD2,0.21161,True
any,0,DataSet_01_218,PTEN,LOC100133461,0.0,False
any,0,DataSet_01_220,HIF1A,TMEM216,0.02472,True
any,0,DataSet_01_222,KLF9,SLC24A6,-0.42381,True
any,0,DataSet_01_223,FOXM1,PRSS1,0.0,True
any,0,DataSet_01_224,HIF1A,DNAJA4,-0.58656,True
any,0,DataSet_01_226,KLF2,SBK1,1.3017,True
any,0,DataSet_01_228,HIF1A,ATE1,0.03473,True
any,0,DataSet_01_233,FOXA1,MT1A,0.07094,True
any,0,DataSet_01_238,NFYB,KCNIP2,0.18201,True
any,0,DataSet_01_244,ETS1,ZNF853,0.0,True
any,0,DataSet_01_246,TLX1,CT45A4,0.0,True
any,0,DataSet_01_247,GATA6,VHL,0.0,True
any,0,DataSet_01_248,SMAD2,C16orf91,0.0,True
any,0,DataSet_01_255,YBX1,OR13C4,0.0,True
any,0,DataSet_01_256,YBX1,MYST1,0.05889,True
any,0,DataSet_01_257,YBX1,TMEM90B,-0.12529,True
any,0,DataSet_01_258,YBX1,FLJ41350,0.0,True
any,0,DataSet_01_260,SOX4,TNFRSF14,0.17935,True
any,0,DataSet_01_261,NFKB2,PISRT1,0.0,True
any,0,DataSet_01_267,FOXO3,TMEM132A,-0.48409,True
any,0,DataSet_01_269,SIX4,CTAGE9,0.0,True
any,0,DataSet_01_276,PTEN,RRAS,0.01226,False
any,0,DataSet_01_277,SALL4,USP38,1.01443,True
any,0,DataSet_01_280,ESRRA,AS3MT,0.40593,True
any,0,DataSet_01_281,MSX1,HMGB1,-0.55085,True
any,0,DataSet_01_282,IRF7,OR7C1,0.02022,True
any,0,DataSet_01_283,AHR,C20orf94,0.0,True
any,0,DataSet_01_293,POSTN,MERTK,0.42686,False
any,0,DataSet_01_295,TFAP4,OR4D6,0.0,True
any,0,DataSet_01_299,SOX7,S1PR3,0.21734,True
any,0,DataSet_01_300,SOX17,TUBE1,-0.00584,True
any,0,DataSet_01_301,PTEN,KHNYN,0.28672,False
any,0,DataSet_01_302,PTEN,LILRB2,-0.96524,False
any,0,DataSet_01_303,PTEN,LOC643387,0.0,False
any,0,DataSet_01_304,ETV5,WDR72,0.00642,True
any,0,DataSet_01_305,HOXA5,CSF3,0.37007,True
any,0,DataSet_01_306,NR2E1,MAP4K5,-0.10641,True
any,0,DataSet_01_308,SOX9,ASB9P1,0.0,True
any,0,DataSet_01_309,SOX9,KRT38,-0.33936,True
any,0,DataSet_01_312,TFAP2C,VCL,0.26576,True
any,0,DataSet_01_313,OVOL2,OPA3,-0.20666,False
any,0,DataSet_01_318,ELK3,H2AFY,0.37474,True
any,0,DataSet_01_324,MYC,ZNF80,0.59627,True
any,0,DataSet_01_327,TP63,NOL3,-0.30241,True
any,0,DataSet_01_330,TP63,VPS52,0.09315,True
any,0,DataSet_01_332,TOX,ADRBK1,0.0,True
any,0,DataSet_01_333,HOXC6,LOC283038,0.0,True
any,0,DataSet_01_336,GRHL3,SOCS4,-0.08552,True
any,0,DataSet_01_337,REST,RPTN,-0.05162,True
any,0,DataSet_01_338,REST,KCTD14,0.0,True
any,0,DataSet_01_339,KLF4,MAMSTR,0.04421,True
any,0,DataSet_01_340,KLF7,KLHL20,-0.13987,True
any,0,DataSet_01_342,KLF7,MIR3126,0.25156,True
any,0,DataSet_01_347,GATA3,DNAH6,0.66469,True
any,0,DataSet_01_348,HIF1A,SH3D19,-0.1498,True
any,0,DataSet_01_349,SOX2,C10orf26,0.0,True
any,0,DataSet_01_354,ELK1,KIAA1737,-0.16426,True
any,0,DataSet_01_356,ETV4,FAM86B1,0.0,True
any,0,DataSet_01_357,CDX2,REG1P,0.0,True
any,0,DataSet_01_360,SOX17,RNY5,0.0,True
any,0,DataSet_02_001,DROSHA,PTCHD1,0.0,False
any,0,DataSet_02_007,PTBP1,TTTY11,0.0,False
any,0,DataSet_02_009,POLR2G,UBE2L6,0.13022,False
any,0,DataSet_02_012,SRSF4,COL6A3,0.78294,False
any,0,DataSet_02_013,SRSF9,C4orf40,0.0,False
any,0,DataSet_02_015,HOXB9,CAMKK1,-0.2333,True
any,0,DataSet_02_016,JUND,RBFA,0.0,True
any,0,DataSet_02_018,STAT2,ZFP37,-0.38333,True
any,0,DataSet_02_023,STAT1,TUBGCP5,0.36996,True
any,0,DataSet_02_025,USF2,PI15,0.42884,True
any,0,DataSet_02_026,USF1,ZCWPW2,-0.64092,True
any,0,DataSet_02_032,NFE2L1,TBL2,-0.15466,True
any,0,DataSet_02_033,TEAD2,ADH1A,0.0,True
any,0,DataSet_02_039,RELA,C6orf203,-0.04698,True
any,0,DataSet_02_040,TEAD4,SYTL2,-2.54057,True
any,0,DataSet_02_042,SP2,C12orf42,0.0,True
any,0,DataSet_02_044,ZC3H11A,ZNF385A,0.04544,False
any,0,DataSet_02_048,SMAD5,SNORD26,0.0,True
any,0,DataSet_02_051,HDAC8,WNK1,0.76705,False
any,0,DataSet_02_053,TLE2,HIST1H2AH,-0.53869,False
any,0,DataSet_02_054,ATF3,CCT2,0.55602,True
any,0,DataSet_02_055,DLX1,MIR10A,0.0,True
any,0,DataSet_02_058,HMBOX1,ZMAT5,0.15066,False
any,0,DataSet_02_061,RFX5,HNRNPH2,0.30945,True
any,0,DataSet_02_063,TRIM28,TMEM120B,-0.2271,True
any,0,DataSet_02_071,TFDP1,IGSF11,0.49139,True
any,0,DataSet_02_075,HMGA1,SNORD114-29,0.0,True
any,0,DataSet_02_078,SIX5,DMTF1,0.17633,False
any,0,DataSet_02_079,HMGN1,LOC729603,0.0,False
any,0,DataSet_02_082,ZBTB33,GLUD2,0.0,True
any,0,DataSet_02_088,ILF2,DNAJC5G,0.28379,False
any,0,DataSet_02_090,SRSF9,TMEM176A,0.0,False
any,0,DataSet_02_091,HNRNPK,SLC35F3,-2.80735,False
any,0,DataSet_02_096,HNRNPL,CCDC125,-0.29373,False
any,0,DataSet_02_097,U2AF1,TTI1,-0.44273,False
any,0,DataSet_02_099,PSIP1,ZFR,0.09642,False
any,0,DataSet_02_100,RBM17,FAAH2,0.0,False
any,0,DataSet_02_101,RBFOX2,KRT86,0.0,False
any,0,DataSet_02_103,FIP1L1,MIR4261,0.0,False
any,0,DataSet_02_104,HDGF,PDE1C,0.0,True
any,0,DataSet_02_105,U2AF2,LMAN2,0.20589,False
any,0,DataSet_02_107,SSB,CCS,0.53653,False
any,0,DataSet_02_108,ZNF622,UBB,-0.06805,False
any,0,DataSet_02_110,GTF2F1,PPP1CB,0.16369,False
any,0,DataSet_02_111,RBM39,ARC,1.0,False
any,0,DataSet_02_114,XRCC5,SNAR-C2,0.0,False
any,0,DataSet_02_115,PCBP1,RBP4,-0.44316,False
any,0,DataSet_02_117,SUB1,COL14A1,0.16993,False
any,0,DataSet_02_120,PTBP1,NUDT9P1,0.0,False
any,0,DataSet_02_121,RBM34,MARCH7,0.0,False
any,0,DataSet_02_123,PCBP2,ANAPC1,-0.3234,False
any,0,DataSet_02_124,FUS,TUBGCP4,0.0,False
any,0,DataSet_02_126,SNRNP70,RAB11FIP5,-0.08184,False
any,0,DataSet_02_128,PRPF4,FZR1,0.0,False
any,0,DataSet_02_130,POLR2G,ADRA1B,0.0,False
any,0,DataSet_02_131,PTBP1,C17orf108,0.0,False
any,0,DataSet_02_133,SRSF7,RPUSD3,0.21829,False
any,0,DataSet_02_136,HNRNPK,CD101,0.83954,False
any,0,DataSet_02_137,PCBP1,MFSD6,0.07311,False
any,0,DataSet_02_138,RBM17,TMEM8B,0.08202,False
any,0,DataSet_02_139,RBFOX2,TXNIP,0.21449,False
any,0,DataSet_02_140,TAF15,FAM108A1,0.0,False
any,0,DataSet_02_141,RBM34,BCL3,0.32009,False
any,0,DataSet_02_144,PTBP1,MAFF,0.20898,False
any,0,DataSet_02_145,DROSHA,SPERT,0.0,False
any,0,DataSet_02_147,FIP1L1,OR1L8,0.0,False
any,0,DataSet_02_148,ILF3,BCORP1,0.0,False
any,0,DataSet_02_151,RBM39,PBRM1,-0.65504,False
any,0,DataSet_02_152,ILF2,GSTA1,0.0,False
any,0,DataSet_02_154,SRSF4,DISC2,0.0,False
any,0,DataSet_02_155,FUS,KRTAP9-4,0.0,False
any,0,DataSet_02_156,HNRNPUL1,TCERG1L,0.0,False
any,0,DataSet_02_157,GTF2F1,ZBTB8B,0.0,False
any,0,DataSet_02_158,PSIP1,CCDC155,-0.32193,False
any,0,DataSet_02_159,XRCC5,MPO,1.80735,False
any,0,DataSet_02_160,HNRNPL,RUNDC1,0.32146,False
any,0,DataSet_02_161,SUB1,EPX,0.0,False
any,0,DataSet_02_164,SSB,FAM170A,0.0,False
any,0,DataSet_02_168,RBM22,DYM,0.0,False
any,0,DataSet_02_170,U2AF2,CYR61,0.71114,False
any,0,DataSet_02_172,ZFX,TMCO4,-0.22545,True
any,0,DataSet_02_175,LMNA,DEF6,-0.1174,False
any,0,DataSet_02_185,CTCF,DIRC1,0.0,True
any,0,DataSet_02_190,RAD21,C9orf152,0.0,False
any,0,DataSet_02_192,MAX,C9orf106,0.0,True
any,0,DataSet_02_195,LMNB1,SERBP1,0.03536,False
any,0,DataSet_02_206,ZFX,FBXW12,-0.54749,True
any,0,DataSet_03_002,AKT1,SLC35F5,0.2686127,False
any,0,DataSet_03_004,AR,NCDN,1.029524,True
any,0,DataSet_03_005,AR,SULT1B1,0.2867387,True
any,0,DataSet_03_007,AR,MIR922,0.0,True
any,0,DataSet_03_013,ARID1A,SAA3P,0.0,True
any,0,DataSet_03_017,ATF3,SLURP1,0.02659652,True
any,0,DataSet_03_018,ATF4,B4GALNT2,-0.1234462,True
any,0,DataSet_03_021,BAG1,MOGAT3,0.0,False
any,0,DataSet_03_022,BATF3,LOC100499177,0.0,False
any,0,DataSet_03_026,BCL6,FBXW4P1,0.2148363,True
any,0,DataSet_03_031,CASP8AP2,LOC100287216,0.0,False
any,0,DataSet_03_035,CCNB1,KIAA1257,0.053824,False
any,0,DataSet_03_049,CEBPB,LY6G6F,0.0,True
any,0,DataSet_03_056,CTCF,SNORA51,0.0,True
any,0,DataSet_03_059,CTNNB1,SNORD116-27,0.0,True
any,0,DataSet_03_060,E2F1,OR2L13,0.05129879,True
any,0,DataSet_03_063,E2F7,PSORS1C1,0.118516,True
any,0,DataSet_03_065,EP300,WWTR1,-0.6022229,True
any,0,DataSet_03_066,ERBB2,OR7E91P,0.0,False
any,0,DataSet_03_073,ETS1,HOXC4,-0.03214286,True
any,0,DataSet_03_074,ETS1,C12orf35,0.0,True
any,0,DataSet_03_075,ETV6,MIR711,0.0,True
any,0,DataSet_03_078,FLI1,DNAJC13,0.2225869,True
any,0,DataSet_03_080,FOXA1,NEFL,0.046484,True
any,0,DataSet_03_085,FOXD1,ALOX5AP,0.01274187,True
any,0,DataSet_03_087,FOXF2,SRSF7,-0.3511369,True
any,0,DataSet_03_089,FOXK1,VARS,-0.07940833,False
any,0,DataSet_03_090,FOXM1,CCL1,0.0,True
any,0,DataSet_03_091,FOXM1,SNORA70B,0.0,True
any,0,DataSet_03_093,FOXM1,KCNQ1DN,0.04202,True
any,0,DataSet_03_096,FOXO1,ARHGAP15,-0.01179694,True
any,0,DataSet_03_100,GATA2,TRAIP,0.2265745,True
any,0,DataSet_03_108,GATA6,USP15,0.0,True
any,0,DataSet_03_110,GATA6,ARHGDIG,-0.03654097,True
any,0,DataSet_03_113,GRHL3,NEBL,-0.370784,True
any,0,DataSet_03_114,HDAC3,SNORD114-7,0.0,True
any,0,DataSet_03_116,HES6,SIRPA,0.1527448,True
any,0,DataSet_03_117,HES6,KIAA2026,0.15327,True
any,0,DataSet_03_119,HIF1A,SURF6,0.234261,True
any,0,DataSet_03_122,HINFP,SNORD62B,0.0,True
any,0,DataSet_03_123,HINFP,C3orf66,0.0,True
any,0,DataSet_03_124,HMGA1,ACTR1A,0.1885125,True
any,0,DataSet_03_127,HOXB7,C1orf68,0.2998203,True
any,0,DataSet_03_128,HOXC4,HMGA2,0.1111938,False
any,0,DataSet_03_129,HSF1,C2orf54,0.0,True
any,0,DataSet_03_143,JUN,C10orf79,0.0,True
any,0,DataSet_03_148,KLF5,EPSTI1,-0.03452045,True
any,0,DataSet_03_149,KLF5,PCDHB2,0.2855247,True
any,0,DataSet_03_150,KLF5,MIR1910,0.0,True
any,0,DataSet_03_151,KLF5,FAM182B,0.0,True
any,0,DataSet_03_155,MAFB,VWA3B,0.1416667,True
any,0,DataSet_03_165,MITF,PRPF18,-0.1215688,True
any,0,DataSet_03_168,MITF,OR5M1,0.015101,True
any,0,DataSet_03_173,MYB,UTS2D,0.1675,True
any,0,DataSet_03_178,MYC,SH3BP1,0.001568699,True
any,0,DataSet_03_189,NCOA1,C9orf53,0.0,True
any,0,DataSet_03_190,NCOA2,APEH,0.0,True
any,0,DataSet_03_191,NCOA3,TACSTD2,0.0,True
any,0,DataSet_03_192,NCOR1,KCTD20,-0.09632697,True
any,0,DataSet_03_199,NMI,AVPR2,0.552374,False
any,0,DataSet_03_200,NPAT,LOC646851,0.0,False
any,0,DataSet_03_201,NPAT,IFNA13,0.188202,False
any,0,DataSet_03_202,NR2F2,L3MBTL3,-0.2506046,True
any,0,DataSet_03_205,PARK7,KRTAP5-6,0.0,True
any,0,DataSet_03_207,PBX1,GALNT13,-0.133527,True
any,0,DataSet_03_208,PBX1,LRRK1,-0.1378537,True
any,0,DataSet_03_209,PBX1,LXN,-0.3061135,True
any,0,DataSet_03_211,PHB,ZNF223,-0.1595556,False
any,0,DataSet_03_214,PPARG,PPP1R16B,0.33,True
any,0,DataSet_03_217,PRRX1,SELM,-0.650173,True
any,0,DataSet_03_220,RBL2,ACPP,-0.1548137,False
any,0,DataSet_03_221,RCHY1,FUT6,0.0,False
any,0,DataSet_03_222,RELA,ZNF471,-0.2142857,True
any,0,DataSet_03_223,RELA,FAM129C,0.09404762,True
any,0,DataSet_03_225,RELB,MEPCE,-0.0951175,True
any,0,DataSet_03_228,REST,SYT16,0.1547657,True
any,0,DataSet_03_229,SATB1,ORAI1,-0.07950555,True
any,0,DataSet_03_232,SKP2,THBD,-0.03880433,False
any,0,DataSet_03_235,SMARCA4,CES5A,0.0,True
any,0,DataSet_03_236,SMARCC1,METT11D1,0.0,True
any,0,DataSet_03_237,SOX11,OR6C74,0.3074811,True
any,0,DataSet_03_238,SOX11,GSS,0.1663205,True
any,0,DataSet_03_239,SOX11,MUC12,0.03045459,True
any,0,DataSet_03_241,SOX2,ZNF792,-0.1435741,True
any,0,DataSet_03_242,SOX2,RFNG,-0.1172767,True
any,0,DataSet_03_244,SOX2,GAS6,0.362926,True
any,0,DataSet_03_246,SOX4,BAZ1A,-0.1116065,True
any,0,DataSet_03_249,SP1,COG2,0.06231932,True
any,0,DataSet_03_251,SP1,FAM162B,-0.3714899,True
any,0,DataSet_03_253,SPIB,TGIF2,-0.013495,True
any,0,DataSet_03_255,SSRP1,FAM151A,0.0,True
any,0,DataSet_03_256,STAT1,SMOX,-0.1340027,True
any,0,DataSet_03_258,STAT3,FAM182A,1.715387,True
any,0,DataSet_03_259,STAT3,PHPT1,0.1380097,True
any,0,DataSet_03_260,STAT3,MIR221,0.0,True
any,0,DataSet_03_261,STAT3,WRNIP1,-0.3683292,True
any,0,DataSet_03_262,STAT3,MRPL9,0.0,True
any,0,DataSet_03_264,STAT6,TTTY7,-0.5474878,True
any,0,DataSet_03_267,TCF7L1,YDJC,0.01398813,True
any,0,DataSet_03_271,TET2,RNF5,0.075915,False
any,0,DataSet_03_273,TET3,OR4A5,-0.123525,False
any,0,DataSet_03_274,TFAP2C,SVIL,0.5979056,True
any,0,DataSet_03_275,TFE3,ZNF846,0.0,True
any,0,DataSet_03_277,TP53,EFNB1,-0.07785267,True
any,0,DataSet_03_284,TWIST2,MPP6,-0.05725545,True
any,0,DataSet_03_287,ZHX2,CCDC162,0.0,True
any,0,DataSet_03_294,ZNF750,C20orf27,0.6594975,False
any,0,DataSet_04_002,CDC5L,PIH1D2,-0.6966079,False
any,0,DataSet_04_003,CHCHD3,ARRDC1,0.1332436,False
any,0,DataSet_04_004,CIZ1,PTPRK,1.0,False
any,0,DataSet_04_006,DDX59,SNORD109B,0.0,False
any,0,DataSet_04_010,FUBP1,CHD4,-0.4544802,False
any,0,DataSet_04_011,FUBP3,PLXNB2,-0.1264417,False
any,0,DataSet_04_012,MARK2,IRX4,0.0,False
any,0,DataSet_04_015,NKRF,TMEM185B,0.0,True
any,0,DataSet_04_016,NUP35,TRAP1,0.1614371,False
any,0,DataSet_04_018,RPS3,MYH7B,-1.561879,False
any,0,DataSet_04_019,SMAD2,MOSC2,0.0,True
any,0,DataSet_04_020,SMAD4,PSRC1,-0.07975153,True
any,0,DataSet_04_022,STAT1,MYLK4,0.5145732,True
any,0,DataSet_04_024,YBX1,RNF145,0.01149055,True
any,0,DataSet_04_026,ANXA2,CRY1,0.1903653,False
any,0,DataSet_04_028,CIZ1,SF3B2,-0.1107814,False
any,0,DataSet_04_032,FUBP1,MIR21,0.0,False
any,0,DataSet_04_036,SMAD2,RPL13AP5,-0.02164421,True
any,0,DataSet_04_037,SMAD4,MIR181B2,0.0,True
any,0,DataSet_04_039,SRPK2,FRS3,-0.1566892,False
any,0,DataSet_04_041,YBX1,C15orf60,0.0,True
any,1,DataSet_01_006,PROX1,LOC606724,0.0,True
any,1,DataSet_01_007,NR2F2,MFAP2,0.11507,True
any,1,DataSet_01_008,WT1,RPRD1B,0.02764,True
any,1,DataSet_01_010,TP53,VWA3B,-0.32052,True
any,1,DataSet_01_011,TP53,ANXA8L1,0.0,True
any,1,DataSet_01_012,FLI1,CCDC80,0.0,True
any,1,DataSet_01_013,FLI1,SNORD115-11,0.0,True
any,1,DataSet_01_014,FLI1,VPS37D,0.0,True
any,1,DataSet_01_015,FLI1,EIF2AK3,0.87776,True
any,1,DataSet_01_016,FLI1,GABRP,0.0,True
any,1,DataSet_01_017,ERG,TBC1D10B,0.02667,True
any,1,DataSet_01_018,YY1,KPRP,0.0,True
any,1,DataSet_01_021,STAT1,FAM175A,-0.0925,True
any,1,DataSet_01_025,MITF,SNORD32B,0.0,True
any,1,DataSet_01_026,PAX3,EPB49,0.0,True
any,1,DataSet_01_027,PAX3,KDM6B,0.277,True
any,1,DataSet_01_029,ATM,PABPC1P2,0.0,False
any,1,DataSet_01_030,RELA,MIR598,0.0,True
any,1,DataSet_01_031,TP53,C14orf156,0.0,True
any,1,DataSet_01_033,ATF3,AMN1,-0.51264,True
any,1,DataSet_01_034,EGR3,TAF4,-0.22408,True
any,1,DataSet_01_036,ETV1,RPL34,-0.26486,True
any,1,DataSet_01_037,TP53,SPAG11A,-0.74427,True
any,1,DataSet_01_038,TP53,MIR3944,0.0,True
any,1,DataSet_01_042,POU5F1,SNORA39,0.0,True
any,1,DataSet_01_043,CBFB,GNL3L,0.01131,False
any,1,DataSet_01_044,MYB,LOC100287718,0.0,True
any,1,DataSet_01_045,PRDM14,SIDT1,0.16163,False
any,1,DataSet_01_049,STAT3,C8orf74,0.0,True
any,1,DataSet_01_051,RARA,FOXD4,0.0,True
any,1,DataSet_01_053,TFAP2C,C9orf100,0.0,True
any,1,DataSet_01_058,BACH1,LOC100289230,0.1542,True
any,1,DataSet_01_059,BACH1,ZNF234,0.0,True
any,1,DataSet_01_060,NFE2L2,CAPZA2,-0.78075,True
any,1,DataSet_01_068,TP53,IGFL2,0.95039,True
any,1,DataSet_01_071,ELF5,KCNAB2,-0.0866,True
any,1,DataSet_01_073,ZNF148,TNNI2,-0.00899,True
any,1,DataSet_01_074,CEBPD,CXADRP3,0.0,True
any,1,DataSet_01_075,CEBPZ,MAS1L,0.18213,True
any,1,DataSet_01_076,ETS1,ETNK2,-0.55888,True
any,1,DataSet_01_077,FOXM1,AHNAK2,-0.37067,True
any,1,DataSet_01_078,HSF2,RP2,-0.12905,True
any,1,DataSet_01_079,MITF,BAG3,-0.81638,True
any,1,DataSet_01_080,RELA,FAM75A3,0.0,True
any,1,DataSet_01_081,SP1,MAOB,-0.39766,True
any,1,DataSet_01_082,SP100,LRP4,0.36208,False
any,1,DataSet_01_083,STAT1,C5orf52,0.0,True
any,1,DataSet_01_084,STAT3,ZNF358,-0.27989,True
any,1,DataSet_01_085,STAT6,RNU5E,0.0,True
any,1,DataSet_01_086,HIF1A,XYLT2,0.1672,True
any,1,DataSet_01_088,FOXP1,C17orf59,0.05007,True
any,1,DataSet_01_089,NR2F2,RALGPS1,0.16554,True
any,1,DataSet_01_090,NR2F2,FGFR3,0.20404,True
any,1,DataSet_01_091,ETV6,MIR4312,0.0,True
any,1,DataSet_01_094,NANOG,TTTY19,0.0,True
any,1,DataSet_01_095,POU5F1,FAM3C,-0.24676,True
any,1,DataSet_01_096,SOX2,RAP2A,-0.12444,True
any,1,DataSet_01_098,SALL4,CEACAM8,0.34618,True
any,1,DataSet_01_099,FOS,GIMAP6,-0.07865,True
any,1,DataSet_01_101,IRF6,ZFP14,-0.2166,True
any,1,DataSet_01_103,HNF1B,KLHL5,0.68379,True
any,1,DataSet_01_105,FOXA1,MIOS,-0.54843,True
any,1,DataSet_01_112,HSF1,FGFR1,0.08299,True
any,1,DataSet_01_114,ARID1A,C5orf25,-0.04371,True
any,1,DataSet_01_117,ID1,KRT25,0.0,True
any,1,DataSet_01_118,ID1,OR13J1,0.0,True
any,1,DataSet_01_121,ZIC2,LOC113230,-0.20447,True
any,1,DataSet_01_123,ZNF91,SEMA5B,0.21566,True
any,1,DataSet_01_127,ZNF254,HIST2H4B,0.0,False
any,1,DataSet_01_128,ZNF431,NUCB2,0.01749,False
any,1,DataSet_01_132,EGR4,SDCCAG8,0.12853,True
any,1,DataSet_01_135,SPDEF,TRPV1,0.0,True
any,1,DataSet_01_136,REST,KRTAP12-3,0.0,True
any,1,DataSet_01_138,IKZF1,AQP11,0.44983,True
any,1,DataSet_01_139,POLR3A,QSOX2,-0.00482,False
any,1,DataSet_01_142,LEF1,MIR30B,0.0,True
any,1,DataSet_01_145,REST,TBX5,0.05231,True
any,1,DataSet_01_147,EHF,LOC253573,0.0,True
any,1,DataSet_01_148,MYBL2,HOPX,-0.05528,True
any,1,DataSet_01_149,ETS2,BAGE5,0.0,True
any,1,DataSet_01_150,TFAP2C,LOC149950,-0.02379,True
any,1,DataSet_01_151,TEAD4,OTUD3,0.01505,True
any,1,DataSet_01_153,LIN28B,SCGN,0.0,False
any,1,DataSet_01_154,STAT1,STAR,-0.77923,True
any,1,DataSet_01_155,HSF1,DCTN1,-0.17507,True
any,1,DataSet_01_156,HIF1A,NDUFS5,-0.01962,True
any,1,DataSet_01_162,ELK1,SLC46A3,1.17543,True
any,1,DataSet_01_164,JUN,ERI1,1.21225,True
any,1,DataSet_01_165,MAF,GSTK1,2.61267,True
any,1,DataSet_01_166,NFATC3,SPATA6,-0.10966,True
any,1,DataSet_01_168,STAT3,NAA40,0.46823,True
any,1,DataSet_01_169,HOXB7,MEIS2,0.05992,True
any,1,DataSet_01_170,HOXB7,PKN3,-0.33421,True
any,1,DataSet_01_171,FOSL1,METTL11B,0.0,True
any,1,DataSet_01_173,ESRRG,ZNF37A,0.0,True
any,1,DataSet_01_175,TP53,RPL26L1,-0.19849,True
any,1,DataSet_01_176,NR2F2,ATP13A1,0.30322,True
any,1,DataSet_01_177,NR2F2,CCNO,0.0,True
any,1,DataSet_01_180,STAT3,MIR519A1,0.0,True
any,1,DataSet_01_183,TP63,SNORA71D,0.0,True
any,1,DataSet_01_184,STAT3,BIK,-0.21548,True
any,1,DataSet_01_185,TCF4,POC1B,0.0,True
any,1,DataSet_01_189,SPDEF,RSBN1L,0.01722,True
any,1,DataSet_01_192,AR,SHD,0.01759,True
any,1,DataSet_01_196,TP63,TCERG1L,0.0,True
any,1,DataSet_01_198,TP63,CRB3,0.0,True
any,1,DataSet_01_200,TP63,MIRLET7A3,0.0,True
any,1,DataSet_01_203,XBP1,SLC37A4,-0.42616,True
any,1,DataSet_01_204,XBP1,HGS,-0.59905,True
any,1,DataSet_01_211,REST,CRABP2,0.36939,True
any,1,DataSet_01_213,SOX11,LOC729013,0.0,True
any,1,DataSet_01_214,BCLAF1,C11orf96,0.25703,True
any,1,DataSet_01_217,TAL1,DEFB123,-0.15238,True
any,1,DataSet_01_218,PTEN,STMN3,0.0,False
any,1,DataSet_01_220,HIF1A,PHOSPHO1,0.12078,True
any,1,DataSet_01_222,KLF9,SYCP3,0.04197,True
any,1,DataSet_01_223,FOXM1,SPATA9,0.0,True
any,1,DataSet_01_224,HIF1A,TEK,0.17421,True
any,1,DataSet_01_226,KLF2,G6PC3,-0.39492,True
any,1,DataSet_01_228,HIF1A,LOC441046,0.0,True
any,1,DataSet_01_233,FOXA1,OBSL1,0.26572,True
any,1,DataSet_01_238,NFYB,FAM185A,0.0,True
any,1,DataSet_01_244,ETS1,TSPAN14,-0.24663,True
any,1,DataSet_01_246,TLX1,ACO1,0.08724,True
any,1,DataSet_01_247,GATA6,SPAG8,0.01114,True
any,1,DataSet_01_248,SMAD2,PAK4,0.0,True
any,1,DataSet_01_255,YBX1,ELTD1,0.02482,True
any,1,DataSet_01_256,YBX1,RAB25,0.08518,True
any,1,DataSet_01_257,YBX1,KIAA1267,0.6141,True
any,1,DataSet_01_258,YBX1,SORBS3,-0.0116,True
any,1,DataSet_01_260,SOX4,ZRANB2,-0.08006,True
any,1,DataSet_01_261,NFKB2,FAM86A,0.06057,True
any,1,DataSet_01_267,FOXO3,LOC401242,-0.15434,True
any,1,DataSet_01_269,SIX4,DCUN1D2,0.14072,True
any,1,DataSet_01_276,PTEN,PPP1R14B,-0.15708,False
any,1,DataSet_01_277,SALL4,OSBP,-0.18657,True
any,1,DataSet_01_280,ESRRA,SPRY1,-0.14142,True
any,1,DataSet_01_281,MSX1,SLC4A9,-0.05213,True
any,1,DataSet_01_282,IRF7,ZNF234,0.0,True
any,1,DataSet_01_283,AHR,YY1AP1,-0.0248,True
any,1,DataSet_01_293,POSTN,TMEM214,0.66556,False
any,1,DataSet_01_295,TFAP4,CD244,-2.3916,True
any,1,DataSet_01_299,SOX7,ARHGAP27,-0.03838,True
any,1,DataSet_01_300,SOX17,LONRF2,-1.51853,True
any,1,DataSet_01_301,PTEN,GSTO2,0.07323,False
any,1,DataSet_01_302,PTEN,TMEM209,0.05211,False
any,1,DataSet_01_303,PTEN,SLC25A20,0.44852,False
any,1,DataSet_01_304,ETV5,KNCN,0.11141,True
any,1,DataSet_01_305,HOXA5,MXI1,0.10591,True
any,1,DataSet_01_306,NR2E1,NCRNA00219,0.7722,True
any,1,DataSet_01_308,SOX9,TMEM140,0.74634,True
any,1,DataSet_01_309,SOX9,ALG14,0.38148,True
any,1,DataSet_01_312,TFAP2C,LSM11,0.0,True
any,1,DataSet_01_313,OVOL2,PKLR,0.51388,False
any,1,DataSet_01_318,ELK3,LOC100288428,0.0,True
any,1,DataSet_01_324,MYC,TSNAX-DISC1,0.0,True
any,1,DataSet_01_327,TP63,VWA5B1,-0.06016,True
any,1,DataSet_01_330,TP63,SNORD18B,0.0,True
any,1,DataSet_01_332,TOX,LOC338739,0.0,True
any,1,DataSet_01_333,HOXC6,TLE6,0.08141,True
any,1,DataSet_01_336,GRHL3,BRI3,-0.0907,True
any,1,DataSet_01_337,REST,PDZD7,0.02509,True
any,1,DataSet_01_338,REST,FAM109A,0.12599,True
any,1,DataSet_01_339,KLF4,EEF1A1P9,0.0,True
any,1,DataSet_01_340,KLF7,PLP1,-0.32277,True
any,1,DataSet_01_342,KLF7,SCARNA18,0.54193,True
any,1,DataSet_01_347,GATA3,TMED3,-0.14055,True
any,1,DataSet_01_348,HIF1A,DAXX,-0.4518,True
any,1,DataSet_01_349,SOX2,TBX10,-0.02694,True
any,1,DataSet_01_354,ELK1,SNORD89,0.0,True
any,1,DataSet_01_356,ETV4,GALNT9,0.11926,True
any,1,DataSet_01_357,CDX2,BAIAP2L2,-0.19226,True
any,1,DataSet_01_360,SOX17,SCRT1,-0.01523,True
any,1,DataSet_02_001,DROSHA,SNORD116-27,0.0,False
any,1,DataSet_02_007,PTBP1,LOC283392,0.0,False
any,1,DataSet_02_009,POLR2G,CETN2,0.0,False
any,1,DataSet_02_012,SRSF4,CCL16,0.0,False
any,1,DataSet_02_013,SRSF9,HSPB6,0.4344,False
any,1,DataSet_02_015,HOXB9,RPS6KB1,0.20704,True
any,1,DataSet_02_016,JUND,GATSL3,-1.20658,True
any,1,DataSet_02_018,STAT2,ANKRD31,1.73697,True
any,1,DataSet_02_023,STAT1,PPL,-0.01862,True
any,1,DataSet_02_025,USF2,RNASEH2A,0.14922,True
any,1,DataSet_02_026,USF1,CLUAP1,-0.19265,True
any,1,DataSet_02_032,NFE2L1,MOGAT1,0.0,True
any,1,DataSet_02_033,TEAD2,ISOC2,-0.50966,True
any,1,DataSet_02_039,RELA,MAPKBP1,0.32287,True
any,1,DataSet_02_040,TEAD4,ACAP2,0.0,True
any,1,DataSet_02_042,SP2,OR5M8,0.0,True
any,1,DataSet_02_044,ZC3H11A,ETV2,-0.93064,False
any,1,DataSet_02_048,SMAD5,MIR933,0.0,True
any,1,DataSet_02_051,HDAC8,KLHL7,-0.132,False
any,1,DataSet_02_053,TLE2,NRIP2,0.13871,False
any,1,DataSet_02_054,ATF3,C21orf131,0.0,True
any,1,DataSet_02_055,DLX1,HLA-DRB5,0.0,True
any,1,DataSet_02_058,HMBOX1,OR5AS1,0.0,False
any,1,DataSet_02_061,RFX5,SCAI,0.70917,True
any,1,DataSet_02_063,TRIM28,IFITM2,0.72515,True
any,1,DataSet_02_071,TFDP1,ALG14,0.0,True
any,1,DataSet_02_075,HMGA1,RANBP2,0.09454,True
any,1,DataSet_02_078,SIX5,MC5R,0.0,False
any,1,DataSet_02_079,HMGN1,PCDHGB8P,0.0,False
any,1,DataSet_02_082,ZBTB33,CDRT4,-0.2635,True
any,1,DataSet_02_088,ILF2,LACTB,0.1139,False
any,1,DataSet_02_090,SRSF9,TIGD2,0.02534,False
any,1,DataSet_02_091,HNRNPK,TAS1R1,-0.09954,False
any,1,DataSet_02_096,HNRNPL,GATA6,0.21178,False
any,1,DataSet_02_097,U2AF1,OR52K1,0.0,False
any,1,DataSet_02_099,PSIP1,C13orf27,0.0,False
any,1,DataSet_02_100,RBM17,SMAD7,0.04505,False
any,1,DataSet_02_101,RBFOX2,FAM109B,0.0,False
any,1,DataSet_02_103,FIP1L1,GRIK5,-2.58496,False
any,1,DataSet_02_104,HDGF,ZBTB46,0.55751,True
any,1,DataSet_02_105,U2AF2,MIR505,0.0,False
any,1,DataSet_02_107,SSB,TCP10L,0.0,False
any,1,DataSet_02_108,ZNF622,CSN1S2AP,0.0,False
any,1,DataSet_02_110,GTF2F1,RRAD,2.07039,False
any,1,DataSet_02_111,RBM39,ZNF837,0.52083,False
any,1,DataSet_02_114,XRCC5,C10orf12,0.69114,False
any,1,DataSet_02_115,PCBP1,EAF1,0.09336,False
any,1,DataSet_02_117,SUB1,CCM2,-0.23322,False
any,1,DataSet_02_120,PTBP1,EPB41L4B,0.56918,False
any,1,DataSet_02_121,RBM34,GABBR2,0.0,False
any,1,DataSet_02_123,PCBP2,BRF1,0.13814,False
any,1,DataSet_02_124,FUS,TMEM66,0.0,False
any,1,DataSet_02_126,SNRNP70,EPHB4,-0.3038,False
any,1,DataSet_02_128,PRPF4,TSTA3,-0.81465,False
any,1,DataSet_02_130,POLR2G,S100A16,0.15704,False
any,1,DataSet_02_131,PTBP1,CKAP2L,0.0,False
any,1,DataSet_02_133,SRSF7,PRDM9,-0.14018,False
any,1,DataSet_02_136,HNRNPK,SDPR,0.21916,False
any,1,DataSet_02_137,PCBP1,CAB39,0.12006,False
any,1,DataSet_02_138,RBM17,CACNA2D2,0.19931,False
any,1,DataSet_02_139,RBFOX2,HTR2B,0.0,False
any,1,DataSet_02_140,TAF15,BHLHE41,0.0,False
any,1,DataSet_02_141,RBM34,KLHL34,0.0,False
any,1,DataSet_02_144,PTBP1,LOC729177,0.0,False
any,1,DataSet_02_145,DROSHA,PGM5,-1.0,False
any,1,DataSet_02_147,FIP1L1,MTL5,0.0,False
any,1,DataSet_02_148,ILF3,LOC144571,0.0,False
any,1,DataSet_02_151,RBM39,DEFB132,0.0,False
any,1,DataSet_02_152,ILF2,NCKAP1,0.35289,False
any,1,DataSet_02_154,SRSF4,LOC100500938,0.0,False
any,1,DataSet_02_155,FUS,SPATA3,0.0,False
any,1,DataSet_02_156,HNRNPUL1,PRG3,-1.1375,False
any,1,DataSet_02_157,GTF2F1,RARG,-0.17447,False
any,1,DataSet_02_158,PSIP1,MTHFD1,-0.26913,False
any,1,DataSet_02_159,XRCC5,HMGA1,-0.16406,False
any,1,DataSet_02_160,HNRNPL,FAM83F,0.0,False
any,1,DataSet_02_161,SUB1,LOC100131067,0.0,False
any,1,DataSet_02_164,SSB,MTHFD2L,0.13545,False
any,1,DataSet_02_168,RBM22,HNRPLL,0.0,False
any,1,DataSet_02_170,U2AF2,CCL28,0.0,False
any,1,DataSet_02_172,ZFX,C2orf55,0.0,True
any,1,DataSet_02_175,LMNA,ARHGEF4,-2.94486,False
any,1,DataSet_02_185,CTCF,CX3CL1,0.0,True
any,1,DataSet_02_190,RAD21,KCTD17,0.3204,False
any,1,DataSet_02_192,MAX,FANCL,0.0,True
any,1,DataSet_02_195,LMNB1,CLK1,0.05243,False
any,1,DataSet_02_206,ZFX,GALNT12,-0.51974,True
any,1,DataSet_03_002,AKT1,PTPRF,0.137956,False
any,1,DataSet_03_004,AR,GAGE2D,0.0,True
any,1,DataSet_03_005,AR,TSLP,0.02724484,True
any,1,DataSet_03_007,AR,MYEOV,-0.05682,True
any,1,DataSet_03_013,ARID1A,CBX8,0.0,True
any,1,DataSet_03_017,ATF3,ZGPAT,-0.1020804,True
any,1,DataSet_03_018,ATF4,THEM4,-0.2741089,True
any,1,DataSet_03_021,BAG1,SEC24B,0.0,False
any,1,DataSet_03_022,BATF3,CDK4,-0.07431867,False
any,1,DataSet_03_026,BCL6,SKIV2L,0.09112033,True
any,1,DataSet_03_031,CASP8AP2,PRKD1,-0.3900878,False
any,1,DataSet_03_035,CCNB1,RS1,0.07016033,False
any,1,DataSet_03_049,CEBPB,PTMS,0.5050235,True
any,1,DataSet_03_056,CTCF,NFKBIE,0.0,True
any,1,DataSet_03_059,CTNNB1,GRID2,0.0,True
any,1,DataSet_03_060,E2F1,TRY6,0.0,True
any,1,DataSet_03_063,E2F7,ZNF354A,0.097346,True
any,1,DataSet_03_065,EP300,PPBPL2,0.0,True
any,1,DataSet_03_066,ERBB2,HHEX,0.2314513,False
any,1,DataSet_03_073,ETS1,MAPK12,-0.125,True
any,1,DataSet_03_074,ETS1,MORF4L1,-0.0625,True
any,1,DataSet_03_075,ETV6,C10orf119,0.0,True
any,1,DataSet_03_078,FLI1,C15orf57,-0.0299315,True
any,1,DataSet_03_080,FOXA1,LRRC8E,0.04310702,True
any,1,DataSet_03_085,FOXD1,MPHOSPH10,0.03247799,True
any,1,DataSet_03_087,FOXF2,DCAF11,-0.1149242,True
any,1,DataSet_03_089,FOXK1,EXOC3L2,0.05458333,False
any,1,DataSet_03_090,FOXM1,CAMTA2,0.0,True
any,1,DataSet_03_091,FOXM1,TRPA1,-0.08746284,True
any,1,DataSet_03_093,FOXM1,MCOLN2,-0.125865,True
any,1,DataSet_03_096,FOXO1,FAM18B2,-0.3788885,True
any,1,DataSet_03_100,GATA2,SH2D3C,0.4366702,True
any,1,DataSet_03_108,GATA6,WWP1,-0.3437506,True
any,1,DataSet_03_110,GATA6,FKBP1AP1,0.0,True
any,1,DataSet_03_113,GRHL3,TMEM81,-0.245884,True
any,1,DataSet_03_114,HDAC3,SCARNA23,0.0,True
any,1,DataSet_03_116,HES6,SLC17A4,0.0778235,True
any,1,DataSet_03_117,HES6,MIR205,0.0,True
any,1,DataSet_03_119,HIF1A,TRAPPC5,-0.2406873,True
any,1,DataSet_03_122,HINFP,CCT6B,0.194011,True
any,1,DataSet_03_123,HINFP,C15orf32,0.054142,True
any,1,DataSet_03_124,HMGA1,ZBTB3,-0.0159895,True
any,1,DataSet_03_127,HOXB7,LSM7,0.182927,True
any,1,DataSet_03_128,HOXC4,KANK4,0.1659943,False
any,1,DataSet_03_129,HSF1,RBM28,0.0238885,True
any,1,DataSet_03_143,JUN,FKBP5,0.09211242,True
any,1,DataSet_03_148,KLF5,OR8B2,0.0,True
any,1,DataSet_03_149,KLF5,SRP68,-0.03190346,True
any,1,DataSet_03_150,KLF5,SLC39A5,-0.4068547,True
any,1,DataSet_03_151,KLF5,C9orf102,0.0,True
any,1,DataSet_03_155,MAFB,ZEB2,-0.01666667,True
any,1,DataSet_03_165,MITF,RDH14,-0.079054,True
any,1,DataSet_03_168,MITF,PRELP,0.0006760954,True
any,1,DataSet_03_173,MYB,COX4I1,-0.125,True
any,1,DataSet_03_178,MYC,TTC4,-0.4066932,True
any,1,DataSet_03_189,NCOA1,INTS8,0.0,True
any,1,DataSet_03_190,NCOA2,USP2,0.0,True
any,1,DataSet_03_191,NCOA3,DNAJC24,0.0,True
any,1,DataSet_03_192,NCOR1,C17orf96,0.001310597,True
any,1,DataSet_03_199,NMI,SPEM1,0.6537293,False
any,1,DataSet_03_200,NPAT,NAPG,0.193567,False
any,1,DataSet_03_201,NPAT,ING1,0.5042355,False
any,1,DataSet_03_202,NR2F2,ZNF20,0.0,True
any,1,DataSet_03_205,PARK7,ZNF160,0.0,True
any,1,DataSet_03_207,PBX1,ADAM15,-0.02536275,True
any,1,DataSet_03_208,PBX1,OR2A25,-0.1373823,True
any,1,DataSet_03_209,PBX1,SLC9A5,-0.113233,True
any,1,DataSet_03_211,PHB,PPP2CA,-0.05585932,False
any,1,DataSet_03_214,PPARG,NLK,-0.06666667,True
any,1,DataSet_03_217,PRRX1,MIR135A2,0.0,True
any,1,DataSet_03_220,RBL2,MIR34A,-0.263188,False
any,1,DataSet_03_221,RCHY1,FUT9,0.0,False
any,1,DataSet_03_222,RELA,CCDC59,-0.2642857,True
any,1,DataSet_03_223,RELA,IRX4,-0.008333333,True
any,1,DataSet_03_225,RELB,PRAMEF16,0.1589187,True
any,1,DataSet_03_228,REST,USP15,0.2198128,True
any,1,DataSet_03_229,SATB1,YPEL4,-0.04202378,True
any,1,DataSet_03_232,SKP2,CTSD,-0.7025387,False
any,1,DataSet_03_235,SMARCA4,ANKK1,0.0,True
any,1,DataSet_03_236,SMARCC1,ZNF596,0.0,True
any,1,DataSet_03_237,SOX11,PIP4K2B,-0.7286408,True
any,1,DataSet_03_238,SOX11,RRAS,0.7993142,True
any,1,DataSet_03_239,SOX11,SNAR-A3,0.0,True
any,1,DataSet_03_241,SOX2,HIST1H1A,-0.0367858,True
any,1,DataSet_03_242,SOX2,TAGAP,-0.01796667,True
any,1,DataSet_03_244,SOX2,OTUD7A,-0.0664838,True
any,1,DataSet_03_246,SOX4,PA2G4,-0.2485941,True
any,1,DataSet_03_249,SP1,IFNA21,-0.1172422,True
any,1,DataSet_03_251,SP1,GSC,-1.219473,True
any,1,DataSet_03_253,SPIB,IFNG,-0.049553,True
any,1,DataSet_03_255,SSRP1,PTPN21,0.0,True
any,1,DataSet_03_256,STAT1,MBIP,-0.184339,True
any,1,DataSet_03_258,STAT3,AIPL1,-0.05330884,True
any,1,DataSet_03_259,STAT3,AEN,-0.07347667,True
any,1,DataSet_03_260,STAT3,CRHR1,-0.1324037,True
any,1,DataSet_03_261,STAT3,LYZ,0.001909861,True
any,1,DataSet_03_262,STAT3,NKAPP1,0.0,True
any,1,DataSet_03_264,STAT6,ZG16B,-2.286523,True
any,1,DataSet_03_267,TCF7L1,SERPINA11,0.1078503,True
any,1,DataSet_03_271,TET2,FBN3,0.11199,False
any,1,DataSet_03_273,TET3,MGC23284,0.0,False
any,1,DataSet_03_274,TFAP2C,RNF44,0.1572513,True
any,1,DataSet_03_275,TFE3,TJP1,0.01360962,True
any,1,DataSet_03_277,TP53,LMAN2L,0.040603,True
any,1,DataSet_03_284,TWIST2,PUSL1,0.05095747,True
any,1,DataSet_03_287,ZHX2,CYP4V2,0.0,True
any,1,DataSet_03_294,ZNF750,LOC257358,0.0,False
any,1,DataSet_04_002,CDC5L,TOM1L1,-0.3578399,False
any,1,DataSet_04_003,CHCHD3,IFT46,-0.1628791,False
any,1,DataSet_04_004,CIZ1,AFAP1,1.156869,False
any,1,DataSet_04_006,DDX59,SIGLEC7,0.0,False
any,1,DataSet_04_010,FUBP1,FOXE1,0.0,False
any,1,DataSet_04_011,FUBP3,LGR6,0.3388019,False
any,1,DataSet_04_012,MARK2,ZSCAN5A,-0.5884395,False
any,1,DataSet_04_015,NKRF,IL21R,-2.807355,True
any,1,DataSet_04_016,NUP35,ETFDH,-0.3929858,False
any,1,DataSet_04_018,RPS3,DNMT1,-0.1357889,False
any,1,DataSet_04_019,SMAD2,SSH3,0.7655347,True
any,1,DataSet_04_020,SMAD4,DCP1B,0.1635667,True
any,1,DataSet_04_022,STAT1,NPAS4,0.0,True
any,1,DataSet_04_024,YBX1,DPYSL4,0.0,True
any,1,DataSet_04_026,ANXA2,SLC6A16,0.0,False
any,1,DataSet_04_028,CIZ1,PZP,1.070389,False
any,1,DataSet_04_032,FUBP1,OR4X1,0.0,False
any,1,DataSet_04_036,SMAD2,KRT5,0.0,True
any,1,DataSet_04_037,SMAD4,HIST2H3C,0.0,True
any,1,DataSet_04_039,SRPK2,VSTM1,0.0,False
any,1,DataSet_04_041,YBX1,RTN2,-0.4605694,True
any,2,DataSet_01_006,PROX1,SPACA1,-0.56683,True
any,2,DataSet_01_007,NR2F2,ESRP2,0.0,True
any,2,DataSet_01_008,WT1,C2orf44,0.10316,True
any,2,DataSet_01_010,TP53,FLJ40504,-0.47554,True
any,2,DataSet_01_011,TP53,KIAA1486,0.0,True
any,2,DataSet_01_012,FLI1,SNAR-C1,0.0,True
any,2,DataSet_01_013,FLI1,LOC100189589,0.0,True
any,2,DataSet_01_014,FLI1,C17orf55,0.0,True
any,2,DataSet_01_015,FLI1,GPR115,0.0,True
any,2,DataSet_01_016,FLI1,NKPD1,0.0,True
any,2,DataSet_01_017,ERG,SMYD3,-0.48487,True
any,2,DataSet_01_018,YY1,RAX2,0.043,True
any,2,DataSet_01_021,STAT1,ZNF727,0.0,True
any,2,DataSet_01_025,MITF,COX4I2,0.12708,True
any,2,DataSet_01_026,PAX3,TGIF2LY,0.0,True
any,2,DataSet_01_027,PAX3,ATP2C2,-0.28734,True
any,2,DataSet_01_029,ATM,MMP11,0.22584,False
any,2,DataSet_01_030,RELA,FAM195B,0.0,True
any,2,DataSet_01_031,TP53,CTSG,0.07465,True
any,2,DataSet_01_033,ATF3,PDE4DIP,-0.2814,True
any,2,DataSet_01_034,EGR3,FRG2,0.0,True
any,2,DataSet_01_036,ETV1,MPP1,0.02571,True
any,2,DataSet_01_037,TP53,ERI3,-0.28113,True
any,2,DataSet_01_038,TP53,CD1D,0.07,True
any,2,DataSet_01_042,POU5F1,RNU86,0.0,True
any,2,DataSet_01_043,CBFB,LAPTM5,-1.21681,False
any,2,DataSet_01_044,MYB,PLGLB2,0.0,True
any,2,DataSet_01_045,PRDM14,PIGH,0.58743,False
any,2,DataSet_01_049,STAT3,VCAN,0.66966,True
any,2,DataSet_01_051,RARA,KNCN,0.20091,True
any,2,DataSet_01_053,TFAP2C,DEFB115,0.0,True
any,2,DataSet_01_058,BACH1,OR5AS1,0.0,True
any,2,DataSet_01_059,BACH1,UCHL3,0.0,True
any,2,DataSet_01_060,NFE2L2,ZCCHC24,0.09627,True
any,2,DataSet_01_068,TP53,TAS2R30,0.0,True
any,2,DataSet_01_071,ELF5,PNPT1,0.10527,True
any,2,DataSet_01_073,ZNF148,IFIT1,-0.19712,True
any,2,DataSet_01_074,CEBPD,INSL4,0.0,True
any,2,DataSet_01_075,CEBPZ,AQP3,-0.01339,True
any,2,DataSet_01_076,ETS1,CORO2A,0.20503,True
any,2,DataSet_01_077,FOXM1,GPATCH3,-0.17051,True
any,2,DataSet_01_078,HSF2,GTF2H2B,0.0,True
any,2,DataSet_01_079,MITF,MYOF,-0.34469,True
any,2,DataSet_01_080,RELA,METTL14,0.23755,True
any,2,DataSet_01_081,SP1,PPP1R14A,0.23254,True
any,2,DataSet_01_082,SP100,TMEM149,0.0,False
any,2,DataSet_01_083,STAT1,TERF1,-0.20808,True
any,2,DataSet_01_084,STAT3,SELE,-0.20366,True
any,2,DataSet_01_085,STAT6,ZNF226,0.0,True
any,2,DataSet_01_086,HIF1A,GCKR,0.00562,True
any,2,DataSet_01_088,FOXP1,TPD52L1,0.4676,True
any,2,DataSet_01_089,NR2F2,TTN,-0.23588,True
any,2,DataSet_01_090,NR2F2,DHRS1,0.23848,True
any,2,DataSet_01_091,ETV6,LOC440173,0.0,True
any,2,DataSet_01_094,NANOG,MSN,-0.06148,True
any,2,DataSet_01_095,POU5F1,PPP2R1B,0.05123,True
any,2,DataSet_01_096,SOX2,PRKCQ,-0.01375,True
any,2,DataSet_01_098,SALL4,C21orf96,0.0,True
any,2,DataSet_01_099,FOS,LOC647310,0.0,True
any,2,DataSet_01_101,IRF6,C20orf197,-0.68393,True
any,2,DataSet_01_103,HNF1B,WNT4,-0.08878,True
any,2,DataSet_01_105,FOXA1,CTTN,-0.55396,True
any,2,DataSet_01_112,HSF1,LOC100131801,0.0,True
any,2,DataSet_01_114,ARID1A,TIMP3,-0.15694,True
any,2,DataSet_01_117,ID1,MIR1470,0.0,True
any,2,DataSet_01_118,ID1,PLSCR3,0.0,True
any,2,DataSet_01_121,ZIC2,MAP3K15,0.0,True
any,2,DataSet_01_123,ZNF91,SSPO,0.0,True
any,2,DataSet_01_127,ZNF254,NEFL,0.07611,False
any,2,DataSet_01_128,ZNF431,PACSIN3,0.40374,False
any,2,DataSet_01_132,EGR4,LOC100289650,0.0,True
any,2,DataSet_01_135,SPDEF,KCNQ1DN,0.07227,True
any,2,DataSet_01_136,REST,NECAP1,-0.09582,True
any,2,DataSet_01_138,IKZF1,MIR103-2,0.0,True
any,2,DataSet_01_139,POLR3A,SH2B2,0.12157,False
any,2,DataSet_01_142,LEF1,NECAB2,0.01801,True
any,2,DataSet_01_145,REST,LOC440905,0.0,True
any,2,DataSet_01_147,EHF,SYNJ1,0.0,True
any,2,DataSet_01_148,MYBL2,DCAF15,0.07071,True
any,2,DataSet_01_149,ETS2,LGALS4,-0.06667,True
any,2,DataSet_01_150,TFAP2C,LRRC25,0.0411,True
any,2,DataSet_01_151,TEAD4,TMEM168,0.05524,True
any,2,DataSet_01_153,LIN28B,LILRB1,0.0,False
any,2,DataSet_01_154,STAT1,NUDT16P1,-0.34569,True
any,2,DataSet_01_155,HSF1,BZW1,-0.00659,True
any,2,DataSet_01_156,HIF1A,SNORD57,-0.05377,True
any,2,DataSet_01_162,ELK1,LOC100127983,0.40084,True
any,2,DataSet_01_164,JUN,MANF,1.36136,True
any,2,DataSet_01_165,MAF,C1D,-6.49837,True
any,2,DataSet_01_166,NFATC3,PPP1R14C,0.17096,True
any,2,DataSet_01_168,STAT3,OR5AC2,0.21625,True
any,2,DataSet_01_169,HOXB7,GPR89C,0.0,True
any,2,DataSet_01_170,HOXB7,SCARNA9L,0.0,True
any,2,DataSet_01_171,FOSL1,MIR1539,0.0,True
any,2,DataSet_01_173,ESRRG,ATP6V1C2,-0.46156,True
any,2,DataSet_01_175,TP53,DDR1,0.0,True
any,2,DataSet_01_176,NR2F2,EPSTI1,-0.03771,True
any,2,DataSet_01_177,NR2F2,C1orf21,0.0,True
any,2,DataSet_01_180,STAT3,MAPKAPK3,-0.10238,True
any,2,DataSet_01_183,TP63,APOD,3.08659,True
any,2,DataSet_01_184,STAT3,MIR1468,0.0,True
any,2,DataSet_01_185,TCF4,PROCR,0.44703,True
any,2,DataSet_01_189,SPDEF,MYO5A,0.24553,True
any,2,DataSet_01_192,AR,LOC147646,-0.06744,True
any,2,DataSet_01_196,TP63,FAM104B,0.0,True
any,2,DataSet_01_198,TP63,TMEM64,0.0,True
any,2,DataSet_01_200,TP63,GGTLC2,-0.14608,True
any,2,DataSet_01_203,XBP1,SOD1,-0.19856,True
any,2,DataSet_01_204,XBP1,LMX1B,0.2399,True
any,2,DataSet_01_211,REST,IL12B,0.0,True
any,2,DataSet_01_213,SOX11,PPP1R3G,0.0,True
any,2,DataSet_01_214,BCLAF1,ZNF12,0.0968,True
any,2,DataSet_01_217,TAL1,SH3BGRL3,0.34705,True
any,2,DataSet_01_218,PTEN,NDUFAF1,0.0,False
any,2,DataSet_01_220,HIF1A,C21orf70,0.0,True
any,2,DataSet_01_222,KLF9,SAP30L,-0.16346,True
any,2,DataSet_01_223,FOXM1,SH3BP2,0.10408,True
any,2,DataSet_01_224,HIF1A,KCP,0.0,True
any,2,DataSet_01_226,KLF2,HIST3H2BB,0.0,True
any,2,DataSet_01_228,HIF1A,CSMD2,-0.02617,True
any,2,DataSet_01_233,FOXA1,ZNF37A,0.0,True
any,2,DataSet_01_238,NFYB,CILP,-0.13022,True
any,2,DataSet_01_244,ETS1,LYZL4,0.0,True
any,2,DataSet_01_246,TLX1,CNOT8,0.25572,True
any,2,DataSet_01_247,GATA6,SH3YL1,0.0,True
any,2,DataSet_01_248,SMAD2,NOL6,-0.23738,True
any,2,DataSet_01_255,YBX1,CDKL3,-0.1435,True
any,2,DataSet_01_256,YBX1,C3orf45,0.0,True
any,2,DataSet_01_257,YBX1,C19orf45,0.0,True
any,2,DataSet_01_258,YBX1,AHRR,-0.05266,True
any,2,DataSet_01_260,SOX4,STX16,0.19802,True
any,2,DataSet_01_261,NFKB2,SNTB2,-0.03182,True
any,2,DataSet_01_267,FOXO3,IER5,-0.05396,True
any,2,DataSet_01_269,SIX4,C1orf156,0.0,True
any,2,DataSet_01_276,PTEN,FAM54B,-0.06387,False
any,2,DataSet_01_277,SALL4,LOC100133957,0.0,True
any,2,DataSet_01_280,ESRRA,MIR412,0.0,True
any,2,DataSet_01_281,MSX1,LRRC8E,-1.56774,True
any,2,DataSet_01_282,IRF7,OFD1,0.02956,True
any,2,DataSet_01_283,AHR,OPHN1,0.0409,True
any,2,DataSet_01_293,POSTN,OR2A20P,0.0,False
any,2,DataSet_01_295,TFAP4,MBNL1,-1.27756,True
any,2,DataSet_01_299,SOX7,LOC100129066,0.0,True
any,2,DataSet_01_300,SOX17,ULBP2,-0.11966,True
any,2,DataSet_01_301,PTEN,SNORA7B,0.0,False
any,2,DataSet_01_302,PTEN,RP2,0.30545,False
any,2,DataSet_01_303,PTEN,ATP2B2,-0.0747,False
any,2,DataSet_01_304,ETV5,MUC4,0.05649,True
any,2,DataSet_01_305,HOXA5,THAP9,0.0,True
any,2,DataSet_01_306,NR2E1,OBP2A,0.0,True
any,2,DataSet_01_308,SOX9,CREB3L3,1.48958,True
any,2,DataSet_01_309,SOX9,MDGA1,-1.62399,True
any,2,DataSet_01_312,TFAP2C,MIR595,-0.06389,True
any,2,DataSet_01_313,OVOL2,ZBTB22,0.28184,False
any,2,DataSet_01_318,ELK3,MIR572,0.0,True
any,2,DataSet_01_324,MYC,DKFZP586I1420,0.20384,True
any,2,DataSet_01_327,TP63,C2orf52,0.0,True
any,2,DataSet_01_330,TP63,PPAP2A,-0.17499,True
any,2,DataSet_01_332,TOX,ZNF500,0.27851,True
any,2,DataSet_01_333,HOXC6,MIR99B,0.0,True
any,2,DataSet_01_336,GRHL3,C19orf69,0.0,True
any,2,DataSet_01_337,REST,ARHGAP23,0.10815,True
any,2,DataSet_01_338,REST,SETDB1,-0.10908,True
any,2,DataSet_01_339,KLF4,FLJ12825,0.0,True
any,2,DataSet_01_340,KLF7,LOXL1,-0.02824,True
any,2,DataSet_01_342,KLF7,TUBE1,0.0,True
any,2,DataSet_01_347,GATA3,ELN,0.30817,True
any,2,DataSet_01_348,HIF1A,SGSM1,0.15936,True
any,2,DataSet_01_349,SOX2,C14orf109,0.0,True
any,2,DataSet_01_354,ELK1,ADAMTS3,0.24013,True
any,2,DataSet_01_356,ETV4,ANPEP,-0.09899,True
any,2,DataSet_01_357,CDX2,FLJ25328,0.0,True
any,2,DataSet_01_360,SOX17,LOC731275,-0.12034,True
any,2,DataSet_02_001,DROSHA,ACTN3,-0.70044,False
any,2,DataSet_02_007,PTBP1,NTAN1,-0.03355,False
any,2,DataSet_02_009,POLR2G,SNORD28,0.0,False
any,2,DataSet_02_012,SRSF4,MCM3AP,-0.01123,False
any,2,DataSet_02_013,SRSF9,C2orf7,0.0,False
any,2,DataSet_02_015,HOXB9,SNORD115-3,0.0,True
any,2,DataSet_02_016,JUND,ATP8B1,-0.72247,True
any,2,DataSet_02_018,STAT2,MERTK,-0.31271,True
any,2,DataSet_02_023,STAT1,ZNF414,0.14987,True
any,2,DataSet_02_025,USF2,HIST1H1B,2.11165,True
any,2,DataSet_02_026,USF1,LOC100129148,0.0,True
any,2,DataSet_02_032,NFE2L1,EMILIN2,0.0,True
any,2,DataSet_02_033,TEAD2,GCN1L1,-0.64316,True
any,2,DataSet_02_039,RELA,DTX3L,-0.226,True
any,2,DataSet_02_040,TEAD4,ASB1,-0.9997,True
any,2,DataSet_02_042,SP2,RGS3,-0.848,True
any,2,DataSet_02_044,ZC3H11A,IMPDH1,0.22498,False
any,2,DataSet_02_048,SMAD5,ZWINT,0.0,True
any,2,DataSet_02_051,HDAC8,HMP19,0.0,False
any,2,DataSet_02_053,TLE2,SFPQ,-0.149,False
any,2,DataSet_02_054,ATF3,MIR181D,0.0,True
any,2,DataSet_02_055,DLX1,OR2F1,0.0,True
any,2,DataSet_02_058,HMBOX1,ACER3,0.0,False
any,2,DataSet_02_061,RFX5,TAS2R8,0.0,True
any,2,DataSet_02_063,TRIM28,CCNT1,0.50174,True
any,2,DataSet_02_071,TFDP1,XKRX,-0.89308,True
any,2,DataSet_02_075,HMGA1,CYTH3,0.22667,True
any,2,DataSet_02_078,SIX5,LILRB5,0.32193,False
any,2,DataSet_02_079,HMGN1,SCRG1,0.0,False
any,2,DataSet_02_082,ZBTB33,FOLH1,0.0,True
any,2,DataSet_02_088,ILF2,EPHX2,-0.20856,False
any,2,DataSet_02_090,SRSF9,NUDT10,0.0,False
any,2,DataSet_02_091,HNRNPK,ABCF1,0.53184,False
any,2,DataSet_02_096,HNRNPL,FBN2,2.0,False
any,2,DataSet_02_097,U2AF1,PLA2G2F,-0.73697,False
any,2,DataSet_02_099,PSIP1,TRAF3IP2,0.45107,False
any,2,DataSet_02_100,RBM17,LOC340515,0.0,False
any,2,DataSet_02_101,RBFOX2,YARS2,0.19298,False
any,2,DataSet_02_103,FIP1L1,FCGRT,-0.97809,False
any,2,DataSet_02_104,HDGF,AVPR1B,0.0,True
any,2,DataSet_02_105,U2AF2,PMS2P11,0.0,False
any,2,DataSet_02_107,SSB,CYP4F2,3.02713,False
any,2,DataSet_02_108,ZNF622,ZNF133,-0.16178,False
any,2,DataSet_02_110,GTF2F1,MPZL2,0.18984,False
any,2,DataSet_02_111,RBM39,XRRA1,-0.47216,False
any,2,DataSet_02_114,XRCC5,SCN1B,0.30812,False
any,2,DataSet_02_115,PCBP1,PPDPF,0.46173,False
any,2,DataSet_02_117,SUB1,BAZ2A,0.15233,False
any,2,DataSet_02_120,PTBP1,SPATA19,0.0,False
any,2,DataSet_02_121,RBM34,COL6A5,0.0,False
any,2,DataSet_02_123,PCBP2,C14orf33,0.0,False
any,2,DataSet_02_124,FUS,LOC148413,0.12235,False
any,2,DataSet_02_126,SNRNP70,C2orf70,0.0,False
any,2,DataSet_02_128,PRPF4,PIAS2,-0.12679,False
any,2,DataSet_02_130,POLR2G,ZNF346,-0.42833,False
any,2,DataSet_02_131,PTBP1,TNIP3,0.0,False
any,2,DataSet_02_133,SRSF7,TUBE1,-0.00359,False
any,2,DataSet_02_136,HNRNPK,TARBP1,-0.29584,False
any,2,DataSet_02_137,PCBP1,ECM1,-0.22344,False
any,2,DataSet_02_138,RBM17,SLC16A8,0.0,False
any,2,DataSet_02_139,RBFOX2,EIF3H,-0.22698,False
any,2,DataSet_02_140,TAF15,ATG16L2,0.21399,False
any,2,DataSet_02_141,RBM34,SCGN,-1.0,False
any,2,DataSet_02_144,PTBP1,ZNF227,0.0,False
any,2,DataSet_02_145,DROSHA,SMEK2,-0.18446,False
any,2,DataSet_02_147,FIP1L1,NUMBL,0.2443,False
any,2,DataSet_02_148,ILF3,WT1,-0.33588,False
any,2,DataSet_02_151,RBM39,C14orf177,0.0,False
any,2,DataSet_02_152,ILF2,C2CD3,-0.18337,False
any,2,DataSet_02_154,SRSF4,ENDOG,-0.19474,False
any,2,DataSet_02_155,FUS,BMP8A,0.0,False
any,2,DataSet_02_156,HNRNPUL1,OPRK1,0.0,False
any,2,DataSet_02_157,GTF2F1,ARFGAP1,0.02881,False
any,2,DataSet_02_158,PSIP1,IL17D,0.0,False
any,2,DataSet_02_159,XRCC5,MFAP2,0.0,False
any,2,DataSet_02_160,HNRNPL,LOC100129716,0.0,False
any,2,DataSet_02_161,SUB1,NFIB,-1.31504,False
any,2,DataSet_02_164,SSB,SLC47A2,0.0,False
any,2,DataSet_02_168,RBM22,TMBIM6,0.24709,False
any,2,DataSet_02_170,U2AF2,SNORD115-37,0.0,False
any,2,DataSet_02_172,ZFX,RPL26L1,0.24483,True
any,2,DataSet_02_175,LMNA,MIR548F1,0.0,False
any,2,DataSet_02_185,CTCF,NDUFS5,-0.03991,True
any,2,DataSet_02_190,RAD21,SLC12A6,0.75967,False
any,2,DataSet_02_192,MAX,LOC400940,0.0,True
any,2,DataSet_02_195,LMNB1,KCNK7,0.76393,False
any,2,DataSet_02_206,ZFX,SNORD45C,0.0,True
any,2,DataSet_03_002,AKT1,ZNF154,0.1027387,False
any,2,DataSet_03_004,AR,IER5,-0.5032874,True
any,2,DataSet_03_005,AR,NOVA1,0.1401777,True
any,2,DataSet_03_007,AR,ARL17A,0.0,True
any,2,DataSet_03_013,ARID1A,ZCCHC7,0.0,True
any,2,DataSet_03_017,ATF3,SLFN13,-0.05715842,True
any,2,DataSet_03_018,ATF4,ARHGEF5,-0.3585836,True
any,2,DataSet_03_021,BAG1,IDH3A,0.0,False
any,2,DataSet_03_022,BATF3,THUMPD1,-0.06142967,False
any,2,DataSet_03_026,BCL6,OR5E1P,0.6833417,True
any,2,DataSet_03_031,CASP8AP2,MMS22L,-0.2912461,False
any,2,DataSet_03_035,CCNB1,C5orf58,0.05169133,False
any,2,DataSet_03_049,CEBPB,PTPN2,-0.06707393,True
any,2,DataSet_03_056,CTCF,OR2M2,0.0,True
any,2,DataSet_03_059,CTNNB1,CRHR2,0.0,True
any,2,DataSet_03_060,E2F1,LOC728276,0.0,True
any,2,DataSet_03_063,E2F7,MIR572,0.0860605,True
any,2,DataSet_03_065,EP300,MMP15,0.0,True
any,2,DataSet_03_066,ERBB2,FCGR3B,-0.06629033,False
any,2,DataSet_03_073,ETS1,MEFV,0.08392857,True
any,2,DataSet_03_074,ETS1,C20orf79,0.0,True
any,2,DataSet_03_075,ETV6,NBEAL2,0.1903,True
any,2,DataSet_03_078,FLI1,ABCD3,0.1913537,True
any,2,DataSet_03_080,FOXA1,AKR1CL1,0.07797057,True
any,2,DataSet_03_085,FOXD1,TP53INP1,-0.3468749,True
any,2,DataSet_03_087,FOXF2,SNORD115-40,0.0,True
any,2,DataSet_03_089,FOXK1,PILRB,-0.03882167,False
any,2,DataSet_03_090,FOXM1,LOC647107,0.0,True
any,2,DataSet_03_091,FOXM1,CXorf38,0.0,True
any,2,DataSet_03_093,FOXM1,KRTAP6-2,0.99621,True
any,2,DataSet_03_096,FOXO1,EPHB4,1.076445,True
any,2,DataSet_03_100,GATA2,CPLX3,0.3194765,True
any,2,DataSet_03_108,GATA6,LOC340515,0.0,True
any,2,DataSet_03_110,GATA6,MIR21,0.0,True
any,2,DataSet_03_113,GRHL3,SNORA55,0.1711737,True
any,2,DataSet_03_114,HDAC3,MIR3678,0.0,True
any,2,DataSet_03_116,HES6,C6orf114,0.0,True
any,2,DataSet_03_117,HES6,C6orf136,0.0,True
any,2,DataSet_03_119,HIF1A,ZCCHC9,0.2002783,True
any,2,DataSet_03_122,HINFP,CCL5,0.104653,True
any,2,DataSet_03_123,HINFP,UTY,-0.105995,True
any,2,DataSet_03_124,HMGA1,OR6Q1,0.0,True
any,2,DataSet_03_127,HOXB7,EDA2R,0.003258333,True
any,2,DataSet_03_128,HOXC4,L1TD1,-0.06992137,False
any,2,DataSet_03_129,HSF1,OTOF,-0.213564,True
any,2,DataSet_03_143,JUN,NKX3-2,0.0,True
any,2,DataSet_03_148,KLF5,HIST1H2AB,0.3136483,True
any,2,DataSet_03_149,KLF5,ILDR1,0.7410601,True
any,2,DataSet_03_150,KLF5,PRDM11,0.3135417,True
any,2,DataSet_03_151,KLF5,OR51A7,0.0,True
any,2,DataSet_03_155,MAFB,C14orf43,-0.04,True
any,2,DataSet_03_165,MITF,RABGGTB,-0.1831325,True
any,2,DataSet_03_168,MITF,LOC401164,0.0,True
any,2,DataSet_03_173,MYB,SRA1,-0.08333333,True
any,2,DataSet_03_178,MYC,NCRNA00160,0.0,True
any,2,DataSet_03_189,NCOA1,MIR3613,0.0,True
any,2,DataSet_03_190,NCOA2,OR2K2,0.0,True
any,2,DataSet_03_191,NCOA3,IGLL5,0.0,True
any,2,DataSet_03_192,NCOR1,PPP1R1A,0.2065916,True
any,2,DataSet_03_199,NMI,FOXB1,-0.519785,False
any,2,DataSet_03_200,NPAT,TMEM14E,0.0,False
any,2,DataSet_03_201,NPAT,PRSS21,-0.0042505,False
any,2,DataSet_03_202,NR2F2,DUSP9,-0.8517545,True
any,2,DataSet_03_205,PARK7,TFF1,0.0,True
any,2,DataSet_03_207,PBX1,CD8B,0.1212465,True
any,2,DataSet_03_208,PBX1,TSPY4,0.0,True
any,2,DataSet_03_209,PBX1,INMT-FAM188B,0.0,True
any,2,DataSet_03_211,PHB,HOXB5,0.2352447,False
any,2,DataSet_03_214,PPARG,MSH5,-0.2683333,True
any,2,DataSet_03_217,PRRX1,AKAP1,-0.414601,True
any,2,DataSet_03_220,RBL2,XKRY2,0.0,False
any,2,DataSet_03_221,RCHY1,SRSF10,0.0,False
any,2,DataSet_03_222,RELA,PSPH,0.01428571,True
any,2,DataSet_03_223,RELA,C1orf216,-0.1035714,True
any,2,DataSet_03_225,RELB,RGPD6,0.0,True
any,2,DataSet_03_228,REST,ICAM1,0.07484375,True
any,2,DataSet_03_229,SATB1,ZMIZ2,0.1195149,True
any,2,DataSet_03_232,SKP2,SELO,-0.5167477,False
any,2,DataSet_03_235,SMARCA4,FAM106A,0.0,True
any,2,DataSet_03_236,SMARCC1,CTNND1,0.3834543,True
any,2,DataSet_03_237,SOX11,ERCC3,-0.2456896,True
any,2,DataSet_03_238,SOX11,NANOS1,0.7446446,True
any,2,DataSet_03_239,SOX11,KLRF2,0.0,True
any,2,DataSet_03_241,SOX2,LOC100240735,0.0,True
any,2,DataSet_03_242,SOX2,FKBP9,0.3577667,True
any,2,DataSet_03_244,SOX2,TBL1XR1,-0.6832554,True
any,2,DataSet_03_246,SOX4,PCDH12,0.2895066,True
any,2,DataSet_03_249,SP1,BEST4,-0.4550164,True
any,2,DataSet_03_251,SP1,WBP4,0.6578262,True
any,2,DataSet_03_253,SPIB,ABCB8,-0.0725745,True
any,2,DataSet_03_255,SSRP1,CDADC1,-0.4536,True
any,2,DataSet_03_256,STAT1,CLDN23,0.2720967,True
any,2,DataSet_03_258,STAT3,MIR1227,0.0,True
any,2,DataSet_03_259,STAT3,SNORD115-42,0.0,True
any,2,DataSet_03_260,STAT3,PLEKHB1,-0.2335317,True
any,2,DataSet_03_261,STAT3,C12orf71,0.0,True
any,2,DataSet_03_262,STAT3,LYRM5,0.0,True
any,2,DataSet_03_264,STAT6,MORN5,-1.906891,True
any,2,DataSet_03_267,TCF7L1,TRIM49L2,0.0,True
any,2,DataSet_03_271,TET2,DHDPSL,0.0,False
any,2,DataSet_03_273,TET3,RFPL4B,0.034745,False
any,2,DataSet_03_274,TFAP2C,LEPREL4,0.04984517,True
any,2,DataSet_03_275,TFE3,THOP1,-0.003886189,True
any,2,DataSet_03_277,TP53,SLK,0.4141527,True
any,2,DataSet_03_284,TWIST2,C3orf21,0.0,True
any,2,DataSet_03_287,ZHX2,FAM117A,0.0,True
any,2,DataSet_03_294,ZNF750,CSF3,-0.39577,False
any,2,DataSet_04_002,CDC5L,CLIC3,0.0,False
any,2,DataSet_04_003,CHCHD3,BCL2L1,-0.01380244,False
any,2,DataSet_04_004,CIZ1,SPDYE8P,0.0,False
any,2,DataSet_04_006,DDX59,SNORD56B,0.0,False
any,2,DataSet_04_010,FUBP1,LCE2D,0.0,False
any,2,DataSet_04_011,FUBP3,YPEL1,-0.06369468,False
any,2,DataSet_04_012,MARK2,RPP14,-0.6757381,False
any,2,DataSet_04_015,NKRF,ADCK5,2.114944,True
any,2,DataSet_04_016,NUP35,PLEKHA4,0.02187324,False
any,2,DataSet_04_018,RPS3,SIK2,0.0,False
any,2,DataSet_04_019,SMAD2,POLR3H,0.09353317,True
any,2,DataSet_04_020,SMAD4,RASL11A,-1.296617,True
any,2,DataSet_04_022,STAT1,MIR514B,0.0,True
any,2,DataSet_04_024,YBX1,TPP2,-0.243056,True
any,2,DataSet_04_026,ANXA2,YJEFN3,0.1338732,False
any,2,DataSet_04_028,CIZ1,FAM136B,0.0,False
any,2,DataSet_04_032,FUBP1,FAM160A1,-0.8827844,False
any,2,DataSet_04_036,SMAD2,PTPRN,-0.2223924,True
any,2,DataSet_04_037,SMAD4,DNAJC5G,0.0,True
any,2,DataSet_04_039,SRPK2,DRAM2,-0.128433,False
any,2,DataSet_04_041,YBX1,NME7,0.4463909,True
any,3,DataSet_01_006,PROX1,SMCR5,-0.28749,True
any,3,DataSet_01_007,NR2F2,C14orf149,0.0,True
any,3,DataSet_01_008,WT1,CMTM6,0.09417,True
any,3,DataSet_01_010,TP53,DPY19L2P4,0.60383,True
any,3,DataSet_01_011,TP53,CNPY3,0.0,True
any,3,DataSet_01_012,FLI1,SLC35B4,0.0,True
any,3,DataSet_01_013,FLI1,TBC1D15,-0.27643,True
any,3,DataSet_01_014,FLI1,NADK,-1.1516,True
any,3,DataSet_01_015,FLI1,APRT,-1.85032,True
any,3,DataSet_01_016,FLI1,C18orf26,0.0,True
any,3,DataSet_01_017,ERG,GOSR2,0.04906,True
any,3,DataSet_01_018,YY1,LAS1L,0.1368,True
any,3,DataSet_01_021,STAT1,OR10A7,0.0,True
any,3,DataSet_01_025,MITF,LOC728643,0.0,True
any,3,DataSet_01_026,PAX3,EYA1,-0.11702,True
any,3,DataSet_01_027,PAX3,CDX2,0.42063,True
any,3,DataSet_01_029,ATM,PPM1D,-0.50952,False
any,3,DataSet_01_030,RELA,REG3A,0.0,True
any,3,DataSet_01_031,TP53,ANKRD55,0.0,True
any,3,DataSet_01_033,ATF3,C3orf77,0.0,True
any,3,DataSet_01_034,EGR3,LOC100272216,0.0,True
any,3,DataSet_01_036,ETV1,INPP5J,0.0,True
any,3,DataSet_01_037,TP53,TMC8,0.21355,True
any,3,DataSet_01_038,TP53,MIR106A,0.0,True
any,3,DataSet_01_042,POU5F1,KLHL15,-0.08764,True
any,3,DataSet_01_043,CBFB,KSR2,-0.1635,False
any,3,DataSet_01_044,MYB,PHF19,0.0,True
any,3,DataSet_01_045,PRDM14,NCL,-0.66237,False
any,3,DataSet_01_049,STAT3,CKMT1B,0.0,True
any,3,DataSet_01_051,RARA,RGL2,0.10548,True
any,3,DataSet_01_053,TFAP2C,RPS4Y1,0.0,True
any,3,DataSet_01_058,BACH1,WFIKKN1,-0.04302,True
any,3,DataSet_01_059,BACH1,SH3KBP1,0.01993,True
any,3,DataSet_01_060,NFE2L2,FARS2,-0.7547,True
any,3,DataSet_01_068,TP53,GEMIN5,0.3549,True
any,3,DataSet_01_071,ELF5,PARP16,-0.32103,True
any,3,DataSet_01_073,ZNF148,PBX4,0.0,True
any,3,DataSet_01_074,CEBPD,PRAMEF17,0.0,True
any,3,DataSet_01_075,CEBPZ,TBC1D15,-0.06928,True
any,3,DataSet_01_076,ETS1,FGF9,-0.03329,True
any,3,DataSet_01_077,FOXM1,UOX,0.0,True
any,3,DataSet_01_078,HSF2,ABCA10,0.0,True
any,3,DataSet_01_079,MITF,C10orf113,0.06395,True
any,3,DataSet_01_080,RELA,ZNF100,0.17281,True
any,3,DataSet_01_081,SP1,UTY,0.0,True
any,3,DataSet_01_082,SP100,FLJ40292,0.0,False
any,3,DataSet_01_083,STAT1,CCDC115,0.12254,True
any,3,DataSet_01_084,STAT3,GALNT1,0.18768,True
any,3,DataSet_01_085,STAT6,ARHGEF1,0.29064,True
any,3,DataSet_01_086,HIF1A,TMEM155,-0.0024,True
any,3,DataSet_01_088,FOXP1,PEX7,0.08281,True
any,3,DataSet_01_089,NR2F2,NBPF22P,0.0,True
any,3,DataSet_01_090,NR2F2,EDA2R,0.02645,True
any,3,DataSet_01_091,ETV6,LOC440563,-0.02785,True
any,3,DataSet_01_094,NANOG,CPS1-IT,0.0,True
any,3,DataSet_01_095,POU5F1,SDHB,-0.22554,True
any,3,DataSet_01_096,SOX2,LOC643650,0.0,True
any,3,DataSet_01_098,SALL4,ANKRD13B,-0.05137,True
any,3,DataSet_01_099,FOS,EMR3,0.24135,True
any,3,DataSet_01_101,IRF6,PSAT1,0.69597,True
any,3,DataSet_01_103,HNF1B,MIR1277,0.0,True
any,3,DataSet_01_105,FOXA1,HSPA12A,-0.14262,True
any,3,DataSet_01_112,HSF1,EMG1,0.47585,True
any,3,DataSet_01_114,ARID1A,C17orf100,-0.0009,True
any,3,DataSet_01_117,ID1,NR2F2,0.1971,True
any,3,DataSet_01_118,ID1,PDZK1IP1,0.12902,True
any,3,DataSet_01_121,ZIC2,MIR1284,0.0,True
any,3,DataSet_01_123,ZNF91,UBE2D4,-0.64671,True
any,3,DataSet_01_127,ZNF254,TUSC2,-0.49156,False
any,3,DataSet_01_128,ZNF431,CYP1A1,-0.53864,False
any,3,DataSet_01_132,EGR4,NR1H3,0.0543,True
any,3,DataSet_01_135,SPDEF,OR4N4,0.0,True
any,3,DataSet_01_136,REST,EGLN3,-0.06205,True
any,3,DataSet_01_138,IKZF1,FLJ39080,0.19876,True
any,3,DataSet_01_139,POLR3A,LRRC43,-0.40473,False
any,3,DataSet_01_142,LEF1,RILPL2,0.38065,True
any,3,DataSet_01_145,REST,FGF3,0.14424,True
any,3,DataSet_01_147,EHF,RABEP2,0.13387,True
any,3,DataSet_01_148,MYBL2,PCDHGB6,0.18606,True
any,3,DataSet_01_149,ETS2,DEFA1,0.0,True
any,3,DataSet_01_150,TFAP2C,IL2RA,0.01963,True
any,3,DataSet_01_151,TEAD4,SNORD63,0.35772,True
any,3,DataSet_01_153,LIN28B,SPINT1,0.25576,False
any,3,DataSet_01_154,STAT1,PDE6B,-0.32506,True
any,3,DataSet_01_155,HSF1,ABLIM1,0.09138,True
any,3,DataSet_01_156,HIF1A,PNPLA4,0.0,True
any,3,DataSet_01_162,ELK1,DHX9,0.0,True
any,3,DataSet_01_164,JUN,SNORA8,0.0,True
any,3,DataSet_01_165,MAF,TRIM48,0.0,True
any,3,DataSet_01_166,NFATC3,KRTAP22-1,0.0,True
any,3,DataSet_01_168,STAT3,WISP1,-0.02365,True
any,3,DataSet_01_169,HOXB7,RRN3P2,0.0,True
any,3,DataSet_01_170,HOXB7,GLOD4,-0.00617,True
any,3,DataSet_01_171,FOSL1,TFAP2D,0.0,True
any,3,DataSet_01_173,ESRRG,IKZF2,-0.02011,True
any,3,DataSet_01_175,TP53,C1orf70,0.0,True
any,3,DataSet_01_176,NR2F2,NEBL,0.05059,True
any,3,DataSet_01_177,NR2F2,SSU72,0.00765,True
any,3,DataSet_01_180,STAT3,PDCD2,-0.20211,True
any,3,DataSet_01_183,TP63,IQCJ-SCHIP1,0.0,True
any,3,DataSet_01_184,STAT3,TNFRSF18,-0.05643,True
any,3,DataSet_01_185,TCF4,LOC729121,0.0,True
any,3,DataSet_01_189,SPDEF,IL17RA,0.16051,True
any,3,DataSet_01_192,AR,CCL3L1,0.01991,True
any,3,DataSet_01_196,TP63,DBR1,-0.61854,True
any,3,DataSet_01_198,TP63,PREPL,-0.22565,True
any,3,DataSet_01_200,TP63,SLC27A6,0.03519,True
any,3,DataSet_01_203,XBP1,FGF12,-0.57154,True
any,3,DataSet_01_204,XBP1,OR4C3,0.0,True
any,3,DataSet_01_211,REST,TBL1XR1,-0.23126,True
any,3,DataSet_01_213,SOX11,CCR4,-0.13649,True
any,3,DataSet_01_214,BCLAF1,FAM19A5,0.07613,True
any,3,DataSet_01_217,TAL1,MIR190B,0.0,True
any,3,DataSet_01_218,PTEN,MPDZ,-0.37465,False
any,3,DataSet_01_220,HIF1A,ITIH5,0.25789,True
any,3,DataSet_01_222,KLF9,JAG2,0.21328,True
any,3,DataSet_01_223,FOXM1,CABP2,0.01768,True
any,3,DataSet_01_224,HIF1A,NUCB1,-0.09445,True
any,3,DataSet_01_226,KLF2,UBE2E2,-0.14785,True
any,3,DataSet_01_228,HIF1A,CSNK1D,-0.09253,True
any,3,DataSet_01_233,FOXA1,SLC25A3,0.1474,True
any,3,DataSet_01_238,NFYB,CNIH4,0.03918,True
any,3,DataSet_01_244,ETS1,ARHGEF5,0.40565,True
any,3,DataSet_01_246,TLX1,RNF186,0.0,True
any,3,DataSet_01_247,GATA6,CNPY3,0.14831,True
any,3,DataSet_01_248,SMAD2,RPL18AP3,0.0,True
any,3,DataSet_01_255,YBX1,GOLGA6B,-0.06438,True
any,3,DataSet_01_256,YBX1,MRPS22,-0.00916,True
any,3,DataSet_01_257,YBX1,USH1C,-0.07505,True
any,3,DataSet_01_258,YBX1,TSSK4,-0.14922,True
any,3,DataSet_01_260,SOX4,LOC646762,-0.36523,True
any,3,DataSet_01_261,NFKB2,CYB561D1,0.02136,True
any,3,DataSet_01_267,FOXO3,EIF4E,0.04557,True
any,3,DataSet_01_269,SIX4,ST6GAL2,-0.00736,True
any,3,DataSet_01_276,PTEN,NCRNA00169,0.0,False
any,3,DataSet_01_277,SALL4,CHPF2,-0.1858,True
any,3,DataSet_01_280,ESRRA,TLR4,-0.64564,True
any,3,DataSet_01_281,MSX1,ZBP1,0.22464,True
any,3,DataSet_01_282,IRF7,ZDHHC8,0.02256,True
any,3,DataSet_01_283,AHR,OR1A1,0.0,True
any,3,DataSet_01_293,POSTN,ZNF197,0.0,False
any,3,DataSet_01_295,TFAP4,NPNT,-2.2195,True
any,3,DataSet_01_299,SOX7,MAPK8IP1,-0.25753,True
any,3,DataSet_01_300,SOX17,ZFP64,0.38741,True
any,3,DataSet_01_301,PTEN,NOTCH2NL,0.03849,False
any,3,DataSet_01_302,PTEN,SHCBP1,0.0,False
any,3,DataSet_01_303,PTEN,GPRASP2,0.0,False
any,3,DataSet_01_304,ETV5,SIRPB1,-0.07472,True
any,3,DataSet_01_305,HOXA5,ZNF107,0.0,True
any,3,DataSet_01_306,NR2E1,ATP12A,-0.1068,True
any,3,DataSet_01_308,SOX9,MIR375,0.0,True
any,3,DataSet_01_309,SOX9,HOXC11,0.62626,True
any,3,DataSet_01_312,TFAP2C,ATF1,-0.14461,True
any,3,DataSet_01_313,OVOL2,C14orf106,0.0,False
any,3,DataSet_01_318,ELK3,FAM113A,0.0,True
any,3,DataSet_01_324,MYC,CRNN,-0.0147,True
any,3,DataSet_01_327,TP63,PWRN2,0.0,True
any,3,DataSet_01_330,TP63,DCDC2,0.01516,True
any,3,DataSet_01_332,TOX,OR2M1P,0.0,True
any,3,DataSet_01_333,HOXC6,SULT1E1,-0.01728,True
any,3,DataSet_01_336,GRHL3,MAGEA2B,0.0,True
any,3,DataSet_01_337,REST,C9orf50,-0.01543,True
any,3,DataSet_01_338,REST,BCOR,-0.01556,True
any,3,DataSet_01_339,KLF4,FLJ25363,0.0,True
any,3,DataSet_01_340,KLF7,KIAA1107,0.0,True
any,3,DataSet_01_342,KLF7,LYPLA1,-0.97398,True
any,3,DataSet_01_347,GATA3,FRG2B,-0.4369,True
any,3,DataSet_01_348,HIF1A,SSSCA1,0.03344,True
any,3,DataSet_01_349,SOX2,MS4A14,0.08419,True
any,3,DataSet_01_354,ELK1,ZBTB39,-0.20032,True
any,3,DataSet_01_356,ETV4,UCKL1,-0.14845,True
any,3,DataSet_01_357,CDX2,PSMA3,0.09766,True
any,3,DataSet_01_360,SOX17,AMIGO3,-0.42332,True
any,3,DataSet_02_001,DROSHA,DCBLD2,-0.12145,False
any,3,DataSet_02_007,PTBP1,RNH1,-0.0079,False
any,3,DataSet_02_009,POLR2G,MIR518E,0.0,False
any,3,DataSet_02_012,SRSF4,VAMP1,0.16299,False
any,3,DataSet_02_013,SRSF9,PRSS36,2.23522,False
any,3,DataSet_02_015,HOXB9,SNORA74A,0.0,True
any,3,DataSet_02_016,JUND,ATAD5,0.93012,True
any,3,DataSet_02_018,STAT2,FKSG29,0.0,True
any,3,DataSet_02_023,STAT1,PLSCR4,2.42626,True
any,3,DataSet_02_025,USF2,OR5AS1,0.0,True
any,3,DataSet_02_026,USF1,HOXA10,0.0,True
any,3,DataSet_02_032,NFE2L1,CDKN2A,0.0,True
any,3,DataSet_02_033,TEAD2,NCRNA00235,0.0,True
any,3,DataSet_02_039,RELA,C14orf49,0.0,True
any,3,DataSet_02_040,TEAD4,PIGP,0.22951,True
any,3,DataSet_02_042,SP2,SLC35A5,0.0,True
any,3,DataSet_02_044,ZC3H11A,PIGC,0.09105,False
any,3,DataSet_02_048,SMAD5,BAT5,0.0,True
any,3,DataSet_02_051,HDAC8,MIR15B,0.0,False
any,3,DataSet_02_053,TLE2,FOXO3B,0.0,False
any,3,DataSet_02_054,ATF3,MIR941-2,0.0,True
any,3,DataSet_02_055,DLX1,PNLDC1,0.0,True
any,3,DataSet_02_058,HMBOX1,CSTF2,0.0,False
any,3,DataSet_02_061,RFX5,AP3S1,0.0,True
any,3,DataSet_02_063,TRIM28,MAGEA12,0.0,True
any,3,DataSet_02_071,TFDP1,ONECUT1,0.0,True
any,3,DataSet_02_075,HMGA1,C9orf152,1.82597,True
any,3,DataSet_02_078,SIX5,TTC31,-0.05705,False
any,3,DataSet_02_079,HMGN1,LOC730755,0.0,False
any,3,DataSet_02_082,ZBTB33,ZDHHC16,0.38907,True
any,3,DataSet_02_088,ILF2,MIR376A2,0.0,False
any,3,DataSet_02_090,SRSF9,RBBP8,-0.77981,False
any,3,DataSet_02_091,HNRNPK,SEC14L2,-0.58291,False
any,3,DataSet_02_096,HNRNPL,MAGIX,1.25716,False
any,3,DataSet_02_097,U2AF1,IQCF3,0.0,False
any,3,DataSet_02_099,PSIP1,PHIP,-0.0993,False
any,3,DataSet_02_100,RBM17,AHCYL1,-0.06649,False
any,3,DataSet_02_101,RBFOX2,ODF3,0.0,False
any,3,DataSet_02_103,FIP1L1,MIR296,0.0,False
any,3,DataSet_02_104,HDGF,CD164,-0.17657,True
any,3,DataSet_02_105,U2AF2,CXorf48,0.0,False
any,3,DataSet_02_107,SSB,ANP32A,-0.4942,False
any,3,DataSet_02_108,ZNF622,RHOXF2B,0.0,False
any,3,DataSet_02_110,GTF2F1,POLR2L,-0.04947,False
any,3,DataSet_02_111,RBM39,IL8,0.0,False
any,3,DataSet_02_114,XRCC5,WFDC2,-1.90429,False
any,3,DataSet_02_115,PCBP1,IFITM3,0.89534,False
any,3,DataSet_02_117,SUB1,FRS3,-0.46976,False
any,3,DataSet_02_120,PTBP1,TRAF1,0.75803,False
any,3,DataSet_02_121,RBM34,C12orf4,0.19738,False
any,3,DataSet_02_123,PCBP2,IPO4,-0.09918,False
any,3,DataSet_02_124,FUS,ALDH7A1,-0.12296,False
any,3,DataSet_02_126,SNRNP70,GZF1,0.14,False
any,3,DataSet_02_128,PRPF4,RAPH1,0.11462,False
any,3,DataSet_02_130,POLR2G,GULP1,-0.42881,False
any,3,DataSet_02_131,PTBP1,LYG2,0.0,False
any,3,DataSet_02_133,SRSF7,LOC730755,0.0,False
any,3,DataSet_02_136,HNRNPK,BAGE2,0.0,False
any,3,DataSet_02_137,PCBP1,C17orf87,0.0,False
any,3,DataSet_02_138,RBM17,FLJ45244,0.0,False
any,3,DataSet_02_139,RBFOX2,MIR548D1,0.0,False
any,3,DataSet_02_140,TAF15,BNIPL,-0.20584,False
any,3,DataSet_02_141,RBM34,TTC1,-0.05934,False
any,3,DataSet_02_144,PTBP1,STMN4,0.0,False
any,3,DataSet_02_145,DROSHA,MPZ,-0.06932,False
any,3,DataSet_02_147,FIP1L1,RBMX,0.0,False
any,3,DataSet_02_148,ILF3,RNASE4,0.05889,False
any,3,DataSet_02_151,RBM39,ACSBG2,-1.35364,False
any,3,DataSet_02_152,ILF2,VMA21,0.0,False
any,3,DataSet_02_154,SRSF4,ARSK,0.0,False
any,3,DataSet_02_155,FUS,SPIN4,-0.33968,False
any,3,DataSet_02_156,HNRNPUL1,SNRNP35,0.0,False
any,3,DataSet_02_157,GTF2F1,RNASE7,-0.67807,False
any,3,DataSet_02_158,PSIP1,CAPNS2,-2.11548,False
any,3,DataSet_02_159,XRCC5,SMYD1,0.0,False
any,3,DataSet_02_160,HNRNPL,XKRY2,0.0,False
any,3,DataSet_02_161,SUB1,SNORA8,0.0,False
any,3,DataSet_02_164,SSB,PPP1R2P1,0.0,False
any,3,DataSet_02_168,RBM22,EMID2,0.0,False
any,3,DataSet_02_170,U2AF2,MIR938,0.0,False
any,3,DataSet_02_172,ZFX,LOH12CR2,0.18094,True
any,3,DataSet_02_175,LMNA,TBC1D24,0.18883,False
any,3,DataSet_02_185,CTCF,GRM2,-0.09954,True
any,3,DataSet_02_190,RAD21,KGFLP1,0.0,False
any,3,DataSet_02_192,MAX,ESRRB,0.07864,True
any,3,DataSet_02_195,LMNB1,LRRIQ4,0.0,False
any,3,DataSet_02_206,ZFX,MTFMT,-0.44426,True
any,3,DataSet_03_002,AKT1,LOC283335,0.05435233,False
any,3,DataSet_03_004,AR,GCG,1.062675,True
any,3,DataSet_03_005,AR,MIR605,0.0,True
any,3,DataSet_03_007,AR,OGDHL,0.1262558,True
any,3,DataSet_03_013,ARID1A,CHD4,-0.13628,True
any,3,DataSet_03_017,ATF3,NAGK,-0.02086973,True
any,3,DataSet_03_018,ATF4,PRTFDC1,-0.1905364,True
any,3,DataSet_03_021,BAG1,C20orf195,0.0,False
any,3,DataSet_03_022,BATF3,OLFML1,0.03128467,False
any,3,DataSet_03_026,BCL6,LIX1L,-0.05514917,True
any,3,DataSet_03_031,CASP8AP2,UBE2CBP,0.0,False
any,3,DataSet_03_035,CCNB1,INCENP,-0.05494567,False
any,3,DataSet_03_049,CEBPB,GAS2L1,0.5023736,True
any,3,DataSet_03_056,CTCF,PRUNE2,0.06901335,True
any,3,DataSet_03_059,CTNNB1,TBC1D10C,0.0,True
any,3,DataSet_03_060,E2F1,C15orf39,0.1608054,True
any,3,DataSet_03_063,E2F7,C22orf29,0.0,True
any,3,DataSet_03_065,EP300,CHPF,0.0,True
any,3,DataSet_03_066,ERBB2,GRIK1-AS1,-0.1116147,False
any,3,DataSet_03_073,ETS1,MFSD3,0.1714286,True
any,3,DataSet_03_074,ETS1,MS4A13,0.0,True
any,3,DataSet_03_075,ETV6,KCNIP4,-0.095811,True
any,3,DataSet_03_078,FLI1,THTPA,-0.06551865,True
any,3,DataSet_03_080,FOXA1,PGRMC2,0.07292165,True
any,3,DataSet_03_085,FOXD1,CHADL,0.1604445,True
any,3,DataSet_03_087,FOXF2,GPAT2,0.0164066,True
any,3,DataSet_03_089,FOXK1,CTAG2,-0.1580517,False
any,3,DataSet_03_090,FOXM1,CSRNP1,0.0,True
any,3,DataSet_03_091,FOXM1,SRP68,0.0,True
any,3,DataSet_03_093,FOXM1,UBE2I,0.073125,True
any,3,DataSet_03_096,FOXO1,LAIR2,-0.410591,True
any,3,DataSet_03_100,GATA2,ECE1,-1.063988,True
any,3,DataSet_03_108,GATA6,SNX9,-0.02701128,True
any,3,DataSet_03_110,GATA6,CCNC,-0.05717533,True
any,3,DataSet_03_113,GRHL3,CCBE1,0.7343664,True
any,3,DataSet_03_114,HDAC3,FAM72A,0.0,True
any,3,DataSet_03_116,HES6,HMMR,-0.1103984,True
any,3,DataSet_03_117,HES6,GPSM1,0.1946337,True
any,3,DataSet_03_119,HIF1A,FAM58B,0.0,True
any,3,DataSet_03_122,HINFP,DHX9,-0.013256,True
any,3,DataSet_03_123,HINFP,OR2H1,-0.0622285,True
any,3,DataSet_03_124,HMGA1,MIR376C,0.0,True
any,3,DataSet_03_127,HOXB7,PDGFRA,0.085594,True
any,3,DataSet_03_128,HOXC4,UGT3A2,-0.05876431,False
any,3,DataSet_03_129,HSF1,UGT3A1,-0.0570985,True
any,3,DataSet_03_143,JUN,C9orf24,0.0,True
any,3,DataSet_03_148,KLF5,SIX1,0.3155483,True
any,3,DataSet_03_149,KLF5,KIAA1949,0.0,True
any,3,DataSet_03_150,KLF5,SNORA79,0.0,True
any,3,DataSet_03_151,KLF5,PHYHIPL,0.8628284,True
any,3,DataSet_03_155,MAFB,ATP5S,0.0,True
any,3,DataSet_03_165,MITF,TIPIN,-1.483555,True
any,3,DataSet_03_168,MITF,TUBB2A,-0.860297,True
any,3,DataSet_03_173,MYB,ZYG11B,-0.065,True
any,3,DataSet_03_178,MYC,B3GNT2,0.2811811,True
any,3,DataSet_03_189,NCOA1,CCDC70,0.0,True
any,3,DataSet_03_190,NCOA2,OR51B2,0.0,True
any,3,DataSet_03_191,NCOA3,MIR3916,0.0,True
any,3,DataSet_03_192,NCOR1,C18orf19,0.0,True
any,3,DataSet_03_199,NMI,THAP8,0.1413353,False
any,3,DataSet_03_200,NPAT,DOCK8,-0.025949,False
any,3,DataSet_03_201,NPAT,ATG4C,-0.767363,False
any,3,DataSet_03_202,NR2F2,SYCP2L,-0.7463961,True
any,3,DataSet_03_205,PARK7,NCRNA00119,0.0,True
any,3,DataSet_03_207,PBX1,ALPK3,0.0322925,True
any,3,DataSet_03_208,PBX1,CLDN10,0.05952133,True
any,3,DataSet_03_209,PBX1,TGFA,0.002186,True
any,3,DataSet_03_211,PHB,SCAPER,-0.8639283,False
any,3,DataSet_03_214,PPARG,TAP1,0.14,True
any,3,DataSet_03_217,PRRX1,UMOD,-0.3419698,True
any,3,DataSet_03_220,RBL2,FLT4,-0.059755,False
any,3,DataSet_03_221,RCHY1,MIR410,0.0,False
any,3,DataSet_03_222,RELA,HRAS,-0.01785714,True
any,3,DataSet_03_223,RELA,ACSS1,0.075,True
any,3,DataSet_03_225,RELB,DPM2,0.04704,True
any,3,DataSet_03_228,REST,BBS10,-0.053632,True
any,3,DataSet_03_229,SATB1,C6orf1,0.0,True
any,3,DataSet_03_232,SKP2,KIF14,-0.3647987,False
any,3,DataSet_03_235,SMARCA4,TRNAU1AP,0.0,True
any,3,DataSet_03_236,SMARCC1,SRPRB,0.0,True
any,3,DataSet_03_237,SOX11,PAAF1,-0.1009127,True
any,3,DataSet_03_238,SOX11,DPY19L2P3,-0.4561247,True
any,3,DataSet_03_239,SOX11,C9orf84,0.0,True
any,3,DataSet_03_241,SOX2,PIGC,-0.2117503,True
any,3,DataSet_03_242,SOX2,REG3G,0.04497667,True
any,3,DataSet_03_244,SOX2,KCNJ8,-0.1559878,True
any,3,DataSet_03_246,SOX4,CATSPER3,-0.9719856,True
any,3,DataSet_03_249,SP1,F10,0.1205081,True
any,3,DataSet_03_251,SP1,ZNF575,-0.7244594,True
any,3,DataSet_03_253,SPIB,PRR16,0.079025,True
any,3,DataSet_03_255,SSRP1,MRPL54,-0.10815,True
any,3,DataSet_03_256,STAT1,FUK,0.0,True
any,3,DataSet_03_258,STAT3,SUV39H1,0.02043356,True
any,3,DataSet_03_259,STAT3,HS3ST3A1,-0.01760567,True
any,3,DataSet_03_260,STAT3,LOC100131564,-0.067204,True
any,3,DataSet_03_261,STAT3,SAMD4B,0.1352305,True
any,3,DataSet_03_262,STAT3,KIAA1908,0.0,True
any,3,DataSet_03_264,STAT6,MAGEA12,1.274033,True
any,3,DataSet_03_267,TCF7L1,ANK1,0.01771163,True
any,3,DataSet_03_271,TET2,SGIP1,0.29322,False
any,3,DataSet_03_273,TET3,FAM98C,-0.335755,False
any,3,DataSet_03_274,TFAP2C,MIPOL1,-0.3465209,True
any,3,DataSet_03_275,TFE3,MIR548Q,0.0,True
any,3,DataSet_03_277,TP53,CDY2B,0.0,True
any,3,DataSet_03_284,TWIST2,DUOXA2,0.04222906,True
any,3,DataSet_03_287,ZHX2,LMTK2,0.398415,True
any,3,DataSet_03_294,ZNF750,C1orf177,-0.02365,False
any,3,DataSet_04_002,CDC5L,TCEAL5,-0.4020984,False
any,3,DataSet_04_003,CHCHD3,GTF2B,-0.1631305,False
any,3,DataSet_04_004,CIZ1,MRPL27,-0.2651182,False
any,3,DataSet_04_006,DDX59,CCNJ,-0.1375035,False
any,3,DataSet_04_010,FUBP1,ZBTB24,-0.5110349,False
any,3,DataSet_04_011,FUBP3,LOC442028,-0.06871275,False
any,3,DataSet_04_012,MARK2,AASDH,-0.4494895,False
any,3,DataSet_04_015,NKRF,GUCA2A,0.0,True
any,3,DataSet_04_016,NUP35,GRAMD1B,0.0,False
any,3,DataSet_04_018,RPS3,DPP7,-0.4119073,False
any,3,DataSet_04_019,SMAD2,SCARNA6,0.0,True
any,3,DataSet_04_020,SMAD4,ZNF416,0.4529057,True
any,3,DataSet_04_022,STAT1,POLR3K,0.0,True
any,3,DataSet_04_024,YBX1,CORIN,-1.137504,True
any,3,DataSet_04_026,ANXA2,MORF4L2,-0.173291,False
any,3,DataSet_04_028,CIZ1,LOC284648,0.0,False
any,3,DataSet_04_032,FUBP1,PGAM1,-0.8004972,False
any,3,DataSet_04_036,SMAD2,SOX4,0.396991,True
any,3,DataSet_04_037,SMAD4,TEDDM1,0.0,True
any,3,DataSet_04_039,SRPK2,SLC4A1AP,-0.2339598,False
any,3,DataSet_04_041,YBX1,POF1B,0.0,True
any,4,DataSet_01_006,PROX1,RARG,-0.88181,True
any,4,DataSet_01_007,NR2F2,USP9X,0.08545,True
any,4,DataSet_01_008,WT1,THBS1,-0.06008,True
any,4,DataSet_01_010,TP53,METTL6,0.18584,True
any,4,DataSet_01_011,TP53,USH1G,-0.63077,True
any,4,DataSet_01_012,FLI1,ZNF217,1.60759,True
any,4,DataSet_01_013,FLI1,ZFP36L2,0.75268,True
any,4,DataSet_01_014,FLI1,C11orf75,0.0,True
any,4,DataSet_01_015,FLI1,LOC100289255,0.0,True
any,4,DataSet_01_016,FLI1,NPTX1,0.11293,True
any,4,DataSet_01_017,ERG,FAM99A,0.0,True
any,4,DataSet_01_018,YY1,HTR3D,0.0,True
any,4,DataSet_01_021,STAT1,OR2M5,0.325,True
any,4,DataSet_01_025,MITF,SLC35F3,-0.46405,True
any,4,DataSet_01_026,PAX3,N4BP2,-0.16804,True
any,4,DataSet_01_027,PAX3,CLDN24,0.0,True
any,4,DataSet_01_029,ATM,PLCB3,0.48943,False
any,4,DataSet_01_030,RELA,TBX10,0.63046,True
any,4,DataSet_01_031,TP53,DEFB113,0.0,True
any,4,DataSet_01_033,ATF3,MIR510,0.0,True
any,4,DataSet_01_034,EGR3,GPR62,-0.45316,True
any,4,DataSet_01_036,ETV1,TNFRSF19,-0.3489,True
any,4,DataSet_01_037,TP53,B3GNT1,0.02756,True
any,4,DataSet_01_038,TP53,LOC647946,0.01667,True
any,4,DataSet_01_042,POU5F1,TMEM63B,0.00844,True
any,4,DataSet_01_043,CBFB,KRTDAP,1.55254,False
any,4,DataSet_01_044,MYB,CCDC120,0.0,True
any,4,DataSet_01_045,PRDM14,SIGLEC7,-0.07571,False
any,4,DataSet_01_049,STAT3,ZBTB10,-4.36093,True
any,4,DataSet_01_051,RARA,ZNF487P,0.0,True
any,4,DataSet_01_053,TFAP2C,TYW1,0.0,True
any,4,DataSet_01_058,BACH1,HOXD12,0.11904,True
any,4,DataSet_01_059,BACH1,RCC1,-0.12029,True
any,4,DataSet_01_060,NFE2L2,ZDHHC8,-0.72885,True
any,4,DataSet_01_068,TP53,MTRNR2L6,0.0,True
any,4,DataSet_01_071,ELF5,TXNDC8,0.08097,True
any,4,DataSet_01_073,ZNF148,NCRNA00204B,0.0,True
any,4,DataSet_01_074,CEBPD,CLPP,-0.29887,True
any,4,DataSet_01_075,CEBPZ,LOC286238,0.0,True
any,4,DataSet_01_076,ETS1,NR4A2,-0.38805,True
any,4,DataSet_01_077,FOXM1,FOXJ1,-0.34429,True
any,4,DataSet_01_078,HSF2,PRRC1,-0.04172,True
any,4,DataSet_01_079,MITF,KDELC1,0.34967,True
any,4,DataSet_01_080,RELA,USP53,0.0425,True
any,4,DataSet_01_081,SP1,CYP2A6,-0.07494,True
any,4,DataSet_01_082,SP100,PHAX,0.1251,False
any,4,DataSet_01_083,STAT1,C16orf74,-0.4019,True
any,4,DataSet_01_084,STAT3,CAPN3,-0.22135,True
any,4,DataSet_01_085,STAT6,MIR1323,0.0,True
any,4,DataSet_01_086,HIF1A,MANBA,-0.48224,True
any,4,DataSet_01_088,FOXP1,MAP1LC3C,0.0238,True
any,4,DataSet_01_089,NR2F2,LYZL1,-1.03387,True
any,4,DataSet_01_090,NR2F2,STON1-GTF2A1L,0.0,True
any,4,DataSet_01_091,ETV6,MAPK1,-0.23102,True
any,4,DataSet_01_094,NANOG,HLA-DRB1,-0.11221,True
any,4,DataSet_01_095,POU5F1,WSCD2,-0.05835,True
any,4,DataSet_01_096,SOX2,TIMM10,0.1617,True
any,4,DataSet_01_098,SALL4,H3F3B,1.08439,True
any,4,DataSet_01_099,FOS,CTR9,-0.04844,True
any,4,DataSet_01_101,IRF6,DHRS1,-0.33323,True
any,4,DataSet_01_103,HNF1B,CFDP1,-0.18071,True
any,4,DataSet_01_105,FOXA1,MIR1468,0.0,True
any,4,DataSet_01_112,HSF1,MYBBP1A,0.3057,True
any,4,DataSet_01_114,ARID1A,OTUB2,-0.1225,True
any,4,DataSet_01_117,ID1,TMEM93,0.0,True
any,4,DataSet_01_118,ID1,UPK1B,-0.38667,True
any,4,DataSet_01_121,ZIC2,MIR3622A,0.0,True
any,4,DataSet_01_123,ZNF91,NACAD,0.0,True
any,4,DataSet_01_127,ZNF254,C11orf10,0.69389,False
any,4,DataSet_01_128,ZNF431,FAM107A,0.23847,False
any,4,DataSet_01_132,EGR4,ZNF847P,0.2236,True
any,4,DataSet_01_135,SPDEF,TYRP1,-0.35603,True
any,4,DataSet_01_136,REST,AMD1,0.00215,True
any,4,DataSet_01_138,IKZF1,LY6G6D,-0.01332,True
any,4,DataSet_01_139,POLR3A,MANEA,0.03085,False
any,4,DataSet_01_142,LEF1,PLBD1,0.03453,True
any,4,DataSet_01_145,REST,C4orf49,0.0,True
any,4,DataSet_01_147,EHF,LOC646278,0.0,True
any,4,DataSet_01_148,MYBL2,HNRPLL,-0.21767,True
any,4,DataSet_01_149,ETS2,DDX23,0.08667,True
any,4,DataSet_01_150,TFAP2C,SLX1A,0.0,True
any,4,DataSet_01_151,TEAD4,PPP1R14C,0.04826,True
any,4,DataSet_01_153,LIN28B,CNBP,-0.01243,False
any,4,DataSet_01_154,STAT1,SCN1A,-0.18603,True
any,4,DataSet_01_155,HSF1,MIR3945,0.0,True
any,4,DataSet_01_156,HIF1A,CPT1B,-0.01333,True
any,4,DataSet_01_162,ELK1,PEMT,-5.58407,True
any,4,DataSet_01_164,JUN,LOC26102,0.0,True
any,4,DataSet_01_165,MAF,LOC728622,0.0,True
any,4,DataSet_01_166,NFATC3,HIST1H4C,-0.32957,True
any,4,DataSet_01_168,STAT3,ZNF121,0.0,True
any,4,DataSet_01_169,HOXB7,CHST5,-0.18778,True
any,4,DataSet_01_170,HOXB7,ZNF830,-0.39348,True
any,4,DataSet_01_171,FOSL1,DENND5B,0.02517,True
any,4,DataSet_01_173,ESRRG,SLC46A3,-0.1595,True
any,4,DataSet_01_175,TP53,YIPF6,-0.48695,True
any,4,DataSet_01_176,NR2F2,C9orf96,0.0,True
any,4,DataSet_01_177,NR2F2,TIMM8A,-0.10837,True
any,4,DataSet_01_180,STAT3,ANXA5,-0.09306,True
any,4,DataSet_01_183,TP63,IFT88,0.06219,True
any,4,DataSet_01_184,STAT3,MIR3194,0.0,True
any,4,DataSet_01_185,TCF4,RGS7BP,0.0,True
any,4,DataSet_01_189,SPDEF,CHST8,-0.03743,True
any,4,DataSet_01_192,AR,ARHGAP23,-0.43183,True
any,4,DataSet_01_196,TP63,FLG,0.0,True
any,4,DataSet_01_198,TP63,TRIM8,0.90631,True
any,4,DataSet_01_200,TP63,GNE,0.72267,True
any,4,DataSet_01_203,XBP1,MIR3914-1,0.0,True
any,4,DataSet_01_204,XBP1,BNIP3,-0.39986,True
any,4,DataSet_01_211,REST,SNORA84,0.0,True
any,4,DataSet_01_213,SOX11,WNT2,0.01598,True
any,4,DataSet_01_214,BCLAF1,FAM24B,0.18937,True
any,4,DataSet_01_217,TAL1,ST6GAL1,0.47738,True
any,4,DataSet_01_218,PTEN,HTR1E,0.0,False
any,4,DataSet_01_220,HIF1A,FOXO3,-0.12677,True
any,4,DataSet_01_222,KLF9,GUSB,0.10018,True
any,4,DataSet_01_223,FOXM1,CD82,0.04506,True
any,4,DataSet_01_224,HIF1A,ZMAT1,0.0,True
any,4,DataSet_01_226,KLF2,C1QL2,0.0,True
any,4,DataSet_01_228,HIF1A,KRTAP5-10,0.0,True
any,4,DataSet_01_233,FOXA1,OR5D13,0.0,True
any,4,DataSet_01_238,NFYB,MAP4K1,0.07687,True
any,4,DataSet_01_244,ETS1,C19orf43,0.16023,True
any,4,DataSet_01_246,TLX1,WFDC2,-0.13053,True
any,4,DataSet_01_247,GATA6,SUGP1,0.18221,True
any,4,DataSet_01_248,SMAD2,TNIK,0.17741,True
any,4,DataSet_01_255,YBX1,CCDC69,-0.24017,True
any,4,DataSet_01_256,YBX1,IRF7,-0.1784,True
any,4,DataSet_01_257,YBX1,KCNA10,-0.14381,True
any,4,DataSet_01_258,YBX1,FSTL3,-0.39247,True
any,4,DataSet_01_260,SOX4,ABHD5,-0.14568,True
any,4,DataSet_01_261,NFKB2,SLC7A5P2,0.13379,True
any,4,DataSet_01_267,FOXO3,RGAG1,-0.00991,True
any,4,DataSet_01_269,SIX4,C22orf26,0.0,True
any,4,DataSet_01_276,PTEN,CNNM4,0.08806,False
any,4,DataSet_01_277,SALL4,INTS3,-0.31848,True
any,4,DataSet_01_280,ESRRA,TRAPPC4,0.06954,True
any,4,DataSet_01_281,MSX1,TEDDM1,0.17327,True
any,4,DataSet_01_282,IRF7,CAB39L,0.00292,True
any,4,DataSet_01_283,AHR,TRUB2,0.5239,True
any,4,DataSet_01_293,POSTN,FHOD3,0.02337,False
any,4,DataSet_01_295,TFAP4,DNMBP,-3.15368,True
any,4,DataSet_01_299,SOX7,ZNF320,-0.00906,True
any,4,DataSet_01_300,SOX17,C10orf82,-0.3659,True
any,4,DataSet_01_301,PTEN,APOB48R,0.0,False
any,4,DataSet_01_302,PTEN,SHMT2,-0.13701,False
any,4,DataSet_01_303,PTEN,EFCAB1,1.08158,False
any,4,DataSet_01_304,ETV5,OR10H4,0.0,True
any,4,DataSet_01_305,HOXA5,GPR174,0.0,True
any,4,DataSet_01_306,NR2E1,DRD1,-0.00879,True
any,4,DataSet_01_308,SOX9,KCNJ5,-0.20098,True
any,4,DataSet_01_309,SOX9,MCM6,-0.07871,True
any,4,DataSet_01_312,TFAP2C,CD38,0.0,True
any,4,DataSet_01_313,OVOL2,BOC,0.37608,False
any,4,DataSet_01_318,ELK3,ZNF643,0.11029,True
any,4,DataSet_01_324,MYC,PRKCDBP,2.12755,True
any,4,DataSet_01_327,TP63,GSTM5,0.21204,True
any,4,DataSet_01_330,TP63,MIR218-1,0.07353,True
any,4,DataSet_01_332,TOX,ZBTB8OS,0.39972,True
any,4,DataSet_01_333,HOXC6,PRR5,0.39698,True
any,4,DataSet_01_336,GRHL3,NBPF11,0.0,True
any,4,DataSet_01_337,REST,C15orf40,-0.05539,True
any,4,DataSet_01_338,REST,ART5,0.0,True
any,4,DataSet_01_339,KLF4,PAFAH1B2,-0.30121,True
any,4,DataSet_01_340,KLF7,OXCT1,-0.1747,True
any,4,DataSet_01_342,KLF7,HPDL,-0.30683,True
any,4,DataSet_01_347,GATA3,MIRLET7A2,0.0,True
any,4,DataSet_01_348,HIF1A,MAP3K3,0.80002,True
any,4,DataSet_01_349,SOX2,SPO11,-0.20608,True
any,4,DataSet_01_354,ELK1,GPR137,0.35693,True
any,4,DataSet_01_356,ETV4,MIR519C,0.0,True
any,4,DataSet_01_357,CDX2,OR5J2,0.0,True
any,4,DataSet_01_360,SOX17,RB1CC1,0.17141,True
any,4,DataSet_02_001,DROSHA,MS4A3,0.0,False
any,4,DataSet_02_007,PTBP1,NCAPD2,0.28375,False
any,4,DataSet_02_009,POLR2G,OAZ2,0.41022,False
any,4,DataSet_02_012,SRSF4,ARID2,-0.24023,False
any,4,DataSet_02_013,SRSF9,BASP1,0.0,False
any,4,DataSet_02_015,HOXB9,GADD45GIP1,0.0,True
any,4,DataSet_02_016,JUND,DIABLO,0.16023,True
any,4,DataSet_02_018,STAT2,VGLL1,0.0,True
any,4,DataSet_02_023,STAT1,BOP1,-0.21813,True
any,4,DataSet_02_025,USF2,MYH6,1.76553,True
any,4,DataSet_02_026,USF1,IGFL2,-2.1375,True
any,4,DataSet_02_032,NFE2L1,TACSTD2,1.90689,True
any,4,DataSet_02_033,TEAD2,LOC732275,0.0,True
any,4,DataSet_02_039,RELA,CARD11,-0.11461,True
any,4,DataSet_02_040,TEAD4,C3orf35,0.0,True
any,4,DataSet_02_042,SP2,SERPING1,-1.20645,True
any,4,DataSet_02_044,ZC3H11A,PHLPP1,-0.24151,False
any,4,DataSet_02_048,SMAD5,S100A3,0.0,True
any,4,DataSet_02_051,HDAC8,LRRC46,0.55667,False
any,4,DataSet_02_053,TLE2,MIR3689A,0.0,False
any,4,DataSet_02_054,ATF3,MAPK12,0.52208,True
any,4,DataSet_02_055,DLX1,NAT8,0.0,True
any,4,DataSet_02_058,HMBOX1,NFYC,0.07082,False
any,4,DataSet_02_061,RFX5,ABHD15,-1.22412,True
any,4,DataSet_02_063,TRIM28,UCHL1,0.0,True
any,4,DataSet_02_071,TFDP1,MMD,0.00452,True
any,4,DataSet_02_075,HMGA1,NCRNA00174,0.0,True
any,4,DataSet_02_078,SIX5,SBDSP1,0.38478,False
any,4,DataSet_02_079,HMGN1,C17orf95,0.0,False
any,4,DataSet_02_082,ZBTB33,OR4D1,0.0,True
any,4,DataSet_02_088,ILF2,CCL3L3,0.0,False
any,4,DataSet_02_090,SRSF9,MIR15A,0.0,False
any,4,DataSet_02_091,HNRNPK,PPP2R2C,-0.05012,False
any,4,DataSet_02_096,HNRNPL,CR2,0.0,False
any,4,DataSet_02_097,U2AF1,GIMAP6,0.0,False
any,4,DataSet_02_099,PSIP1,OAT,-0.13153,False
any,4,DataSet_02_100,RBM17,RPS10,-0.35049,False
any,4,DataSet_02_101,RBFOX2,AGA,-0.31583,False
any,4,DataSet_02_103,FIP1L1,METT10D,0.0,False
any,4,DataSet_02_104,HDGF,OR8K3,0.0,True
any,4,DataSet_02_105,U2AF2,IFI16,0.0,False
any,4,DataSet_02_107,SSB,ASB1,-0.08809,False
any,4,DataSet_02_108,ZNF622,RGS7BP,0.0,False
any,4,DataSet_02_110,GTF2F1,SAP30,-0.24274,False
any,4,DataSet_02_111,RBM39,COG8,0.0,False
any,4,DataSet_02_114,XRCC5,SP4,1.02428,False
any,4,DataSet_02_115,PCBP1,FAT3,0.0,False
any,4,DataSet_02_117,SUB1,GPR137B,0.94855,False
any,4,DataSet_02_120,PTBP1,FGF12,3.45943,False
any,4,DataSet_02_121,RBM34,DPY19L1P1,0.0,False
any,4,DataSet_02_123,PCBP2,KIAA2013,-0.34918,False
any,4,DataSet_02_124,FUS,MIR1292,0.0,False
any,4,DataSet_02_126,SNRNP70,TP53TG5,0.0,False
any,4,DataSet_02_128,PRPF4,LOC283104,0.0,False
any,4,DataSet_02_130,POLR2G,SMPDL3A,-0.06623,False
any,4,DataSet_02_131,PTBP1,KMO,0.0,False
any,4,DataSet_02_133,SRSF7,SNORD114-12,0.0,False
any,4,DataSet_02_136,HNRNPK,PRG4,-1.0,False
any,4,DataSet_02_137,PCBP1,OR51L1,0.0,False
any,4,DataSet_02_138,RBM17,RAB30,-0.45317,False
any,4,DataSet_02_139,RBFOX2,ACRC,-0.29177,False
any,4,DataSet_02_140,TAF15,PRKCQ,-0.05068,False
any,4,DataSet_02_141,RBM34,FBXL21,0.0,False
any,4,DataSet_02_144,PTBP1,PRPF19,-1.01619,False
any,4,DataSet_02_145,DROSHA,MARK1,0.0,False
any,4,DataSet_02_147,FIP1L1,ARL8A,0.16576,False
any,4,DataSet_02_148,ILF3,TMEM87A,0.81407,False
any,4,DataSet_02_151,RBM39,RNF39,0.0,False
any,4,DataSet_02_152,ILF2,HLA-DPA1,-1.58496,False
any,4,DataSet_02_154,SRSF4,INSM2,0.0,False
any,4,DataSet_02_155,FUS,MIR624,0.0,False
any,4,DataSet_02_156,HNRNPUL1,VRTN,-1.35364,False
any,4,DataSet_02_157,GTF2F1,SS18L1,-0.06495,False
any,4,DataSet_02_158,PSIP1,ATP5L,-0.1152,False
any,4,DataSet_02_159,XRCC5,GRIA3,0.0,False
any,4,DataSet_02_160,HNRNPL,CES1,-2.45943,False
any,4,DataSet_02_161,SUB1,RNF40,0.013,False
any,4,DataSet_02_164,SSB,RPLP0P2,0.0,False
any,4,DataSet_02_168,RBM22,NETO1,0.0,False
any,4,DataSet_02_170,U2AF2,TEKT1,0.0,False
any,4,DataSet_02_172,ZFX,MIR19B1,0.0,True
any,4,DataSet_02_175,LMNA,PA2G4,0.17065,False
any,4,DataSet_02_185,CTCF,OR4L1,0.0,True
any,4,DataSet_02_190,RAD21,PCDHGA10,0.0,False
any,4,DataSet_02_192,MAX,LRP10,-0.17794,True
any,4,DataSet_02_195,LMNB1,HK3,5.32193,False
any,4,DataSet_02_206,ZFX,C3orf54,0.0,True
any,4,DataSet_03_002,AKT1,ODZ2,0.0,False
any,4,DataSet_03_004,AR,TMEM50B,0.3445936,True
any,4,DataSet_03_005,AR,GRIK2,0.5303504,True
any,4,DataSet_03_007,AR,ZFHX4,0.1545133,True
any,4,DataSet_03_013,ARID1A,NPEPL1,0.0,True
any,4,DataSet_03_017,ATF3,SNUPN,0.07777011,True
any,4,DataSet_03_018,ATF4,SP1,-0.3155126,True
any,4,DataSet_03_021,BAG1,HCST,0.0,False
any,4,DataSet_03_022,BATF3,ARAP3,0.04892433,False
any,4,DataSet_03_026,BCL6,OR5H15,0.0,True
any,4,DataSet_03_031,CASP8AP2,UBN2,0.3229993,False
any,4,DataSet_03_035,CCNB1,SCN3A,-0.015404,False
any,4,DataSet_03_049,CEBPB,PLEKHO1,1.391365,True
any,4,DataSet_03_056,CTCF,BAGE3,0.0,True
any,4,DataSet_03_059,CTNNB1,CKAP4,0.0,True
any,4,DataSet_03_060,E2F1,SIM1,-0.06853607,True
any,4,DataSet_03_063,E2F7,HMGB1,0.072787,True
any,4,DataSet_03_065,EP300,C14orf106,0.0,True
any,4,DataSet_03_066,ERBB2,PPIL5,0.0,False
any,4,DataSet_03_073,ETS1,UQCRHL,0.08928571,True
any,4,DataSet_03_074,ETS1,UCHL5,-0.05416667,True
any,4,DataSet_03_075,ETV6,DVL2,-0.029893,True
any,4,DataSet_03_078,FLI1,USP25,0.2337322,True
any,4,DataSet_03_080,FOXA1,YTHDC1,-0.2955605,True
any,4,DataSet_03_085,FOXD1,PUM1,0.116525,True
any,4,DataSet_03_087,FOXF2,DNAJC27,-0.3298675,True
any,4,DataSet_03_089,FOXK1,EFHD1,0.3061892,False
any,4,DataSet_03_090,FOXM1,MIR3678,0.0,True
any,4,DataSet_03_091,FOXM1,RNF138,-0.1287333,True
any,4,DataSet_03_093,FOXM1,SNORD92,0.0,True
any,4,DataSet_03_096,FOXO1,CELF4,-0.9083744,True
any,4,DataSet_03_100,GATA2,ZNF579,0.4373309,True
any,4,DataSet_03_108,GATA6,BBS4,-0.08407674,True
any,4,DataSet_03_110,GATA6,PRSS3,-0.509562,True
any,4,DataSet_03_113,GRHL3,GOLGA8E,0.0,True
any,4,DataSet_03_114,HDAC3,SOAT2,-0.4771083,True
any,4,DataSet_03_116,HES6,RPE,-0.00222395,True
any,4,DataSet_03_117,HES6,INSM2,0.1141919,True
any,4,DataSet_03_119,HIF1A,ANKRD36BP1,0.0,True
any,4,DataSet_03_122,HINFP,RPAIN,0.10418,True
any,4,DataSet_03_123,HINFP,USP17L2,0.0,True
any,4,DataSet_03_124,HMGA1,IKZF4,-0.2619307,True
any,4,DataSet_03_127,HOXB7,FAM172A,0.4923873,True
any,4,DataSet_03_128,HOXC4,TYSND1,-0.08876318,False
any,4,DataSet_03_129,HSF1,GPR176,-0.0050725,True
any,4,DataSet_03_143,JUN,SDPR,0.0,True
any,4,DataSet_03_148,KLF5,EXOSC1,-0.01095,True
any,4,DataSet_03_149,KLF5,IER2,0.1308332,True
any,4,DataSet_03_150,KLF5,KRT23,2.654393,True
any,4,DataSet_03_151,KLF5,SGMS2,-0.01293265,True
any,4,DataSet_03_155,MAFB,ACOX1,0.07333333,True
any,4,DataSet_03_165,MITF,BCMO1,0.2010429,True
any,4,DataSet_03_168,MITF,GRIA1,-0.3899538,True
any,4,DataSet_03_173,MYB,TTTY20,-0.02266667,True
any,4,DataSet_03_178,MYC,ACTA2,1.710247,True
any,4,DataSet_03_189,NCOA1,PPP1R3A,0.0,True
any,4,DataSet_03_190,NCOA2,SPANXB1,0.0,True
any,4,DataSet_03_191,NCOA3,GLYR1,0.0,True
any,4,DataSet_03_192,NCOR1,ZNF831,0.1381051,True
any,4,DataSet_03_199,NMI,PAPOLA,-0.05819667,False
any,4,DataSet_03_200,NPAT,LOC220906,0.0,False
any,4,DataSet_03_201,NPAT,SGOL1,-0.2811455,False
any,4,DataSet_03_202,NR2F2,FAM8A1,0.02845425,True
any,4,DataSet_03_205,PARK7,OR4A16,0.0,True
any,4,DataSet_03_207,PBX1,RGSL1,0.217776,True
any,4,DataSet_03_208,PBX1,TM4SF1,0.1545327,True
any,4,DataSet_03_209,PBX1,DCTN2,-0.098415,True
any,4,DataSet_03_211,PHB,KIAA2018,-0.5379492,False
any,4,DataSet_03_214,PPARG,LIMD1,0.1016667,True
any,4,DataSet_03_217,PRRX1,GEMIN6,0.4520394,True
any,4,DataSet_03_220,RBL2,MIR30E,0.0,False
any,4,DataSet_03_221,RCHY1,HPYR1,0.0,False
any,4,DataSet_03_222,RELA,MLH3,0.1839286,True
any,4,DataSet_03_223,RELA,FAM83H,-0.07738095,True
any,4,DataSet_03_225,RELB,OR4A5,0.3194825,True
any,4,DataSet_03_228,REST,LOC728643,0.0,True
any,4,DataSet_03_229,SATB1,ABCA7,-0.0306022,True
any,4,DataSet_03_232,SKP2,RPS7,0.03792467,False
any,4,DataSet_03_235,SMARCA4,FBXL7,0.0,True
any,4,DataSet_03_236,SMARCC1,TCP10L2,0.0,True
any,4,DataSet_03_237,SOX11,PLCG2,0.3657152,True
any,4,DataSet_03_238,SOX11,OR56B1,0.1196634,True
any,4,DataSet_03_239,SOX11,CYP2D6,0.0,True
any,4,DataSet_03_241,SOX2,SH3BP5L,-0.3800545,True
any,4,DataSet_03_242,SOX2,MIR585,0.0,True
any,4,DataSet_03_244,SOX2,ZFP3,-0.8850224,True
any,4,DataSet_03_246,SOX4,ADCY1,-0.6100535,True
any,4,DataSet_03_249,SP1,PDRG1,-0.6169419,True
any,4,DataSet_03_251,SP1,FAM49B,-0.4789749,True
any,4,DataSet_03_253,SPIB,C13orf40,0.0,True
any,4,DataSet_03_255,SSRP1,SLC22A13,0.0,True
any,4,DataSet_03_256,STAT1,OR2AG2,0.0,True
any,4,DataSet_03_258,STAT3,SLC6A9,1.037283,True
any,4,DataSet_03_259,STAT3,AHNAK2,-0.15229,True
any,4,DataSet_03_260,STAT3,C2orf48,0.0,True
any,4,DataSet_03_261,STAT3,PLEKHF1,-0.3298242,True
any,4,DataSet_03_262,STAT3,CRY2,0.0,True
any,4,DataSet_03_264,STAT6,ZSCAN10,-0.2830946,True
any,4,DataSet_03_267,TCF7L1,HSCB,-0.06296089,True
any,4,DataSet_03_271,TET2,LRRFIP1,0.067228,False
any,4,DataSet_03_273,TET3,SCLT1,-0.15426,False
any,4,DataSet_03_274,TFAP2C,UBE3B,-0.2063294,True
any,4,DataSet_03_275,TFE3,KIAA0368,0.0,True
any,4,DataSet_03_277,TP53,AHCYL1,-0.02536233,True
any,4,DataSet_03_284,TWIST2,PCDHA3,-0.01084479,True
any,4,DataSet_03_287,ZHX2,ZBTB34,0.0972425,True
any,4,DataSet_03_294,ZNF750,AQP7,0.0,False
any,4,DataSet_04_002,CDC5L,CHMP4A,-0.4278193,False
any,4,DataSet_04_003,CHCHD3,GSC,0.0,False
any,4,DataSet_04_004,CIZ1,SPATA22,0.06140054,False
any,4,DataSet_04_006,DDX59,LRRC24,-0.4360991,False
any,4,DataSet_04_010,FUBP1,FLJ39639,0.0,False
any,4,DataSet_04_011,FUBP3,CEACAM8,0.0,False
any,4,DataSet_04_012,MARK2,IPPK,-1.326383,False
any,4,DataSet_04_015,NKRF,UQCRQ,0.0,True
any,4,DataSet_04_016,NUP35,CAMSAP1,-0.08582874,False
any,4,DataSet_04_018,RPS3,DPY19L3,0.1870538,False
any,4,DataSet_04_019,SMAD2,APLN,0.0,True
any,4,DataSet_04_020,SMAD4,C1QTNF9,0.0,True
any,4,DataSet_04_022,STAT1,RPL18AP3,0.0,True
any,4,DataSet_04_024,YBX1,SNORD115-3,0.0,True
any,4,DataSet_04_026,ANXA2,RNF152,0.0,False
any,4,DataSet_04_028,CIZ1,MOSPD2,0.1117999,False
any,4,DataSet_04_032,FUBP1,C8orf47,0.0,False
any,4,DataSet_04_036,SMAD2,ZNF576,0.0,True
any,4,DataSet_04_037,SMAD4,OR11A1,0.0,True
any,4,DataSet_04_039,SRPK2,SELE,0.0,False
any,4,DataSet_04_041,YBX1,EPHA7,0.0,True
matched,0,DataSet_01_006,PROX1,JUP,-0.68409,True
matched,0,DataSet_01_007,NR2F2,FABP7,0.12086,True
matched,0,DataSet_01_008,WT1,THBS1,-0.06008,True
matched,0,DataSet_01_010,TP53,IL2,-0.18257,True
matched,0,DataSet_01_011,TP53,JUN,-0.12156,True
matched,0,DataSet_01_012,FLI1,ARNT,-0.08067,True
matched,0,DataSet_01_013,FLI1,ATOH1,0.0,True
matched,0,DataSet_01_014,FLI1,APOA5,0.0,True
matched,0,DataSet_01_015,FLI1,CASP9,0.24286,True
matched,0,DataSet_01_016,FLI1,HK2,-0.2899,True
matched,0,DataSet_01_017,ERG,HAND1,0.37454,True
matched,0,DataSet_01_018,YY1,FGF4,0.32104,True
matched,0,DataSet_01_021,STAT1,GCK,0.45,True
matched,0,DataSet_01_025,MITF,CARM1,-0.61322,True
matched,0,DataSet_01_026,PAX3,PCK2,0.03368,True
matched,0,DataSet_01_027,PAX3,CYP17A1,-0.47689,True
matched,0,DataSet_01_029,ATM,ATF3,-1.98037,False
matched,0,DataSet_01_030,RELA,VDR,-0.58635,True
matched,0,DataSet_01_031,TP53,FGFR1,-0.21439,True
matched,0,DataSet_01_033,ATF3,CXCL2,-0.58786,True
matched,0,DataSet_01_034,EGR3,AURKB,-0.05684,True
matched,0,DataSet_01_036,ETV1,BIRC7,-0.03822,True
matched,0,DataSet_01_037,TP53,TGFB1,-0.57143,True
matched,0,DataSet_01_038,TP53,VEGFA,0.15,True
matched,0,DataSet_01_042,POU5F1,CCNA2,-0.22842,True
matched,0,DataSet_01_043,CBFB,BOK,0.20027,False
matched,0,DataSet_01_044,MYB,HSPA5,-0.2807,True
matched,0,DataSet_01_045,PRDM14,A4GALT,-0.19441,False
matched,0,DataSet_01_049,STAT3,WNT2,0.54585,True
matched,0,DataSet_01_051,RARA,TGFB2,-0.06587,True
matched,0,DataSet_01_053,TFAP2C,DLX3,-0.56913,True
matched,0,DataSet_01_058,BACH1,ADAM12,-0.1091,True
matched,0,DataSet_01_059,BACH1,ACSBG1,-0.01391,True
matched,0,DataSet_01_060,NFE2L2,HPSE,-0.64331,True
matched,0,DataSet_01_068,TP53,IL6,-3.4138,True
matched,0,DataSet_01_071,ELF5,ABCA17P,0.0,True
matched,0,DataSet_01_073,ZNF148,ACR,0.16987,True
matched,0,DataSet_01_074,CEBPD,DNMT1,0.11558,True
matched,0,DataSet_01_075,CEBPZ,ALPP,0.24422,True
matched,0,DataSet_01_076,ETS1,STMN1,-0.39683,True
matched,0,DataSet_01_077,FOXM1,PIK3C3,0.37346,True
matched,0,DataSet_01_078,HSF2,AATF,0.54784,True
matched,0,DataSet_01_079,MITF,APOE,-0.11667,True
matched,0,DataSet_01_080,RELA,NFKB1,-0.00626,True
matched,0,DataSet_01_081,SP1,CCND2,0.0842,True
matched,0,DataSet_01_082,SP100,ADAT2,-0.04262,False
matched,0,DataSet_01_083,STAT1,GCLC,0.22205,True
matched,0,DataSet_01_084,STAT3,NQO1,-0.38114,True
matched,0,DataSet_01_085,STAT6,CCR4,0.31918,True
matched,0,DataSet_01_086,HIF1A,GAST,0.13197,True
matched,0,DataSet_01_088,FOXP1,CHRD,-0.43931,True
matched,0,DataSet_01_089,NR2F2,CPT1A,-0.01634,True
matched,0,DataSet_01_090,NR2F2,CYP1B1,0.17824,True
matched,0,DataSet_01_091,ETV6,CBX2,0.06018,True
matched,0,DataSet_01_094,NANOG,ABCA1,-0.02404,True
matched,0,DataSet_01_095,POU5F1,IGF2,0.22447,True
matched,0,DataSet_01_096,SOX2,NF1,0.20303,True
matched,0,DataSet_01_098,SALL4,CSH1,0.0,True
matched,0,DataSet_01_099,FOS,COL1A2,0.10175,True
matched,0,DataSet_01_101,IRF6,ATF1,-0.02404,True
matched,0,DataSet_01_103,HNF1B,DLX3,0.05132,True
matched,0,DataSet_01_105,FOXA1,CD14,-0.23186,True
matched,0,DataSet_01_112,HSF1,IHH,-0.04179,True
matched,0,DataSet_01_114,ARID1A,AASDH,0.21676,True
matched,0,DataSet_01_117,ID1,GNRH1,1.71219,True
matched,0,DataSet_01_118,ID1,PAX3,0.82002,True
matched,0,DataSet_01_121,ZIC2,ADAM23,0.0,True
matched,0,DataSet_01_123,ZNF91,AOX1,0.09671,True
matched,0,DataSet_01_127,ZNF254,ABCF1,-0.08685,False
matched,0,DataSet_01_128,ZNF431,ABCA13,0.21847,False
matched,0,DataSet_01_132,EGR4,AARSD1,0.02414,True
matched,0,DataSet_01_135,SPDEF,AHSP,0.06966,True
matched,0,DataSet_01_136,REST,DAPK1,-0.19428,True
matched,0,DataSet_01_138,IKZF1,APBB1,-0.03785,True
matched,0,DataSet_01_139,POLR3A,ABCC11,0.73525,False
matched,0,DataSet_01_142,LEF1,CSF1R,0.01023,True
matched,0,DataSet_01_145,REST,ANG,-0.05633,True
matched,0,DataSet_01_147,EHF,ARHGDIB,-0.12395,True
matched,0,DataSet_01_148,MYBL2,FCGRT,-0.13438,True
matched,0,DataSet_01_149,ETS2,HLA-DQB1,-0.0375,True
matched,0,DataSet_01_150,TFAP2C,COMP,-0.04638,True
matched,0,DataSet_01_151,TEAD4,ABCA5,-0.09575,True
matched,0,DataSet_01_153,LIN28B,ADARB1,-0.41545,False
matched,0,DataSet_01_154,STAT1,BBC3,0.0,True
matched,0,DataSet_01_155,HSF1,IHH,-1.25298,True
matched,0,DataSet_01_156,HIF1A,APOC3,0.04132,True
matched,0,DataSet_01_162,ELK1,ASPH,0.9358,True
matched,0,DataSet_01_164,JUN,PPARG,0.77758,True
matched,0,DataSet_01_165,MAF,TLR2,1.13816,True
matched,0,DataSet_01_166,NFATC3,AHCYL1,-5.85123,True
matched,0,DataSet_01_168,STAT3,TNC,0.09848,True
matched,0,DataSet_01_169,HOXB7,DST,0.19016,True
matched,0,DataSet_01_170,HOXB7,ATP1B1,-0.22549,True
matched,0,DataSet_01_171,FOSL1,IAPP,0.0,True
matched,0,DataSet_01_173,ESRRG,DBI,-0.07026,True
matched,0,DataSet_01_175,TP53,SERPINE1,-0.17014,True
matched,0,DataSet_01_176,NR2F2,ARNT,0.12837,True
matched,0,DataSet_01_177,NR2F2,ATP2A2,-0.44942,True
matched,0,DataSet_01_180,STAT3,ABCC3,0.13997,True
matched,0,DataSet_01_183,TP63,DNMT1,-0.12458,True
matched,0,DataSet_01_184,STAT3,APC,0.04868,True
matched,0,DataSet_01_185,TCF4,NOTCH3,-0.28649,True
matched,0,DataSet_01_189,SPDEF,AHSP,0.07991,True
matched,0,DataSet_01_192,AR,PTGS2,-0.05889,True
matched,0,DataSet_01_196,TP63,CYBB,0.06472,True
matched,0,DataSet_01_198,TP63,EBP,0.52992,True
matched,0,DataSet_01_200,TP63,CDH5,0.33011,True
matched,0,DataSet_01_203,XBP1,ALOX12,-0.30477,True
matched,0,DataSet_01_204,XBP1,HAND1,0.2946,True
matched,0,DataSet_01_211,REST,CPT1B,0.12349,True
matched,0,DataSet_01_213,SOX11,ABCA5,0.06024,True
matched,0,DataSet_01_214,BCLAF1,ACVRL1,-0.28139,True
matched,0,DataSet_01_217,TAL1,ESR2,0.03206,True
matched,0,DataSet_01_218,PTEN,ACHE,-0.02532,False
matched,0,DataSet_01_220,HIF1A,SOD2,-0.03104,True
matched,0,DataSet_01_222,KLF9,B4GALT5,0.13432,True
matched,0,DataSet_01_223,FOXM1,BMI1,0.0,True
matched,0,DataSet_01_224,HIF1A,IFNA1,0.0,True
matched,0,DataSet_01_226,KLF2,DR1,-0.36759,True
matched,0,DataSet_01_228,HIF1A,FAS,-0.03522,True
matched,0,DataSet_01_233,FOXA1,ADCYAP1,0.65317,True
matched,0,DataSet_01_238,NFYB,AASDHPPT,-0.003,True
matched,0,DataSet_01_244,ETS1,GNRHR,0.00621,True
matched,0,DataSet_01_246,TLX1,APOC2,0.0,True
matched,0,DataSet_01_247,GATA6,MCM7,-0.50886,True
matched,0,DataSet_01_248,SMAD2,ACAT2,0.0,True
matched,0,DataSet_01_255,YBX1,GCM1,0.3221,True
matched,0,DataSet_01_256,YBX1,GABRB3,-0.031,True
matched,0,DataSet_01_257,YBX1,KRT19,-0.52749,True
matched,0,DataSet_01_258,YBX1,CYP2A6,0.04498,True
matched,0,DataSet_01_260,SOX4,ESRRG,0.07648,True
matched,0,DataSet_01_261,NFKB2,FCGR1A,-0.03287,True
matched,0,DataSet_01_267,FOXO3,CSF1R,-0.0665,True
matched,0,DataSet_01_269,SIX4,ABCE1,-1.32044,True
matched,0,DataSet_01_276,PTEN,ME3,-0.04032,False
matched,0,DataSet_01_277,SALL4,EGLN1,0.56962,True
matched,0,DataSet_01_280,ESRRA,ABCA12,-0.02884,True
matched,0,DataSet_01_281,MSX1,HLA-DQB1,-0.62351,True
matched,0,DataSet_01_282,IRF7,PF4,0.0218,True
matched,0,DataSet_01_283,AHR,MET,-1.33653,True
matched,0,DataSet_01_293,POSTN,HMGCR,-0.57778,False
matched,0,DataSet_01_295,TFAP4,BIN1,-2.95218,True
matched,0,DataSet_01_299,SOX7,APCDD1,0.2677,True
matched,0,DataSet_01_300,SOX17,LEFTY2,-0.2933,True
matched,0,DataSet_01_301,PTEN,PLAU,0.37364,False
matched,0,DataSet_01_302,PTEN,ACHE,-0.19513,False
matched,0,DataSet_01_303,PTEN,CEBPA,0.83695,False
matched,0,DataSet_01_304,ETV5,CREB3,-0.20258,True
matched,0,DataSet_01_305,HOXA5,AGRP,0.00564,True
matched,0,DataSet_01_306,NR2E1,ALPP,-0.11658,True
matched,0,DataSet_01_308,SOX9,IL13,0.36811,True
matched,0,DataSet_01_309,SOX9,EPO,0.60179,True
matched,0,DataSet_01_312,TFAP2C,EDNRB,0.44512,True
matched,0,DataSet_01_313,OVOL2,ADAMTSL4,0.43034,False
matched,0,DataSet_01_318,ELK3,AFMID,0.28466,True
matched,0,DataSet_01_324,MYC,FOXP3,0.40181,True
matched,0,DataSet_01_327,TP63,CARM1,-0.24456,True
matched,0,DataSet_01_330,TP63,HAMP,-0.0622,True
matched,0,DataSet_01_332,TOX,ABCG4,0.0,True
matched,0,DataSet_01_333,HOXC6,CCL13,0.48109,True
matched,0,DataSet_01_336,GRHL3,APPL1,0.0,True
matched,0,DataSet_01_337,REST,ISL1,-0.35614,True
matched,0,DataSet_01_338,REST,CYP8B1,0.03082,True
matched,0,DataSet_01_339,KLF4,NFYA,-0.10332,True
matched,0,DataSet_01_340,KLF7,AIMP2,0.06846,True
matched,0,DataSet_01_342,KLF7,AMBP,-0.2024,True
matched,0,DataSet_01_347,GATA3,CAV1,-0.36209,True
matched,0,DataSet_01_348,HIF1A,COL1A1,0.68179,True
matched,0,DataSet_01_349,SOX2,FGF8,-0.06904,True
matched,0,DataSet_01_354,ELK1,ANK1,-0.02647,True
matched,0,DataSet_01_356,ETV4,ADCY4,-0.23876,True
matched,0,DataSet_01_357,CDX2,SCARB1,-0.48915,True
matched,0,DataSet_01_360,SOX17,IRF3,0.05943,True
matched,0,DataSet_02_001,DROSHA,ANXA8,0.0,False
matched,0,DataSet_02_007,PTBP1,BEX2,0.31364,False
matched,0,DataSet_02_009,POLR2G,ABHD10,0.37206,False
matched,0,DataSet_02_012,SRSF4,AADAC,0.0,False
matched,0,DataSet_02_013,SRSF9,AA06,0.0,False
matched,0,DataSet_02_015,HOXB9,ABCB8,0.00571,True
matched,0,DataSet_02_016,JUND,DIO1,1.10309,True
matched,0,DataSet_02_018,STAT2,ARHGEF1,0.0,True
matched,0,DataSet_02_023,STAT1,CAT,0.21637,True
matched,0,DataSet_02_025,USF2,COL5A2,0.0,True
matched,0,DataSet_02_026,USF1,FHL2,0.52512,True
matched,0,DataSet_02_032,NFE2L1,BST2,0.18546,True
matched,0,DataSet_02_033,TEAD2,A2ML1,0.18442,True
matched,0,DataSet_02_039,RELA,LEP,0.0,True
matched,0,DataSet_02_040,TEAD4,ABCF2,0.10042,True
matched,0,DataSet_02_042,SP2,ACR,0.0,True
matched,0,DataSet_02_044,ZC3H11A,AGGF1,0.0,False
matched,0,DataSet_02_048,SMAD5,ABCD4,0.12732,True
matched,0,DataSet_02_051,HDAC8,AFF3,0.22239,False
matched,0,DataSet_02_053,TLE2,AIRE,-2.58496,False
matched,0,DataSet_02_054,ATF3,FOXO3,-0.41064,True
matched,0,DataSet_02_055,DLX1,ACVR1C,0.49381,True
matched,0,DataSet_02_058,HMBOX1,ABHD12,0.09183,False
matched,0,DataSet_02_061,RFX5,AGA,0.08797,True
matched,0,DataSet_02_063,TRIM28,CHUK,0.28372,True
matched,0,DataSet_02_071,TFDP1,ALDH1A3,0.0,True
matched,0,DataSet_02_075,HMGA1,DHCR24,0.20052,True
matched,0,DataSet_02_078,SIX5,ABI2,-0.70206,False
matched,0,DataSet_02_079,HMGN1,ARAP1,0.06165,False
matched,0,DataSet_02_082,ZBTB33,AAMP,0.22058,True
matched,0,DataSet_02_088,ILF2,AADACL3,0.0,False
matched,0,DataSet_02_090,SRSF9,ABCF3,0.14548,False
matched,0,DataSet_02_091,HNRNPK,APOF,-1.34932,False
matched,0,DataSet_02_096,HNRNPL,ACTR6,0.0,False
matched,0,DataSet_02_097,U2AF1,EEF1A2,-1.77131,False
matched,0,DataSet_02_099,PSIP1,CELA2A,0.0,False
matched,0,DataSet_02_100,RBM17,AADAT,-0.14782,False
matched,0,DataSet_02_101,RBFOX2,CA1,0.0,False
matched,0,DataSet_02_103,FIP1L1,ABCA13,0.0,False
matched,0,DataSet_02_104,HDGF,ADARB2,0.0,True
matched,0,DataSet_02_105,U2AF2,AIP,0.28951,False
matched,0,DataSet_02_107,SSB,AAAS,0.03247,False
matched,0,DataSet_02_108,ZNF622,AFF1,0.18484,False
matched,0,DataSet_02_110,GTF2F1,BARD1,-0.19075,False
matched,0,DataSet_02_111,RBM39,AARS2,-0.86721,False
matched,0,DataSet_02_114,XRCC5,BAG2,0.0,False
matched,0,DataSet_02_115,PCBP1,AOX1,-0.25215,False
matched,0,DataSet_02_117,SUB1,ADAMTS5,0.0,False
matched,0,DataSet_02_120,PTBP1,ASXL3,0.0,False
matched,0,DataSet_02_121,RBM34,ABCA11P,0.0,False
matched,0,DataSet_02_123,PCBP2,A1BG-AS1,-0.73697,False
matched,0,DataSet_02_124,FUS,EEF1A2,-0.47061,False
matched,0,DataSet_02_126,SNRNP70,ABCC11,1.0,False
matched,0,DataSet_02_128,PRPF4,AAK1,-0.56762,False
matched,0,DataSet_02_130,POLR2G,A1BG,0.27432,False
matched,0,DataSet_02_131,PTBP1,ACR,0.0,False
matched,0,DataSet_02_133,SRSF7,APBA1,0.0,False
matched,0,DataSet_02_136,HNRNPK,ADAM19,-0.09311,False
matched,0,DataSet_02_137,PCBP1,ALS2,0.17036,False
matched,0,DataSet_02_138,RBM17,ABCF3,0.06757,False
matched,0,DataSet_02_139,RBFOX2,EEF1A2,0.66348,False
matched,0,DataSet_02_140,TAF15,AADAT,0.0,False
matched,0,DataSet_02_141,RBM34,A2LD1,0.0,False
matched,0,DataSet_02_144,PTBP1,APBB1,-0.10236,False
matched,0,DataSet_02_145,DROSHA,AQP4,0.0,False
matched,0,DataSet_02_147,FIP1L1,ABCA9,-2.0,False
matched,0,DataSet_02_148,ILF3,ACOT7,-0.30992,False
matched,0,DataSet_02_151,RBM39,ADARB2,0.0,False
matched,0,DataSet_02_152,ILF2,AARS,-0.32695,False
matched,0,DataSet_02_154,SRSF4,AADACL3,0.0,False
matched,0,DataSet_02_155,FUS,CA1,0.04107,False
matched,0,DataSet_02_156,HNRNPUL1,AQP7,-0.08246,False
matched,0,DataSet_02_157,GTF2F1,CBFB,0.08969,False
matched,0,DataSet_02_158,PSIP1,ACSL5,-0.52026,False
matched,0,DataSet_02_159,XRCC5,ARRB2,0.16767,False
matched,0,DataSet_02_160,HNRNPL,APCDD1,0.0,False
matched,0,DataSet_02_161,SUB1,ADH4,0.0,False
matched,0,DataSet_02_164,SSB,AADAT,0.0,False
matched,0,DataSet_02_168,RBM22,AADACL4,0.0,False
matched,0,DataSet_02_170,U2AF2,ADIPOR1,0.351,False
matched,0,DataSet_02_172,ZFX,ABCF3,0.18765,True
matched,0,DataSet_02_175,LMNA,ADAMTS7,0.0,False
matched,0,DataSet_02_185,CTCF,ATF5,-0.30297,True
matched,0,DataSet_02_190,RAD21,ADAMTS4,0.0,False
matched,0,DataSet_02_192,MAX,ADAMTS4,0.0,True
matched,0,DataSet_02_195,LMNB1,ABCC6P1,0.848,False
matched,0,DataSet_02_206,ZFX,AAGAB,-0.04102,True
matched,0,DataSet_03_002,AKT1,BIRC5,-0.2089253,False
matched,0,DataSet_03_004,AR,RB1,0.3532765,True
matched,0,DataSet_03_005,AR,FOXP3,0.6348563,True
matched,0,DataSet_03_007,AR,SPP1,-0.05397967,True
matched,0,DataSet_03_013,ARID1A,ABCC6P1,0.0,True
matched,0,DataSet_03_017,ATF3,CFLAR,-0.1065309,True
matched,0,DataSet_03_018,ATF4,ANKRD1,-2.475462,True
matched,0,DataSet_03_021,BAG1,CLDN4,0.0,False
matched,0,DataSet_03_022,BATF3,AIP,-0.121773,False
matched,0,DataSet_03_026,BCL6,JUNB,0.2522253,True
matched,0,DataSet_03_031,CASP8AP2,CD68,0.0,False
matched,0,DataSet_03_035,CCNB1,TNFSF10,-0.40307,False
matched,0,DataSet_03_049,CEBPB,GNRH1,0.8741281,True
matched,0,DataSet_03_056,CTCF,EIF4E,0.06182045,True
matched,0,DataSet_03_059,CTNNB1,COL1A2,0.0,True
matched,0,DataSet_03_060,E2F1,CDKN2B,-0.3752875,True
matched,0,DataSet_03_063,E2F7,ADCY3,-0.1584805,True
matched,0,DataSet_03_065,EP300,IVL,0.0,True
matched,0,DataSet_03_066,ERBB2,SIRT1,0.4835487,False
matched,0,DataSet_03_073,ETS1,SCGB1A1,0.09285714,True
matched,0,DataSet_03_074,ETS1,GRIN1,0.01666667,True
matched,0,DataSet_03_075,ETV6,ATF7,-0.06588,True
matched,0,DataSet_03_078,FLI1,CCL19,-0.0114182,True
matched,0,DataSet_03_080,FOXA1,ADM,1.04337,True
matched,0,DataSet_03_085,FOXD1,ABCB6,-0.04549294,True
matched,0,DataSet_03_087,FOXF2,ABCF1,0.08627947,True
matched,0,DataSet_03_089,FOXK1,AFF3,-0.086425,False
matched,0,DataSet_03_090,FOXM1,FOXO3,0.0,True
matched,0,DataSet_03_091,FOXM1,CFLAR,-0.1950718,True
matched,0,DataSet_03_093,FOXM1,PIK3C3,0.135625,True
matched,0,DataSet_03_096,FOXO1,CASP1,-0.2002362,True
matched,0,DataSet_03_100,GATA2,ADRA1D,-0.2675259,True
matched,0,DataSet_03_108,GATA6,MCM7,0.2145095,True
matched,0,DataSet_03_110,GATA6,APOM,-0.1253889,True
matched,0,DataSet_03_113,GRHL3,AMY1A,0.0,True
matched,0,DataSet_03_114,HDAC3,BLMH,0.135242,True
matched,0,DataSet_03_116,HES6,CKS2,0.2516898,True
matched,0,DataSet_03_117,HES6,BID,0.07103392,True
matched,0,DataSet_03_119,HIF1A,HBG1,0.0,True
matched,0,DataSet_03_122,HINFP,CD1A,-0.031499,True
matched,0,DataSet_03_123,HINFP,ACLY,-0.1687705,True
matched,0,DataSet_03_124,HMGA1,AANAT,0.1372423,True
matched,0,DataSet_03_127,HOXB7,ALDH1A1,-0.1023957,True
matched,0,DataSet_03_128,HOXC4,ACOT8,-0.01217057,False
matched,0,DataSet_03_129,HSF1,BDKRB1,0.0834725,True
matched,0,DataSet_03_143,JUN,BGLAP,0.3968301,True
matched,0,DataSet_03_148,KLF5,CHEK2,0.194341,True
matched,0,DataSet_03_149,KLF5,GJA5,0.1975863,True
matched,0,DataSet_03_150,KLF5,ERG,0.2498347,True
matched,0,DataSet_03_151,KLF5,CLDN2,1.758163,True
matched,0,DataSet_03_155,MAFB,EDNRB,0.15,True
matched,0,DataSet_03_165,MITF,CR2,0.1029954,True
matched,0,DataSet_03_168,MITF,CAT,-0.7365438,True
matched,0,DataSet_03_173,MYB,CD4,-0.068,True
matched,0,DataSet_03_178,MYC,AKT1,0.2621715,True
matched,0,DataSet_03_189,NCOA1,ABCB8,0.0,True
matched,0,DataSet_03_190,NCOA2,ABCB6,0.0,True
matched,0,DataSet_03_191,NCOA3,KDM3A,0.4861727,True
matched,0,DataSet_03_192,NCOR1,CYP8B1,-0.2510781,True
matched,0,DataSet_03_199,NMI,AARS2,-0.316003,False
matched,0,DataSet_03_200,NPAT,CD68,0.0,False
matched,0,DataSet_03_201,NPAT,CASP8AP2,0.000826,False
matched,0,DataSet_03_202,NR2F2,CTSK,-0.06642884,True
matched,0,DataSet_03_205,PARK7,CCL15,0.0,True
matched,0,DataSet_03_207,PBX1,BAD,-0.0065845,True
matched,0,DataSet_03_208,PBX1,CDH17,0.01065267,True
matched,0,DataSet_03_209,PBX1,CDH17,0.1014733,True
matched,0,DataSet_03_211,PHB,ABHD12,0.3857941,False
matched,0,DataSet_03_214,PPARG,FN1,0.7466667,True
matched,0,DataSet_03_217,PRRX1,ATXN7,0.1154684,True
matched,0,DataSet_03_220,RBL2,APOE,-0.4741627,False
matched,0,DataSet_03_221,RCHY1,ADRA1A,0.0,False
matched,0,DataSet_03_222,RELA,CYP1A1,-0.375,True
matched,0,DataSet_03_223,RELA,MAPK8,0.4035714,True
matched,0,DataSet_03_225,RELB,LMO2,0.182315,True
matched,0,DataSet_03_228,REST,LIPE,0.0263265,True
matched,0,DataSet_03_229,SATB1,CD5,0.06831255,True
matched,0,DataSet_03_232,SKP2,IGF1R,-0.6045857,False
matched,0,DataSet_03_235,SMARCA4,HNF4A,0.0,True
matched,0,DataSet_03_236,SMARCC1,CPS1,0.5519047,True
matched,0,DataSet_03_237,SOX11,ABCA9,0.6068264,True
matched,0,DataSet_03_238,SOX11,AARS,-0.2686958,True
matched,0,DataSet_03_239,SOX11,ABCA5,0.03883173,True
matched,0,DataSet_03_241,SOX2,ACTA2,0.4008136,True
matched,0,DataSet_03_242,SOX2,DDIT3,-0.45784,True
matched,0,DataSet_03_244,SOX2,GCG,0.0039572,True
matched,0,DataSet_03_246,SOX4,ADH1B,1.072756,True
matched,0,DataSet_03_249,SP1,MAPK1,-0.204822,True
matched,0,DataSet_03_251,SP1,ERBB2,0.8345265,True
matched,0,DataSet_03_253,SPIB,DST,-0.0004435,True
matched,0,DataSet_03_255,SSRP1,AADAT,0.06105,True
matched,0,DataSet_03_256,STAT1,WNT2,0.2110517,True
matched,0,DataSet_03_258,STAT3,RARA,-0.6601151,True
matched,0,DataSet_03_259,STAT3,NR0B2,-0.019396,True
matched,0,DataSet_03_260,STAT3,GCK,-0.1470133,True
matched,0,DataSet_03_261,STAT3,MBP,-0.2066531,True
matched,0,DataSet_03_262,STAT3,MEF2C,0.0,True
matched,0,DataSet_03_264,STAT6,ITGB3,-0.2351912,True
matched,0,DataSet_03_267,TCF7L1,ABHD12,-0.0516159,True
matched,0,DataSet_03_271,TET2,C1QTNF3,-0.12282,False
matched,0,DataSet_03_273,TET3,ANK2,0.151645,False
matched,0,DataSet_03_274,TFAP2C,DSG4,-0.675267,True
matched,0,DataSet_03_275,TFE3,ARID3A,-0.1930831,True
matched,0,DataSet_03_277,TP53,CDKN1B,0.5457997,True
matched,0,DataSet_03_284,TWIST2,CCNE2,0.419892,True
matched,0,DataSet_03_287,ZHX2,ACVRL1,-0.06413,True
matched,0,DataSet_03_294,ZNF750,ACMSD,-0.0754635,False
matched,0,DataSet_04_002,CDC5L,ADAT2,-0.7755083,False
matched,0,DataSet_04_003,CHCHD3,A1CF,0.0,False
matched,0,DataSet_04_004,CIZ1,ABCC11,1.125531,False
matched,0,DataSet_04_006,DDX59,ABCD4,-0.04366886,False
matched,0,DataSet_04_010,FUBP1,ACTL6A,-0.4189762,False
matched,0,DataSet_04_011,FUBP3,ABCC10,-0.1544933,False
matched,0,DataSet_04_012,MARK2,AASDH,-0.4494895,False
matched,0,DataSet_04_015,NKRF,ABCF3,-0.1817841,True
matched,0,DataSet_04_016,NUP35,ABHD1,0.0,False
matched,0,DataSet_04_018,RPS3,AMPD1,0.1805722,False
matched,0,DataSet_04_019,SMAD2,CCNE2,0.5341981,True
matched,0,DataSet_04_020,SMAD4,FLT3,0.0,True
matched,0,DataSet_04_022,STAT1,MEF2C,-0.2285737,True
matched,0,DataSet_04_024,YBX1,IRF3,0.1476159,True
matched,0,DataSet_04_026,ANXA2,ADD1,-0.0156566,False
matched,0,DataSet_04_028,CIZ1,ABCC6P2,0.2523772,False
matched,0,DataSet_04_032,FUBP1,AQP9,0.0,False
matched,0,DataSet_04_036,SMAD2,CES2,-0.1106171,True
matched,0,DataSet_04_037,SMAD4,DNMT3A,0.244699,True
matched,0,DataSet_04_039,SRPK2,ACO2,-0.04169596,False
matched,0,DataSet_04_041,YBX1,ASNS,0.7482207,True
matched,1,DataSet_01_006,PROX1,EREG,-1.28503,True
matched,1,DataSet_01_007,NR2F2,DES,2.31389,True
matched,1,DataSet_01_008,WT1,GFAP,-0.17331,True
matched,1,DataSet_01_010,TP53,CYP19A1,0.38746,True
matched,1,DataSet_01_011,TP53,IL6,1.0442,True
matched,1,DataSet_01_012,FLI1,CA2,0.09095,True
matched,1,DataSet_01_013,FLI1,HLA-G,0.03523,True
matched,1,DataSet_01_014,FLI1,LGALS3,0.12419,True
matched,1,DataSet_01_015,FLI1,CCR4,0.0,True
matched,1,DataSet_01_016,FLI1,CEACAM1,-0.03376,True
matched,1,DataSet_01_017,ERG,MAOA,0.99587,True
matched,1,DataSet_01_018,YY1,SCNN1A,0.40957,True
matched,1,DataSet_01_021,STAT1,ADRA1D,0.4925,True
matched,1,DataSet_01_025,MITF,DNMT1,-0.00585,True
matched,1,DataSet_01_026,PAX3,ABCC3,0.04596,True
matched,1,DataSet_01_027,PAX3,MET,-0.02051,True
matched,1,DataSet_01_029,ATM,BCL6,-0.76062,False
matched,1,DataSet_01_030,RELA,VDR,-0.58635,True
matched,1,DataSet_01_031,TP53,CDKN2A,0.26719,True
matched,1,DataSet_01_033,ATF3,CASP8,-0.29685,True
matched,1,DataSet_01_034,EGR3,ERCC3,0.0,True
matched,1,DataSet_01_036,ETV1,BCL11A,0.06457,True
matched,1,DataSet_01_037,TP53,PRL,-0.26599,True
matched,1,DataSet_01_038,TP53,CCL2,-0.44,True
matched,1,DataSet_01_042,POU5F1,CCNE1,-0.20131,True
matched,1,DataSet_01_043,CBFB,ALCAM,-0.21186,False
matched,1,DataSet_01_044,MYB,FAS,-0.40756,True
matched,1,DataSet_01_045,PRDM14,ADH6,0.0,False
matched,1,DataSet_01_049,STAT3,DUSP1,0.49908,True
matched,1,DataSet_01_051,RARA,STAT3,0.33758,True
matched,1,DataSet_01_053,TFAP2C,ANGPTL4,0.20941,True
matched,1,DataSet_01_058,BACH1,APOBEC3G,-0.05535,True
matched,1,DataSet_01_059,BACH1,CBX2,0.03814,True
matched,1,DataSet_01_060,NFE2L2,BNIP3,-1.31062,True
matched,1,DataSet_01_068,TP53,CREBBP,0.08581,True
matched,1,DataSet_01_071,ELF5,AASDHPPT,-0.00953,True
matched,1,DataSet_01_073,ZNF148,BCOR,-0.15456,True
matched,1,DataSet_01_074,CEBPD,CSF1R,0.08033,True
matched,1,DataSet_01_075,CEBPZ,ALS2,0.31331,True
matched,1,DataSet_01_076,ETS1,PKLR,-0.1395,True
matched,1,DataSet_01_077,FOXM1,ATF3,-1.58354,True
matched,1,DataSet_01_078,HSF2,C1QTNF3,0.01678,True
matched,1,DataSet_01_079,MITF,CDH5,0.02536,True
matched,1,DataSet_01_080,RELA,MMP13,0.07749,True
matched,1,DataSet_01_081,SP1,E2F1,-0.25179,True
matched,1,DataSet_01_082,SP100,ACVR1B,-0.05181,False
matched,1,DataSet_01_083,STAT1,PLAUR,-0.33248,True
matched,1,DataSet_01_084,STAT3,MYH6,-0.27002,True
matched,1,DataSet_01_085,STAT6,GC,-0.12696,True
matched,1,DataSet_01_086,HIF1A,CSF2,0.02307,True
matched,1,DataSet_01_088,FOXP1,ACAT2,0.19808,True
matched,1,DataSet_01_089,NR2F2,FOXC1,0.74873,True
matched,1,DataSet_01_090,NR2F2,CDX1,-0.00499,True
matched,1,DataSet_01_091,ETV6,ATF7,0.03425,True
matched,1,DataSet_01_094,NANOG,CSF1,-0.18427,True
matched,1,DataSet_01_095,POU5F1,TNFSF11,-0.18327,True
matched,1,DataSet_01_096,SOX2,DDIT3,-0.00547,True
matched,1,DataSet_01_098,SALL4,ANKRD2,-0.16425,True
matched,1,DataSet_01_099,FOS,TGFB1,0.45575,True
matched,1,DataSet_01_101,IRF6,BHMT,0.09515,True
matched,1,DataSet_01_103,HNF1B,CCL15,0.0,True
matched,1,DataSet_01_105,FOXA1,TAL1,-0.12087,True
matched,1,DataSet_01_112,HSF1,CYP2A6,0.131,True
matched,1,DataSet_01_114,ARID1A,AA06,0.0,True
matched,1,DataSet_01_117,ID1,MUC1,1.37202,True
matched,1,DataSet_01_118,ID1,CD79A,-0.43521,True
matched,1,DataSet_01_121,ZIC2,ACTR3,0.70827,True
matched,1,DataSet_01_123,ZNF91,APCDD1,0.19858,True
matched,1,DataSet_01_127,ZNF254,AARSD1,0.04483,False
matched,1,DataSet_01_128,ZNF431,ABCA8,0.09728,False
matched,1,DataSet_01_132,EGR4,ABCC6P1,0.0,True
matched,1,DataSet_01_135,SPDEF,CDH15,0.26516,True
matched,1,DataSet_01_136,REST,DAPK1,-0.19428,True
matched,1,DataSet_01_138,IKZF1,ABO,0.30581,True
matched,1,DataSet_01_139,POLR3A,ABCC11,0.73525,False
matched,1,DataSet_01_142,LEF1,TYR,-0.00315,True
matched,1,DataSet_01_145,REST,LIPE,0.07864,True
matched,1,DataSet_01_147,EHF,AIP,0.14408,True
matched,1,DataSet_01_148,MYBL2,DLD,-0.02172,True
matched,1,DataSet_01_149,ETS2,CA9,0.07667,True
matched,1,DataSet_01_150,TFAP2C,CCL8,-0.06668,True
matched,1,DataSet_01_151,TEAD4,ABCB7,0.0,True
matched,1,DataSet_01_153,LIN28B,ATXN7,-0.03205,False
matched,1,DataSet_01_154,STAT1,ACAN,0.21007,True
matched,1,DataSet_01_155,HSF1,CNTF,0.61157,True
matched,1,DataSet_01_156,HIF1A,APOC3,0.04132,True
matched,1,DataSet_01_162,ELK1,CCL17,4.67445,True
matched,1,DataSet_01_164,JUN,CDKN1B,1.55485,True
matched,1,DataSet_01_165,MAF,ILK,8.71938,True
matched,1,DataSet_01_166,NFATC3,APPL1,0.0,True
matched,1,DataSet_01_168,STAT3,MUC1,0.39651,True
matched,1,DataSet_01_169,HOXB7,CHGB,-0.21756,True
matched,1,DataSet_01_170,HOXB7,COMP,0.15816,True
matched,1,DataSet_01_171,FOSL1,NR5A2,-0.19997,True
matched,1,DataSet_01_173,ESRRG,GABRA6,0.0,True
matched,1,DataSet_01_175,TP53,MMP1,-0.34495,True
matched,1,DataSet_01_176,NR2F2,ARNT,0.12837,True
matched,1,DataSet_01_177,NR2F2,CA2,0.01817,True
matched,1,DataSet_01_180,STAT3,HLA-DRB1,0.00985,True
matched,1,DataSet_01_183,TP63,DIO2,0.68679,True
matched,1,DataSet_01_184,STAT3,CGA,0.01321,True
matched,1,DataSet_01_185,TCF4,LIN28A,0.0,True
matched,1,DataSet_01_189,SPDEF,C1QTNF3,-0.0366,True
matched,1,DataSet_01_192,AR,BCL2,-0.26034,True
matched,1,DataSet_01_196,TP63,EBP,-0.21338,True
matched,1,DataSet_01_198,TP63,IL12A,-3.42777,True
matched,1,DataSet_01_200,TP63,ATM,-0.30535,True
matched,1,DataSet_01_203,XBP1,LAMB1,-1.31081,True
matched,1,DataSet_01_204,XBP1,CXCL5,-0.16144,True
matched,1,DataSet_01_211,REST,CD38,-0.80779,True
matched,1,DataSet_01_213,SOX11,ABAT,0.14897,True
matched,1,DataSet_01_214,BCLAF1,ACSBG1,0.03445,True
matched,1,DataSet_01_217,TAL1,FCER1G,0.01769,True
matched,1,DataSet_01_218,PTEN,FSHB,0.0,False
matched,1,DataSet_01_220,HIF1A,NGF,-0.06869,True
matched,1,DataSet_01_222,KLF9,BCL11B,-0.07584,True
matched,1,DataSet_01_223,FOXM1,CR2,0.0,True
matched,1,DataSet_01_224,HIF1A,HSPA5,-0.22421,True
matched,1,DataSet_01_226,KLF2,BHLHE41,0.47906,True
matched,1,DataSet_01_228,HIF1A,NR3C1,0.02921,True
matched,1,DataSet_01_233,FOXA1,AXIN2,0.96186,True
matched,1,DataSet_01_238,NFYB,AADAT,0.0,True
matched,1,DataSet_01_244,ETS1,FOSL1,0.4146,True
matched,1,DataSet_01_246,TLX1,AANAT,0.00747,True
matched,1,DataSet_01_247,GATA6,JUP,0.87827,True
matched,1,DataSet_01_248,SMAD2,CD9,0.0,True
matched,1,DataSet_01_255,YBX1,CYP24A1,2.1151,True
matched,1,DataSet_01_256,YBX1,HSF1,0.03274,True
matched,1,DataSet_01_257,YBX1,DRD2,-0.04962,True
matched,1,DataSet_01_258,YBX1,JAG1,-0.28895,True
matched,1,DataSet_01_260,SOX4,FMO3,-0.32781,True
matched,1,DataSet_01_261,NFKB2,CDX1,-0.02104,True
matched,1,DataSet_01_267,FOXO3,STAT5A,0.13901,True
matched,1,DataSet_01_269,SIX4,ABHD14A,0.31238,True
matched,1,DataSet_01_276,PTEN,ID2,-0.22799,False
matched,1,DataSet_01_277,SALL4,CEACAM5,0.0,True
matched,1,DataSet_01_280,ESRRA,CD320,-0.16658,True
matched,1,DataSet_01_281,MSX1,PTTG1,-0.76946,True
matched,1,DataSet_01_282,IRF7,TP53BP1,0.01511,True
matched,1,DataSet_01_283,AHR,ACTG2,0.0,True
matched,1,DataSet_01_293,POSTN,PTCH1,0.92923,False
matched,1,DataSet_01_295,TFAP4,ACSL5,-2.29042,True
matched,1,DataSet_01_299,SOX7,ABI3,-0.26098,True
matched,1,DataSet_01_300,SOX17,FABP4,0.12712,True
matched,1,DataSet_01_301,PTEN,CSF2,-0.44414,False
matched,1,DataSet_01_302,PTEN,HP,-0.42436,False
matched,1,DataSet_01_303,PTEN,SNAI2,1.76921,False
matched,1,DataSet_01_304,ETV5,BRF1,-0.06505,True
matched,1,DataSet_01_305,HOXA5,CCNE2,-0.38566,True
matched,1,DataSet_01_306,NR2E1,AMY1A,0.0,True
matched,1,DataSet_01_308,SOX9,TGFBR2,-0.49766,True
matched,1,DataSet_01_309,SOX9,CCL5,0.18511,True
matched,1,DataSet_01_312,TFAP2C,CFH,0.43764,True
matched,1,DataSet_01_313,OVOL2,ADAT2,-0.21963,False
matched,1,DataSet_01_318,ELK3,AIP,0.23946,True
matched,1,DataSet_01_324,MYC,BCL2L1,0.68239,True
matched,1,DataSet_01_327,TP63,HAMP,-0.0622,True
matched,1,DataSet_01_330,TP63,DNMT1,-0.00721,True
matched,1,DataSet_01_332,TOX,AMACR,0.0,True
matched,1,DataSet_01_333,HOXC6,DMRT1,1.76389,True
matched,1,DataSet_01_336,GRHL3,ABRA,-0.14083,True
matched,1,DataSet_01_337,REST,HAND1,-0.0464,True
matched,1,DataSet_01_338,REST,CLDN2,0.01974,True
matched,1,DataSet_01_339,KLF4,ABCC3,0.33127,True
matched,1,DataSet_01_340,KLF7,ANO2,0.06771,True
matched,1,DataSet_01_342,KLF7,APCDD1,0.06168,True
matched,1,DataSet_01_347,GATA3,SREBF1,-0.26604,True
matched,1,DataSet_01_348,HIF1A,HP,0.41209,True
matched,1,DataSet_01_349,SOX2,POMC,0.00906,True
matched,1,DataSet_01_354,ELK1,CD1A,-0.04294,True
matched,1,DataSet_01_356,ETV4,ADRA1A,0.0,True
matched,1,DataSet_01_357,CDX2,BTK,-1.01485,True
matched,1,DataSet_01_360,SOX17,IRS1,0.0,True
matched,1,DataSet_02_001,DROSHA,APPL1,0.0,False
matched,1,DataSet_02_007,PTBP1,AMACR,-1.14512,False
matched,1,DataSet_02_009,POLR2G,AACSP1,0.0,False
matched,1,DataSet_02_012,SRSF4,AAAS,-0.10206,False
matched,1,DataSet_02_013,SRSF9,AARSD1,-0.21859,False
matched,1,DataSet_02_015,HOXB9,ADCYAP1R1,-1.42884,True
matched,1,DataSet_02_016,JUND,BHLHE41,0.0,True
matched,1,DataSet_02_018,STAT2,ABCC9,-0.4443,True
matched,1,DataSet_02_023,STAT1,RET,0.0,True
matched,1,DataSet_02_025,USF2,CYCS,0.0,True
matched,1,DataSet_02_026,USF1,AMY2A,0.0,True
matched,1,DataSet_02_032,NFE2L1,ATG5,0.47291,True
matched,1,DataSet_02_033,TEAD2,ACSL6,0.0,True
matched,1,DataSet_02_039,RELA,SNAI2,0.0,True
matched,1,DataSet_02_040,TEAD4,A1BG,-0.33177,True
matched,1,DataSet_02_042,SP2,ATAD2,1.1328,True
matched,1,DataSet_02_044,ZC3H11A,ACADSB,-0.81481,False
matched,1,DataSet_02_048,SMAD5,ABCA17P,-0.87869,True
matched,1,DataSet_02_051,HDAC8,ACTN4,0.0,False
matched,1,DataSet_02_053,TLE2,ASXL3,0.0,False
matched,1,DataSet_02_054,ATF3,FOXA2,-0.27318,True
matched,1,DataSet_02_055,DLX1,ACOT8,-0.20602,True
matched,1,DataSet_02_058,HMBOX1,ABCA9,1.52356,False
matched,1,DataSet_02_061,RFX5,APCDD1,0.0,True
matched,1,DataSet_02_063,TRIM28,MYLK,-0.62803,True
matched,1,DataSet_02_071,TFDP1,ABO,-1.04231,True
matched,1,DataSet_02_075,HMGA1,CS,0.1383,True
matched,1,DataSet_02_078,SIX5,ACVR1C,-0.15528,False
matched,1,DataSet_02_079,HMGN1,B3GALT5,2.11042,False
matched,1,DataSet_02_082,ZBTB33,AAAS,0.24318,True
matched,1,DataSet_02_088,ILF2,AASS,0.0,False
matched,1,DataSet_02_090,SRSF9,ABCF3,0.14548,False
matched,1,DataSet_02_091,HNRNPK,AQP7,-0.37919,False
matched,1,DataSet_02_096,HNRNPL,AEBP1,1.49033,False
matched,1,DataSet_02_097,U2AF1,CEACAM5,0.0,False
matched,1,DataSet_02_099,PSIP1,ABCC4,0.06904,False
matched,1,DataSet_02_100,RBM17,ABCD1,0.70125,False
matched,1,DataSet_02_101,RBFOX2,ATOH7,-1.41504,False
matched,1,DataSet_02_103,FIP1L1,AARS,0.06744,False
matched,1,DataSet_02_104,HDGF,AGFG1,0.05879,True
matched,1,DataSet_02_105,U2AF2,AMELY,0.0,False
matched,1,DataSet_02_107,SSB,ABCF2,-0.54308,False
matched,1,DataSet_02_108,ZNF622,ABCE1,-0.11566,False
matched,1,DataSet_02_110,GTF2F1,BCL11A,1.12553,False
matched,1,DataSet_02_111,RBM39,AGGF1,0.0,False
matched,1,DataSet_02_114,XRCC5,ACOT7,-0.66671,False
matched,1,DataSet_02_115,PCBP1,ADORA2B,-0.45784,False
matched,1,DataSet_02_117,SUB1,ACSL5,0.59113,False
matched,1,DataSet_02_120,PTBP1,ADARB1,1.01155,False
matched,1,DataSet_02_121,RBM34,AAK1,-0.13283,False
matched,1,DataSet_02_123,PCBP2,A2LD1,0.0,False
matched,1,DataSet_02_124,FUS,DMRT1,0.0,False
matched,1,DataSet_02_126,SNRNP70,AADACL4,0.0,False
matched,1,DataSet_02_128,PRPF4,ABHD10,-0.20281,False
matched,1,DataSet_02_130,POLR2G,ABCC6P1,0.0,False
matched,1,DataSet_02_131,PTBP1,ACTL6A,0.0,False
matched,1,DataSet_02_133,SRSF7,ANXA2,0.12364,False
matched,1,DataSet_02_136,HNRNPK,APCDD1,0.0,False
matched,1,DataSet_02_137,PCBP1,ACTR6,0.0,False
matched,1,DataSet_02_138,RBM17,AAA1,0.0,False
matched,1,DataSet_02_139,RBFOX2,BIRC2,0.50135,False
matched,1,DataSet_02_140,TAF15,A2LD1,0.0,False
matched,1,DataSet_02_141,RBM34,AASS,0.0,False
matched,1,DataSet_02_144,PTBP1,AMACR,-0.33477,False
matched,1,DataSet_02_145,DROSHA,ANO2,2.58496,False
matched,1,DataSet_02_147,FIP1L1,ABCA5,0.47022,False
matched,1,DataSet_02_148,ILF3,ALG5,0.07884,False
matched,1,DataSet_02_151,RBM39,ABI2,-0.0911,False
matched,1,DataSet_02_152,ILF2,ABCA6,1.34104,False
matched,1,DataSet_02_154,SRSF4,AATK,0.88982,False
matched,1,DataSet_02_155,FUS,DEFB1,0.0,False
matched,1,DataSet_02_156,HNRNPUL1,ANXA2,0.02281,False
matched,1,DataSet_02_157,GTF2F1,BCL10,-0.07744,False
matched,1,DataSet_02_158,PSIP1,B4GALT1,0.05153,False
matched,1,DataSet_02_159,XRCC5,AIRE,0.0,False
matched,1,DataSet_02_160,HNRNPL,ADRA1B,0.0,False
matched,1,DataSet_02_161,SUB1,ARC,3.87447,False
matched,1,DataSet_02_164,SSB,ABCA5,-0.34596,False
matched,1,DataSet_02_168,RBM22,AARSD1,0.62602,False
matched,1,DataSet_02_170,U2AF2,ADAM19,0.68353,False
matched,1,DataSet_02_172,ZFX,AA06,0.0,True
matched,1,DataSet_02_175,LMNA,ABCA12,1.58496,False
matched,1,DataSet_02_185,CTCF,APOA4,-0.87447,True
matched,1,DataSet_02_190,RAD21,BID,-0.52515,False
matched,1,DataSet_02_192,MAX,ANXA1,-0.1209,True
matched,1,DataSet_02_195,LMNB1,AACSP1,0.0,False
matched,1,DataSet_02_206,ZFX,AAK1,0.40204,True
matched,1,DataSet_03_002,AKT1,FOS,-0.319146,False
matched,1,DataSet_03_004,AR,MMP2,-0.1989559,True
matched,1,DataSet_03_005,AR,BAX,-0.8007686,True
matched,1,DataSet_03_007,AR,MMP1,-0.031911,True
matched,1,DataSet_03_013,ARID1A,AAA1,0.0,True
matched,1,DataSet_03_017,ATF3,CYP2C9,-0.03369453,True
matched,1,DataSet_03_018,ATF4,SLC1A2,-0.6921897,True
matched,1,DataSet_03_021,BAG1,DAPK2,0.0,False
matched,1,DataSet_03_022,BATF3,ADAM19,-0.09535833,False
matched,1,DataSet_03_026,BCL6,CEBPD,-0.017353,True
matched,1,DataSet_03_031,CASP8AP2,CS,-0.08274137,False
matched,1,DataSet_03_035,CCNB1,SOX9,-0.4689583,False
matched,1,DataSet_03_049,CEBPB,RUNX1,0.0,True
matched,1,DataSet_03_056,CTCF,CRABP1,-0.008727967,True
matched,1,DataSet_03_059,CTNNB1,CSF2,0.0,True
matched,1,DataSet_03_060,E2F1,PCNA,-0.1779694,True
matched,1,DataSet_03_063,E2F7,AGGF1,-0.1307845,True
matched,1,DataSet_03_065,EP300,CGA,0.0,True
matched,1,DataSet_03_066,ERBB2,KDR,-0.2641933,False
matched,1,DataSet_03_073,ETS1,TXN,-0.4696429,True
matched,1,DataSet_03_074,ETS1,APOB,0.0,True
matched,1,DataSet_03_075,ETV6,ACO1,0.053562,True
matched,1,DataSet_03_078,FLI1,ATP2A2,0.05351501,True
matched,1,DataSet_03_080,FOXA1,SRF,0.1413359,True
matched,1,DataSet_03_085,FOXD1,ATG5,0.02873125,True
matched,1,DataSet_03_087,FOXF2,AADACL2,-0.2900212,True
matched,1,DataSet_03_089,FOXK1,ACADSB,-0.1308425,False
matched,1,DataSet_03_090,FOXM1,FOXA2,0.0,True
matched,1,DataSet_03_091,FOXM1,CSF3,0.5849625,True
matched,1,DataSet_03_093,FOXM1,TIMP3,0.0419,True
matched,1,DataSet_03_096,FOXO1,HLA-A,0.09071001,True
matched,1,DataSet_03_100,GATA2,STAT1,0.1462734,True
matched,1,DataSet_03_108,GATA6,MCM7,0.2145095,True
matched,1,DataSet_03_110,GATA6,CYP2A6,0.4003832,True
matched,1,DataSet_03_113,GRHL3,ARF1,-0.1435429,True
matched,1,DataSet_03_114,HDAC3,BCLAF1,0.05683567,True
matched,1,DataSet_03_116,HES6,CKS2,0.2516898,True
matched,1,DataSet_03_117,HES6,CAV3,0.13376,True
matched,1,DataSet_03_119,HIF1A,APP,-0.043845,True
matched,1,DataSet_03_122,HINFP,ACSL5,0.9598815,True
matched,1,DataSet_03_123,HINFP,ABCC4,-0.082422,True
matched,1,DataSet_03_124,HMGA1,EMX2,0.0729905,True
matched,1,DataSet_03_127,HOXB7,CFH,0.1545,True
matched,1,DataSet_03_128,HOXC4,ACTBL2,0.04975369,False
matched,1,DataSet_03_129,HSF1,IRF3,-0.141556,True
matched,1,DataSet_03_143,JUN,FGFR1,-0.2803864,True
matched,1,DataSet_03_148,KLF5,G6PC2,0.05128155,True
matched,1,DataSet_03_149,KLF5,LIPE,-0.616176,True
matched,1,DataSet_03_150,KLF5,LCK,1.207894,True
matched,1,DataSet_03_151,KLF5,AXL,0.2579458,True
matched,1,DataSet_03_155,MAFB,EMX2,-0.19,True
matched,1,DataSet_03_165,MITF,CREB1,0.0257785,True
matched,1,DataSet_03_168,MITF,CLU,-0.7337683,True
matched,1,DataSet_03_173,MYB,GADD45A,-0.1761667,True
matched,1,DataSet_03_178,MYC,NPPA,0.105948,True
matched,1,DataSet_03_189,NCOA1,ACSL6,0.0,True
matched,1,DataSet_03_190,NCOA2,CAPN2,0.0,True
matched,1,DataSet_03_191,NCOA3,CTSG,0.0,True
matched,1,DataSet_03_192,NCOR1,AQP5,-0.06577236,True
matched,1,DataSet_03_199,NMI,ADO,-0.2666527,False
matched,1,DataSet_03_200,NPAT,CLDN4,0.130293,False
matched,1,DataSet_03_201,NPAT,CASP8AP2,0.000826,False
matched,1,DataSet_03_202,NR2F2,LGALS3,-0.03669561,True
matched,1,DataSet_03_205,PARK7,EMX2,0.0,True
matched,1,DataSet_03_207,PBX1,ABCA3,-0.03720975,True
matched,1,DataSet_03_208,PBX1,CSNK2A2,0.03957967,True
matched,1,DataSet_03_209,PBX1,EGR3,-0.026204,True
matched,1,DataSet_03_211,PHB,ABCC10,0.5384935,False
matched,1,DataSet_03_214,PPARG,BCL2L1,-0.04666667,True
matched,1,DataSet_03_217,PRRX1,AQP9,0.1741884,True
matched,1,DataSet_03_220,RBL2,APOA2,-0.2142167,False
matched,1,DataSet_03_221,RCHY1,ADRA1A,0.0,False
matched,1,DataSet_03_222,RELA,SLC2A4,0.09821429,True
matched,1,DataSet_03_223,RELA,IL13,0.02738095,True
matched,1,DataSet_03_225,RELB,PLK1,0.147775,True
matched,1,DataSet_03_228,REST,MEN1,-0.043217,True
matched,1,DataSet_03_229,SATB1,CRHR1,0.04392374,True
matched,1,DataSet_03_232,SKP2,SRC,-0.104239,False
matched,1,DataSet_03_235,SMARCA4,CASP3,0.0,True
matched,1,DataSet_03_236,SMARCC1,HCFC1,0.0,True
matched,1,DataSet_03_237,SOX11,ABCB9,0.4266709,True
matched,1,DataSet_03_238,SOX11,ABCC13,0.4102973,True
matched,1,DataSet_03_239,SOX11,ABCD1,0.003689388,True
matched,1,DataSet_03_241,SOX2,IGF1R,0.4459274,True
matched,1,DataSet_03_242,SOX2,POMC,-0.3449067,True
matched,1,DataSet_03_244,SOX2,CDK4,-0.9684078,True
matched,1,DataSet_03_246,SOX4,CTCF,-0.1681764,True
matched,1,DataSet_03_249,SP1,IFNB1,-0.04835185,True
matched,1,DataSet_03_251,SP1,FOXP3,-0.3006457,True
matched,1,DataSet_03_253,SPIB,CASP8AP2,0.073638,True
matched,1,DataSet_03_255,SSRP1,ABCC11,0.0,True
matched,1,DataSet_03_256,STAT1,GCK,-0.22897,True
matched,1,DataSet_03_258,STAT3,APOA1,-2.047708,True
matched,1,DataSet_03_259,STAT3,ACTG2,-0.03528633,True
matched,1,DataSet_03_260,STAT3,IL21,0.2232983,True
matched,1,DataSet_03_261,STAT3,CDX2,0.1220786,True
matched,1,DataSet_03_262,STAT3,MUC1,0.0,True
matched,1,DataSet_03_264,STAT6,LGALS3,0.1311375,True
matched,1,DataSet_03_267,TCF7L1,ABCC6P1,0.0,True
matched,1,DataSet_03_271,TET2,ADRB2,0.2187,False
matched,1,DataSet_03_273,TET3,ALS2,-0.03119,False
matched,1,DataSet_03_274,TFAP2C,CTSE,2.491666,True
matched,1,DataSet_03_275,TFE3,ARF1,0.3415939,True
matched,1,DataSet_03_277,TP53,EGFR,0.1632223,True
matched,1,DataSet_03_284,TWIST2,CDT1,0.500728,True
matched,1,DataSet_03_287,ZHX2,ADAMTS13,0.0,True
matched,1,DataSet_03_294,ZNF750,AIP,0.1846685,False
matched,1,DataSet_04_002,CDC5L,AFAP1L1,0.0,False
matched,1,DataSet_04_003,CHCHD3,AASDH,-0.06973871,False
matched,1,DataSet_04_004,CIZ1,A1BG,0.8090205,False
matched,1,DataSet_04_006,DDX59,ABCC6P2,-0.2691866,False
matched,1,DataSet_04_010,FUBP1,ADRA1A,0.0,False
matched,1,DataSet_04_011,FUBP3,AASS,0.0,False
matched,1,DataSet_04_012,MARK2,ABHD12B,0.0,False
matched,1,DataSet_04_015,NKRF,AASDH,-0.7077291,True
matched,1,DataSet_04_016,NUP35,AADAT,0.0,False
matched,1,DataSet_04_018,RPS3,ADK,0.5256263,False
matched,1,DataSet_04_019,SMAD2,CNN1,0.5685465,True
matched,1,DataSet_04_020,SMAD4,CCL11,0.0,True
matched,1,DataSet_04_022,STAT1,NQO1,0.1358311,True
matched,1,DataSet_04_024,YBX1,CTSG,0.0,True
matched,1,DataSet_04_026,ANXA2,APPL1,-0.2439474,False
matched,1,DataSet_04_028,CIZ1,ABCC11,0.6177524,False
matched,1,DataSet_04_032,FUBP1,ATAD2,-0.9998354,False
matched,1,DataSet_04_036,SMAD2,BRF1,0.1497179,True
matched,1,DataSet_04_037,SMAD4,COL11A2,0.1547226,True
matched,1,DataSet_04_039,SRPK2,AFF3,0.0,False
matched,1,DataSet_04_041,YBX1,IRS1,-0.08673233,True
matched,2,DataSet_01_006,PROX1,JAG1,0.1086,True
matched,2,DataSet_01_007,NR2F2,CD2,0.59235,True
matched,2,DataSet_01_008,WT1,NES,-0.24416,True
matched,2,DataSet_01_010,TP53,AR,0.2462,True
matched,2,DataSet_01_011,TP53,IL10,-0.57142,True
matched,2,DataSet_01_012,FLI1,HK2,-1.23781,True
matched,2,DataSet_01_013,FLI1,CYP11B2,-0.02035,True
matched,2,DataSet_01_014,FLI1,ATP2A2,-0.69195,True
matched,2,DataSet_01_015,FLI1,CGB8,0.0,True
matched,2,DataSet_01_016,FLI1,FABP1,0.0,True
matched,2,DataSet_01_017,ERG,LCK,1.3845,True
matched,2,DataSet_01_018,YY1,CD74,0.29079,True
matched,2,DataSet_01_021,STAT1,CLU,-0.01,True
matched,2,DataSet_01_025,MITF,IL12A,-0.64318,True
matched,2,DataSet_01_026,PAX3,IGF1R,0.13802,True
matched,2,DataSet_01_027,PAX3,ID1,-0.98748,True
matched,2,DataSet_01_029,ATM,SPARC,-0.48172,False
matched,2,DataSet_01_030,RELA,MAPK8,-0.30644,True
matched,2,DataSet_01_031,TP53,PTGS2,-1.56241,True
matched,2,DataSet_01_033,ATF3,APOA2,0.0123,True
matched,2,DataSet_01_034,EGR3,BAD,0.07157,True
matched,2,DataSet_01_036,ETV1,ATG5,0.22523,True
matched,2,DataSet_01_037,TP53,IL2,-0.04467,True
matched,2,DataSet_01_038,TP53,TNF,-0.16,True
matched,2,DataSet_01_042,POU5F1,PTEN,-0.28147,True
matched,2,DataSet_01_043,CBFB,ANKRD37,0.41644,False
matched,2,DataSet_01_044,MYB,SOD2,0.0,True
matched,2,DataSet_01_045,PRDM14,ADAT2,0.0,False
matched,2,DataSet_01_049,STAT3,MBP,0.30525,True
matched,2,DataSet_01_051,RARA,ASCL1,0.08224,True
matched,2,DataSet_01_053,TFAP2C,AQP3,0.27603,True
matched,2,DataSet_01_058,BACH1,ATP9B,-0.18075,True
matched,2,DataSet_01_059,BACH1,CAPN2,-0.17642,True
matched,2,DataSet_01_060,NFE2L2,LGALS3,-0.41168,True
matched,2,DataSet_01_068,TP53,BRCA1,0.11487,True
matched,2,DataSet_01_071,ELF5,ABCC10,-0.02057,True
matched,2,DataSet_01_073,ZNF148,ALDH1A3,0.00016,True
matched,2,DataSet_01_074,CEBPD,MUC2,-0.08075,True
matched,2,DataSet_01_075,CEBPZ,ABCC9,0.06616,True
matched,2,DataSet_01_076,ETS1,NR0B1,-0.13383,True
matched,2,DataSet_01_077,FOXM1,KRT9,-0.20143,True
matched,2,DataSet_01_078,HSF2,AKR1C2,0.0,True
matched,2,DataSet_01_079,MITF,BCL2L11,-0.4486,True
matched,2,DataSet_01_080,RELA,SNAI2,0.69633,True
matched,2,DataSet_01_081,SP1,BRCA1,0.05613,True
matched,2,DataSet_01_082,SP100,ADSL,0.08125,False
matched,2,DataSet_01_083,STAT1,ACTG2,-0.13133,True
matched,2,DataSet_01_084,STAT3,WNT2,-0.03361,True
matched,2,DataSet_01_085,STAT6,LGALS3,-0.23253,True
matched,2,DataSet_01_086,HIF1A,NOS3,-0.1655,True
matched,2,DataSet_01_088,FOXP1,CPB2,-0.03234,True
matched,2,DataSet_01_089,NR2F2,ITGB3,1.83029,True
matched,2,DataSet_01_090,NR2F2,CCL19,-0.1681,True
matched,2,DataSet_01_091,ETV6,ARAP1,0.26915,True
matched,2,DataSet_01_094,NANOG,APOC3,-0.25915,True
matched,2,DataSet_01_095,POU5F1,HLA-E,0.11082,True
matched,2,DataSet_01_096,SOX2,CSN2,0.0,True
matched,2,DataSet_01_098,SALL4,AHSG,0.15298,True
matched,2,DataSet_01_099,FOS,AKT1,-0.04474,True
matched,2,DataSet_01_101,IRF6,ACSL3,-0.1387,True
matched,2,DataSet_01_103,HNF1B,EDNRB,-0.0168,True
matched,2,DataSet_01_105,FOXA1,FCER1G,-0.13512,True
matched,2,DataSet_01_112,HSF1,EPAS1,-0.05297,True
matched,2,DataSet_01_114,ARID1A,ABCF3,-0.14133,True
matched,2,DataSet_01_117,ID1,PTHLH,0.65075,True
matched,2,DataSet_01_118,ID1,CFTR,-0.25204,True
matched,2,DataSet_01_121,ZIC2,ACVR1B,0.26303,True
matched,2,DataSet_01_123,ZNF91,AQP4,0.08424,True
matched,2,DataSet_01_127,ZNF254,ABCA6,0.23205,False
matched,2,DataSet_01_128,ZNF431,ABCB7,0.0,False
matched,2,DataSet_01_132,EGR4,AATK,-0.03478,True
matched,2,DataSet_01_135,SPDEF,ANK1,-0.042,True
matched,2,DataSet_01_136,REST,FGF3,-0.24514,True
matched,2,DataSet_01_138,IKZF1,APCS,-0.24022,True
matched,2,DataSet_01_139,POLR3A,ABCC6P2,0.0,False
matched,2,DataSet_01_142,LEF1,ACTB,-0.15038,True
matched,2,DataSet_01_145,REST,EBF1,-0.11012,True
matched,2,DataSet_01_147,EHF,AQP7,0.04412,True
matched,2,DataSet_01_148,MYBL2,CNTF,-0.30881,True
matched,2,DataSet_01_149,ETS2,IGFBP5,0.04333,True
matched,2,DataSet_01_150,TFAP2C,CFH,0.04151,True
matched,2,DataSet_01_151,TEAD4,ABCF3,0.25297,True
matched,2,DataSet_01_153,LIN28B,ALG5,0.38192,False
matched,2,DataSet_01_154,STAT1,NQO1,0.79673,True
matched,2,DataSet_01_155,HSF1,AQP2,0.21437,True
matched,2,DataSet_01_156,HIF1A,GJA1,0.0547,True
matched,2,DataSet_01_162,ELK1,ARC,-2.37393,True
matched,2,DataSet_01_164,JUN,TH,1.08652,True
matched,2,DataSet_01_165,MAF,CCNG2,0.31373,True
matched,2,DataSet_01_166,NFATC3,ANXA2,2.07623,True
matched,2,DataSet_01_168,STAT3,NFYA,-0.25918,True
matched,2,DataSet_01_169,HOXB7,BECN1,-0.08998,True
matched,2,DataSet_01_170,HOXB7,CXCR2,0.0,True
matched,2,DataSet_01_171,FOSL1,NTRK1,-0.03885,True
matched,2,DataSet_01_173,ESRRG,ACACB,-0.08882,True
matched,2,DataSet_01_175,TP53,PTGS2,-0.56424,True
matched,2,DataSet_01_176,NR2F2,CCR4,0.01676,True
matched,2,DataSet_01_177,NR2F2,BAK1,0.43335,True
matched,2,DataSet_01_180,STAT3,CEBPB,0.31558,True
matched,2,DataSet_01_183,TP63,CD34,0.01869,True
matched,2,DataSet_01_184,STAT3,GCK,-0.00587,True
matched,2,DataSet_01_185,TCF4,MAOB,1.29995,True
matched,2,DataSet_01_189,SPDEF,B4GALT1,0.07498,True
matched,2,DataSet_01_192,AR,CD44,0.31132,True
matched,2,DataSet_01_196,TP63,MUC4,-0.20304,True
matched,2,DataSet_01_198,TP63,F3,0.07961,True
matched,2,DataSet_01_200,TP63,PTPN6,0.12613,True
matched,2,DataSet_01_203,XBP1,LCK,-0.0213,True
matched,2,DataSet_01_204,XBP1,DPPA4,0.17286,True
matched,2,DataSet_01_211,REST,CYP27B1,1.12775,True
matched,2,DataSet_01_213,SOX11,ABCC10,0.16728,True
matched,2,DataSet_01_214,BCLAF1,CBX2,-0.02313,True
matched,2,DataSet_01_217,TAL1,CDH3,0.24715,True
matched,2,DataSet_01_218,PTEN,MYOG,0.06435,False
matched,2,DataSet_01_220,HIF1A,NFKB1,0.03304,True
matched,2,DataSet_01_222,KLF9,ATXN7,0.13072,True
matched,2,DataSet_01_223,FOXM1,CEBPD,0.68473,True
matched,2,DataSet_01_224,HIF1A,IL2RA,0.08057,True
matched,2,DataSet_01_226,KLF2,CCL7,-1.86095,True
matched,2,DataSet_01_228,HIF1A,GADD45A,-0.02315,True
matched,2,DataSet_01_233,FOXA1,HDC,0.33095,True
matched,2,DataSet_01_238,NFYB,AACSP1,0.0,True
matched,2,DataSet_01_244,ETS1,TTF1,-0.0638,True
matched,2,DataSet_01_246,TLX1,APOC2,0.0,True
matched,2,DataSet_01_247,GATA6,ITGB2,0.0,True
matched,2,DataSet_01_248,SMAD2,CD3D,0.0,True
matched,2,DataSet_01_255,YBX1,CD3E,0.26015,True
matched,2,DataSet_01_256,YBX1,BDKRB1,-0.18986,True
matched,2,DataSet_01_257,YBX1,ASNS,0.0,True
matched,2,DataSet_01_258,YBX1,ABCC1,0.12196,True
matched,2,DataSet_01_260,SOX4,ELAVL1,-0.0116,True
matched,2,DataSet_01_261,NFKB2,HK2,-0.40132,True
matched,2,DataSet_01_267,FOXO3,MSTN,0.0,True
matched,2,DataSet_01_269,SIX4,ABCB10,0.11352,True
matched,2,DataSet_01_276,PTEN,VIM,0.66307,False
matched,2,DataSet_01_277,SALL4,CASR,0.0,True
matched,2,DataSet_01_280,ESRRA,ATP1A3,-0.7917,True
matched,2,DataSet_01_281,MSX1,IL18,0.0761,True
matched,2,DataSet_01_282,IRF7,PCSK1,-0.02478,True
matched,2,DataSet_01_283,AHR,TNFRSF11A,0.0,True
matched,2,DataSet_01_293,POSTN,KRT5,1.69928,False
matched,2,DataSet_01_295,TFAP4,ASPH,-2.06233,True
matched,2,DataSet_01_299,SOX7,AIP,0.2049,True
matched,2,DataSet_01_300,SOX17,LEFTY2,-0.2933,True
matched,2,DataSet_01_301,PTEN,COL1A2,0.58077,False
matched,2,DataSet_01_302,PTEN,ME3,0.02069,False
matched,2,DataSet_01_303,PTEN,HLA-E,-0.00414,False
matched,2,DataSet_01_304,ETV5,CCNE2,0.22104,True
matched,2,DataSet_01_305,HOXA5,COMT,0.2471,True
matched,2,DataSet_01_306,NR2E1,ANGPT4,-0.07133,True
matched,2,DataSet_01_308,SOX9,GADD45A,-1.0733,True
matched,2,DataSet_01_309,SOX9,HBG1,0.0,True
matched,2,DataSet_01_312,TFAP2C,CHRNA7,0.0,True
matched,2,DataSet_01_313,OVOL2,AGFG1,0.27607,False
matched,2,DataSet_01_318,ELK3,AMELY,0.0,True
matched,2,DataSet_01_324,MYC,PTGS2,1.96978,True
matched,2,DataSet_01_327,TP63,CRYAB,0.02324,True
matched,2,DataSet_01_330,TP63,CLU,0.07223,True
matched,2,DataSet_01_332,TOX,BLNK,0.06088,True
matched,2,DataSet_01_333,HOXC6,CD55,-0.15996,True
matched,2,DataSet_01_336,GRHL3,ACADL,0.35353,True
matched,2,DataSet_01_337,REST,ALOX12,-0.16731,True
matched,2,DataSet_01_338,REST,KRT16,0.13093,True
matched,2,DataSet_01_339,KLF4,ALB,0.0242,True
matched,2,DataSet_01_340,KLF7,ALPP,-0.68907,True
matched,2,DataSet_01_342,KLF7,ARHGDIB,0.05249,True
matched,2,DataSet_01_347,GATA3,CD40,-0.2176,True
matched,2,DataSet_01_348,HIF1A,COL1A1,0.68179,True
matched,2,DataSet_01_349,SOX2,GATA4,-0.07206,True
matched,2,DataSet_01_354,ELK1,AACS,0.22199,True
matched,2,DataSet_01_356,ETV4,ABO,-0.46092,True
matched,2,DataSet_01_357,CDX2,APOA1,0.0,True
matched,2,DataSet_01_360,SOX17,FABP4,-2.9698,True
matched,2,DataSet_02_001,DROSHA,ABCB4,0.25686,False
matched,2,DataSet_02_007,PTBP1,ASXL3,0.0,False
matched,2,DataSet_02_009,POLR2G,ABCD4,0.14861,False
matched,2,DataSet_02_012,SRSF4,ABCA11P,0.0,False
matched,2,DataSet_02_013,SRSF9,AA06,0.0,False
matched,2,DataSet_02_015,HOXB9,ADM2,-1.0,True
matched,2,DataSet_02_016,JUND,ACTA1,1.12553,True
matched,2,DataSet_02_018,STAT2,ALS2,-0.24869,True
matched,2,DataSet_02_023,STAT1,CLU,0.67568,True
matched,2,DataSet_02_025,USF2,BIK,0.70627,True
matched,2,DataSet_02_026,USF1,CD19,-0.66654,True
matched,2,DataSet_02_032,NFE2L1,ADRB3,2.06609,True
matched,2,DataSet_02_033,TEAD2,ACO2,-0.59099,True
matched,2,DataSet_02_039,RELA,IFNA1,0.0,True
matched,2,DataSet_02_040,TEAD4,A1CF,0.0,True
matched,2,DataSet_02_042,SP2,ATXN1,2.70044,True
matched,2,DataSet_02_044,ZC3H11A,ACSL6,0.0,False
matched,2,DataSet_02_048,SMAD5,ABHD12B,-1.32193,True
matched,2,DataSet_02_051,HDAC8,ACOT8,0.30277,False
matched,2,DataSet_02_053,TLE2,B4GALT5,0.48406,False
matched,2,DataSet_02_054,ATF3,TYR,0.0,True
matched,2,DataSet_02_055,DLX1,ADAMTSL4,-0.08595,True
matched,2,DataSet_02_058,HMBOX1,A1BG,0.31184,False
matched,2,DataSet_02_061,RFX5,AQP7,-0.06413,True
matched,2,DataSet_02_063,TRIM28,CD74,-0.916,True
matched,2,DataSet_02_071,TFDP1,BHMT,0.0,True
matched,2,DataSet_02_075,HMGA1,AQP3,0.29289,True
matched,2,DataSet_02_078,SIX5,ADD3,-0.65832,False
matched,2,DataSet_02_079,HMGN1,APOBEC3G,0.0977,False
matched,2,DataSet_02_082,ZBTB33,ABCC6P1,-0.8625,True
matched,2,DataSet_02_088,ILF2,AAK1,-0.20384,False
matched,2,DataSet_02_090,SRSF9,AADACL4,0.0,False
matched,2,DataSet_02_091,HNRNPK,ANGPT4,0.0,False
matched,2,DataSet_02_096,HNRNPL,ABCB4,-0.24269,False
matched,2,DataSet_02_097,U2AF1,B3GAT3,0.52655,False
matched,2,DataSet_02_099,PSIP1,BMP6,-0.48543,False
matched,2,DataSet_02_100,RBM17,ABHD1,0.54057,False
matched,2,DataSet_02_101,RBFOX2,CCL13,0.0,False
matched,2,DataSet_02_103,FIP1L1,ABHD12,0.63142,False
matched,2,DataSet_02_104,HDGF,ACADVL,-0.07858,True
matched,2,DataSet_02_105,U2AF2,ABI3,0.0,False
matched,2,DataSet_02_107,SSB,ABCC10,-0.10249,False
matched,2,DataSet_02_108,ZNF622,ABHD14A,-0.29246,False
matched,2,DataSet_02_110,GTF2F1,CBFB,0.25649,False
matched,2,DataSet_02_111,RBM39,ADAM23,0.0,False
matched,2,DataSet_02_114,XRCC5,BHMT,-0.6211,False
matched,2,DataSet_02_115,PCBP1,APCDD1,0.0,False
matched,2,DataSet_02_117,SUB1,BRAF,0.25216,False
matched,2,DataSet_02_120,PTBP1,ACOT7,0.05109,False
matched,2,DataSet_02_121,RBM34,ABCD4,-0.02676,False
matched,2,DataSet_02_123,PCBP2,AADAC,1.02687,False
matched,2,DataSet_02_124,FUS,AGTRAP,0.15767,False
matched,2,DataSet_02_126,SNRNP70,AATK,-0.93816,False
matched,2,DataSet_02_128,PRPF4,AA06,0.0,False
matched,2,DataSet_02_130,POLR2G,ABCB9,-0.6958,False
matched,2,DataSet_02_131,PTBP1,BLNK,0.0,False
matched,2,DataSet_02_133,SRSF7,ARF4,0.35815,False
matched,2,DataSet_02_136,HNRNPK,ARHGDIB,-0.00342,False
matched,2,DataSet_02_137,PCBP1,AQP7,-1.55459,False
matched,2,DataSet_02_138,RBM17,AADACL4,0.0,False
matched,2,DataSet_02_139,RBFOX2,DAB2,0.0,False
matched,2,DataSet_02_140,TAF15,AADACL4,0.0,False
matched,2,DataSet_02_141,RBM34,A1CF,0.0,False
matched,2,DataSet_02_144,PTBP1,ATXN7,-0.21428,False
matched,2,DataSet_02_145,DROSHA,ARHGEF1,0.0,False
matched,2,DataSet_02_147,FIP1L1,ABCD1,0.72666,False
matched,2,DataSet_02_148,ILF3,ASXL3,0.0,False
matched,2,DataSet_02_151,RBM39,AFF3,0.0,False
matched,2,DataSet_02_152,ILF2,A4GNT,0.0,False
matched,2,DataSet_02_154,SRSF4,AA06,0.0,False
matched,2,DataSet_02_155,FUS,ATF6,-0.18611,False
matched,2,DataSet_02_156,HNRNPUL1,ABRA,0.0,False
matched,2,DataSet_02_157,GTF2F1,ATP9B,0.21998,False
matched,2,DataSet_02_158,PSIP1,ABCA12,0.0,False
matched,2,DataSet_02_159,XRCC5,ALDH1A3,0.0,False
matched,2,DataSet_02_160,HNRNPL,ALS2,-0.40002,False
matched,2,DataSet_02_161,SUB1,ARC,3.87447,False
matched,2,DataSet_02_164,SSB,ABCA6,1.03747,False
matched,2,DataSet_02_168,RBM22,ABCD1,0.50619,False
matched,2,DataSet_02_170,U2AF2,ARF1,-0.39576,False
matched,2,DataSet_02_172,ZFX,ABCD4,-0.11571,True
matched,2,DataSet_02_175,LMNA,C1QTNF3,0.0,False
matched,2,DataSet_02_185,CTCF,CHRNA3,0.46949,True
matched,2,DataSet_02_190,RAD21,CCNG1,-0.00811,False
matched,2,DataSet_02_192,MAX,CKS2,0.15617,True
matched,2,DataSet_02_195,LMNB1,ABAT,0.25312,False
matched,2,DataSet_02_206,ZFX,AASDHPPT,-0.46318,True
matched,2,DataSet_03_002,AKT1,KLK3,-0.210179,False
matched,2,DataSet_03_004,AR,CCND2,0.03722246,True
matched,2,DataSet_03_005,AR,IL1B,-0.1250825,True
matched,2,DataSet_03_007,AR,AKT1,-0.1100922,True
matched,2,DataSet_03_013,ARID1A,A1CF,0.0,True
matched,2,DataSet_03_017,ATF3,CYP2C9,-0.03369453,True
matched,2,DataSet_03_018,ATF4,SAMHD1,-0.3335828,True
matched,2,DataSet_03_021,BAG1,ADAM10,0.0,False
matched,2,DataSet_03_022,BATF3,AGA,0.184377,False
matched,2,DataSet_03_026,BCL6,CSF1R,1.229429,True
matched,2,DataSet_03_031,CASP8AP2,COL7A1,0.2492227,False
matched,2,DataSet_03_035,CCNB1,EDN1,-0.1480523,False
matched,2,DataSet_03_049,CEBPB,CDX2,-0.8780453,True
matched,2,DataSet_03_056,CTCF,DHX9,-0.0274509,True
matched,2,DataSet_03_059,CTNNB1,PRKACA,0.0,True
matched,2,DataSet_03_060,E2F1,EGR1,0.05014714,True
matched,2,DataSet_03_063,E2F7,ACTR5,-0.554941,True
matched,2,DataSet_03_065,EP300,TGFB2,0.0,True
matched,2,DataSet_03_066,ERBB2,PPARGC1A,-0.05405433,False
matched,2,DataSet_03_073,ETS1,POLR2F,0.03571429,True
matched,2,DataSet_03_074,ETS1,TXN,-0.5208333,True
matched,2,DataSet_03_075,ETV6,ACSS2,0.2693447,True
matched,2,DataSet_03_078,FLI1,EPOR,-0.1129245,True
matched,2,DataSet_03_080,FOXA1,AQP1,-0.01996576,True
matched,2,DataSet_03_085,FOXD1,ABCB6,-0.04549294,True
matched,2,DataSet_03_087,FOXF2,ABHD1,-0.1657042,True
matched,2,DataSet_03_089,FOXK1,ADM2,0.1022242,False
matched,2,DataSet_03_090,FOXM1,APOB,0.0,True
matched,2,DataSet_03_091,FOXM1,STAT5A,-0.3219281,True
matched,2,DataSet_03_093,FOXM1,HPGDS,0.08008,True
matched,2,DataSet_03_096,FOXO1,MAF,1.601846,True
matched,2,DataSet_03_100,GATA2,SST,-0.01199719,True
matched,2,DataSet_03_108,GATA6,CHAT,1.34319,True
matched,2,DataSet_03_110,GATA6,EREG,0.1903352,True
matched,2,DataSet_03_113,GRHL3,AMBP,0.09221637,True
matched,2,DataSet_03_114,HDAC3,BIRC7,-0.05533933,True
matched,2,DataSet_03_116,HES6,CAV3,0.059487,True
matched,2,DataSet_03_117,HES6,ACE2,0.1180109,True
matched,2,DataSet_03_119,HIF1A,NFKB1,0.4912583,True
matched,2,DataSet_03_122,HINFP,CELA2A,0.101075,True
matched,2,DataSet_03_123,HINFP,ACSL5,1.589292,True
matched,2,DataSet_03_124,HMGA1,EDNRB,-0.102506,True
matched,2,DataSet_03_127,HOXB7,CNR1,0.02529033,True
matched,2,DataSet_03_128,HOXC4,ABI3BP,0.08777242,False
matched,2,DataSet_03_129,HSF1,EFNB2,0.416367,True
matched,2,DataSet_03_143,JUN,RUNX2,-0.240567,True
matched,2,DataSet_03_148,KLF5,FOLR1,-1.105196,True
matched,2,DataSet_03_149,KLF5,CYP26A1,-0.3717806,True
matched,2,DataSet_03_150,KLF5,CYP27B1,-0.1752189,True
matched,2,DataSet_03_151,KLF5,HOXB1,-0.0856414,True
matched,2,DataSet_03_155,MAFB,CNR1,-0.06666667,True
matched,2,DataSet_03_165,MITF,CDK6,-0.1021686,True
matched,2,DataSet_03_168,MITF,CREB1,-0.5681675,True
matched,2,DataSet_03_173,MYB,GHRHR,-0.06033333,True
matched,2,DataSet_03_178,MYC,RUNX2,1.045219,True
matched,2,DataSet_03_189,NCOA1,ADAM9,0.05933823,True
matched,2,DataSet_03_190,NCOA2,ASXL1,0.0,True
matched,2,DataSet_03_191,NCOA3,GCM1,0.0,True
matched,2,DataSet_03_192,NCOR1,CYP27B1,-0.1903576,True
matched,2,DataSet_03_199,NMI,ADCY10,0.4183047,False
matched,2,DataSet_03_200,NPAT,BAG1,-0.06655,False
matched,2,DataSet_03_201,NPAT,DST,0.267305,False
matched,2,DataSet_03_202,NR2F2,FLT3,0.555891,True
matched,2,DataSet_03_205,PARK7,ATP1A1,-0.2481744,True
matched,2,DataSet_03_207,PBX1,ENPP2,0.061936,True
matched,2,DataSet_03_208,PBX1,ALOX5AP,0.1359507,True
matched,2,DataSet_03_209,PBX1,EZR,-0.1872785,True
matched,2,DataSet_03_211,PHB,AASDH,-1.171088,False
matched,2,DataSet_03_214,PPARG,SPP1,0.1266667,True
matched,2,DataSet_03_217,PRRX1,ARRB2,0.1773736,True
matched,2,DataSet_03_220,RBL2,CD34,-0.160754,False
matched,2,DataSet_03_221,RCHY1,BHMT,0.0,False
matched,2,DataSet_03_222,RELA,HBG1,0.0,True
matched,2,DataSet_03_223,RELA,PRKACA,-0.05357143,True
matched,2,DataSet_03_225,RELB,ATF4,0.2517475,True
matched,2,DataSet_03_228,REST,IL24,0.0095165,True
matched,2,DataSet_03_229,SATB1,ASCL2,-0.07985266,True
matched,2,DataSet_03_232,SKP2,PCK2,0.4726987,False
matched,2,DataSet_03_235,SMARCA4,GATA4,0.0,True
matched,2,DataSet_03_236,SMARCC1,BDKRB2,0.0,True
matched,2,DataSet_03_237,SOX11,AADACL2,0.1594962,True
matched,2,DataSet_03_238,SOX11,AADACL4,0.1738711,True
matched,2,DataSet_03_239,SOX11,ABCA6,-0.121579,True
matched,2,DataSet_03_241,SOX2,STAR,0.09282262,True
matched,2,DataSet_03_242,SOX2,TAGLN,0.69331,True
matched,2,DataSet_03_244,SOX2,GATA3,0.0356122,True
matched,2,DataSet_03_246,SOX4,ENPP2,0.04867385,True
matched,2,DataSet_03_249,SP1,ICAM1,0.4341739,True
matched,2,DataSet_03_251,SP1,GH1,-0.004633887,True
matched,2,DataSet_03_253,SPIB,EDNRB,-0.0243825,True
matched,2,DataSet_03_255,SSRP1,A1BG,-0.1705,True
matched,2,DataSet_03_256,STAT1,RUNX1,0.0,True
matched,2,DataSet_03_258,STAT3,GNRH1,0.1568665,True
matched,2,DataSet_03_259,STAT3,CEBPB,0.09069467,True
matched,2,DataSet_03_260,STAT3,CYP11A1,0.08290267,True
matched,2,DataSet_03_261,STAT3,NR0B2,-0.05823203,True
matched,2,DataSet_03_262,STAT3,CYP17A1,0.4015999,True
matched,2,DataSet_03_264,STAT6,DACH1,0.09175962,True
matched,2,DataSet_03_267,TCF7L1,ABCA5,0.1854217,True
matched,2,DataSet_03_271,TET2,CDH15,-0.1904,False
matched,2,DataSet_03_273,TET3,ADK,-0.49851,False
matched,2,DataSet_03_274,TFAP2C,CS,-0.2293196,True
matched,2,DataSet_03_275,TFE3,AIMP2,-0.1460896,True
matched,2,DataSet_03_277,TP53,MDM2,-0.1359483,True
matched,2,DataSet_03_284,TWIST2,CLC,0.1127455,True
matched,2,DataSet_03_287,ZHX2,ACSS2,0.05596,True
matched,2,DataSet_03_294,ZNF750,ADORA3,0.066463,False
matched,2,DataSet_04_002,CDC5L,ABCE1,-0.0588418,False
matched,2,DataSet_04_003,CHCHD3,AACSP1,0.0,False
matched,2,DataSet_04_004,CIZ1,A2LD1,0.0,False
matched,2,DataSet_04_006,DDX59,ABCF1,-0.07303148,False
matched,2,DataSet_04_010,FUBP1,BANP,-0.09349572,False
matched,2,DataSet_04_011,FUBP3,AASS,0.0,False
matched,2,DataSet_04_012,MARK2,ABHD12,-0.9631917,False
matched,2,DataSet_04_015,NKRF,ABCC13,0.0,True
matched,2,DataSet_04_016,NUP35,A1BG,0.908577,False
matched,2,DataSet_04_018,RPS3,ANO2,0.0,False
matched,2,DataSet_04_019,SMAD2,CKS2,-0.0865588,True
matched,2,DataSet_04_020,SMAD4,FLI1,0.0,True
matched,2,DataSet_04_022,STAT1,SLC2A2,0.0,True
matched,2,DataSet_04_024,YBX1,FGFR2,0.0,True
matched,2,DataSet_04_026,ANXA2,ARHGDIB,2.366782,False
matched,2,DataSet_04_028,CIZ1,ABHD12,-0.06689726,False
matched,2,DataSet_04_032,FUBP1,ADCY1,0.6801197,False
matched,2,DataSet_04_036,SMAD2,ALK,0.0,True
matched,2,DataSet_04_037,SMAD4,FLT3,0.0,True
matched,2,DataSet_04_039,SRPK2,ABI2,0.04593628,False
matched,2,DataSet_04_041,YBX1,CTSG,0.0,True
matched,3,DataSet_01_006,PROX1,ITGB2,-0.71252,True
matched,3,DataSet_01_007,NR2F2,ATP2A2,0.22316,True
matched,3,DataSet_01_008,WT1,CALCA,-0.11424,True
matched,3,DataSet_01_010,TP53,CCND1,-0.43149,True
matched,3,DataSet_01_011,TP53,IFNG,0.02344,True
matched,3,DataSet_01_012,FLI1,HK2,-1.23781,True
matched,3,DataSet_01_013,FLI1,HSP90AB1,-0.17468,True
matched,3,DataSet_01_014,FLI1,EPOR,-0.33964,True
matched,3,DataSet_01_015,FLI1,APRT,-1.85032,True
matched,3,DataSet_01_016,FLI1,ATP2A2,-0.92203,True
matched,3,DataSet_01_017,ERG,CPT1B,0.0,True
matched,3,DataSet_01_018,YY1,SCNN1A,0.40957,True
matched,3,DataSet_01_021,STAT1,NR4A1,0.5175,True
matched,3,DataSet_01_025,MITF,ABCG2,-0.38571,True
matched,3,DataSet_01_026,PAX3,AHR,0.1266,True
matched,3,DataSet_01_027,PAX3,PPARA,0.02992,True
matched,3,DataSet_01_029,ATM,CD34,0.08575,False
matched,3,DataSet_01_030,RELA,SPI1,0.25303,True
matched,3,DataSet_01_031,TP53,IL6,-0.04331,True
matched,3,DataSet_01_033,ATF3,FOXA2,0.43788,True
matched,3,DataSet_01_034,EGR3,CD19,-0.81545,True
matched,3,DataSet_01_036,ETV1,AMHR2,0.46244,True
matched,3,DataSet_01_037,TP53,MDM2,0.02358,True
matched,3,DataSet_01_038,TP53,MMP2,0.17,True
matched,3,DataSet_01_042,POU5F1,ERBB2,-0.12207,True
matched,3,DataSet_01_043,CBFB,ANKRD37,0.41644,False
matched,3,DataSet_01_044,MYB,SOD2,0.0,True
matched,3,DataSet_01_045,PRDM14,ADAM9,0.82771,False
matched,3,DataSet_01_049,STAT3,GNRH1,0.26072,True
matched,3,DataSet_01_051,RARA,TGFB2,-0.06587,True
matched,3,DataSet_01_053,TFAP2C,CTSE,0.31222,True
matched,3,DataSet_01_058,BACH1,CBFB,-0.91184,True
matched,3,DataSet_01_059,BACH1,BIRC7,0.20607,True
matched,3,DataSet_01_060,NFE2L2,CDX1,0.02392,True
matched,3,DataSet_01_068,TP53,JUN,-0.06501,True
matched,3,DataSet_01_071,ELF5,ABCB7,0.0,True
matched,3,DataSet_01_073,ZNF148,ATF1,-0.31844,True
matched,3,DataSet_01_074,CEBPD,CD34,-0.03357,True
matched,3,DataSet_01_075,CEBPZ,AQP7,0.0,True
matched,3,DataSet_01_076,ETS1,POLR2F,-0.39241,True
matched,3,DataSet_01_077,FOXM1,CXCL2,-0.88766,True
matched,3,DataSet_01_078,HSF2,AACS,0.4113,True
matched,3,DataSet_01_079,MITF,CDH5,0.02536,True
matched,3,DataSet_01_080,RELA,CSF2,-0.62262,True
matched,3,DataSet_01_081,SP1,APP,-0.17772,True
matched,3,DataSet_01_082,SP100,ACADVL,-0.14288,False
matched,3,DataSet_01_083,STAT1,REN,-0.15291,True
matched,3,DataSet_01_084,STAT3,SCARB1,-0.67157,True
matched,3,DataSet_01_085,STAT6,ARNT,-0.00151,True
matched,3,DataSet_01_086,HIF1A,SOD2,-0.06235,True
matched,3,DataSet_01_088,FOXP1,CDC20,-0.20018,True
matched,3,DataSet_01_089,NR2F2,EPOR,-0.05179,True
matched,3,DataSet_01_090,NR2F2,CCR4,0.03498,True
matched,3,DataSet_01_091,ETV6,ARAP1,0.26915,True
matched,3,DataSet_01_094,NANOG,CCNB1,0.0,True
matched,3,DataSet_01_095,POU5F1,SHH,-0.10696,True
matched,3,DataSet_01_096,SOX2,TAT,-0.02092,True
matched,3,DataSet_01_098,SALL4,ACAT1,0.17087,True
matched,3,DataSet_01_099,FOS,NOS2,-0.08344,True
matched,3,DataSet_01_101,IRF6,ATP2C1,0.10246,True
matched,3,DataSet_01_103,HNF1B,CHGB,-0.12055,True
matched,3,DataSet_01_105,FOXA1,PDGFA,-0.15754,True
matched,3,DataSet_01_112,HSF1,CYP24A1,0.05549,True
matched,3,DataSet_01_114,ARID1A,A4GNT,-0.28356,True
matched,3,DataSet_01_117,ID1,APOA1,0.51407,True
matched,3,DataSet_01_118,ID1,CFTR,-0.25204,True
matched,3,DataSet_01_121,ZIC2,ACYP2,1.51102,True
matched,3,DataSet_01_123,ZNF91,ARHGDIB,0.38335,True
matched,3,DataSet_01_127,ZNF254,ABHD10,-0.4919,False
matched,3,DataSet_01_128,ZNF431,AADACL2,0.05976,False
matched,3,DataSet_01_132,EGR4,ABCA8,0.19938,True
matched,3,DataSet_01_135,SPDEF,BIN1,0.07006,True
matched,3,DataSet_01_136,REST,CHEK2,-0.10629,True
matched,3,DataSet_01_138,IKZF1,ADCY4,-0.17827,True
matched,3,DataSet_01_139,POLR3A,ABCA10,0.0,False
matched,3,DataSet_01_142,LEF1,CCK,0.04971,True
matched,3,DataSet_01_145,REST,CLOCK,0.03718,True
matched,3,DataSet_01_147,EHF,AOX1,0.1574,True
matched,3,DataSet_01_148,MYBL2,GIP,-0.01823,True
matched,3,DataSet_01_149,ETS2,ELANE,0.07667,True
matched,3,DataSet_01_150,TFAP2C,CASP8AP2,-0.07189,True
matched,3,DataSet_01_151,TEAD4,ABCD4,0.10967,True
matched,3,DataSet_01_153,LIN28B,BARX1,0.0,False
matched,3,DataSet_01_154,STAT1,PDGFB,-0.27031,True
matched,3,DataSet_01_155,HSF1,ABCC1,0.09622,True
matched,3,DataSet_01_156,HIF1A,PCNA,-0.0837,True
matched,3,DataSet_01_162,ELK1,ADH1A,-0.28771,True
matched,3,DataSet_01_164,JUN,HMOX1,1.4179,True
matched,3,DataSet_01_165,MAF,ALOX5,2.32023,True
matched,3,DataSet_01_166,NFATC3,AIMP2,0.34232,True
matched,3,DataSet_01_168,STAT3,MBP,-7.62285,True
matched,3,DataSet_01_169,HOXB7,CTSE,-0.15998,True
matched,3,DataSet_01_170,HOXB7,BECN1,-0.04555,True
matched,3,DataSet_01_171,FOSL1,FGF21,0.05734,True
matched,3,DataSet_01_173,ESRRG,CADM1,-1.02081,True
matched,3,DataSet_01_175,TP53,MYC,-0.22254,True
matched,3,DataSet_01_176,NR2F2,EPOR,0.45865,True
matched,3,DataSet_01_177,NR2F2,HLA-G,-0.13593,True
matched,3,DataSet_01_180,STAT3,NQO1,-0.07663,True
matched,3,DataSet_01_183,TP63,TNFRSF10B,-0.37364,True
matched,3,DataSet_01_184,STAT3,KLF4,-0.2043,True
matched,3,DataSet_01_185,TCF4,GAPDH,2.56242,True
matched,3,DataSet_01_189,SPDEF,ANGPTL2,0.05797,True
matched,3,DataSet_01_192,AR,IL10,0.30253,True
matched,3,DataSet_01_196,TP63,IL1A,-1.2233,True
matched,3,DataSet_01_198,TP63,CLU,-0.57489,True
matched,3,DataSet_01_200,TP63,CYBB,-0.32048,True
matched,3,DataSet_01_203,XBP1,CLOCK,-0.19981,True
matched,3,DataSet_01_204,XBP1,G6PC2,-0.11842,True
matched,3,DataSet_01_211,REST,LIPE,-0.07118,True
matched,3,DataSet_01_213,SOX11,AAAS,-0.00034,True
matched,3,DataSet_01_214,BCLAF1,AGXT,0.018,True
matched,3,DataSet_01_217,TAL1,TXNIP,-0.61134,True
matched,3,DataSet_01_218,PTEN,KLK3,-0.0389,False
matched,3,DataSet_01_220,HIF1A,IL13,0.02811,True
matched,3,DataSet_01_222,KLF9,ALDH1A3,0.09698,True
matched,3,DataSet_01_223,FOXM1,FOXA2,0.0,True
matched,3,DataSet_01_224,HIF1A,GAST,-0.07472,True
matched,3,DataSet_01_226,KLF2,FSCN1,-1.14126,True
matched,3,DataSet_01_228,HIF1A,GADD45A,-0.02315,True
matched,3,DataSet_01_233,FOXA1,CDH3,0.34346,True
matched,3,DataSet_01_238,NFYB,AADAC,0.66861,True
matched,3,DataSet_01_244,ETS1,ESR2,0.0,True
matched,3,DataSet_01_246,TLX1,CTSE,0.05612,True
matched,3,DataSet_01_247,GATA6,CHAT,-0.03543,True
matched,3,DataSet_01_248,SMAD2,CES2,0.0,True
matched,3,DataSet_01_255,YBX1,DCT,0.01813,True
matched,3,DataSet_01_256,YBX1,FLT4,0.0,True
matched,3,DataSet_01_257,YBX1,LIF,-0.18453,True
matched,3,DataSet_01_258,YBX1,LEFTY2,-0.23008,True
matched,3,DataSet_01_260,SOX4,CDH13,-0.05353,True
matched,3,DataSet_01_261,NFKB2,CCL11,-0.12786,True
matched,3,DataSet_01_267,FOXO3,IL9,-0.00594,True
matched,3,DataSet_01_269,SIX4,ADO,-0.16604,True
matched,3,DataSet_01_276,PTEN,MYOG,-0.09761,False
matched,3,DataSet_01_277,SALL4,ANKRD2,-0.17233,True
matched,3,DataSet_01_280,ESRRA,CDCA7,0.1888,True
matched,3,DataSet_01_281,MSX1,XIAP,0.65154,True
matched,3,DataSet_01_282,IRF7,TP53BP1,0.01511,True
matched,3,DataSet_01_283,AHR,TNFRSF11A,0.0,True
matched,3,DataSet_01_293,POSTN,SNAP25,1.33881,False
matched,3,DataSet_01_295,TFAP4,BCL2L2,-2.89696,True
matched,3,DataSet_01_299,SOX7,ALS2,-0.50671,True
matched,3,DataSet_01_300,SOX17,MCM7,0.10628,True
matched,3,DataSet_01_301,PTEN,PCNA,-0.0841,False
matched,3,DataSet_01_302,PTEN,SNAI2,1.19401,False
matched,3,DataSet_01_303,PTEN,CCNA2,0.05527,False
matched,3,DataSet_01_304,ETV5,CKS2,0.71567,True
matched,3,DataSet_01_305,HOXA5,CRHR1,-0.06456,True
matched,3,DataSet_01_306,NR2E1,ABI3,0.00354,True
matched,3,DataSet_01_308,SOX9,HIF1A,0.03274,True
matched,3,DataSet_01_309,SOX9,CCNB1,0.0,True
matched,3,DataSet_01_312,TFAP2C,ADAM10,-0.0286,True
matched,3,DataSet_01_313,OVOL2,ABCB10,0.11552,False
matched,3,DataSet_01_318,ELK3,ADORA3,-0.1503,True
matched,3,DataSet_01_324,MYC,ESR1,0.3209,True
matched,3,DataSet_01_327,TP63,CR2,-0.03371,True
matched,3,DataSet_01_330,TP63,IL1A,-2.67108,True
matched,3,DataSet_01_332,TOX,ATAD2,0.0,True
matched,3,DataSet_01_333,HOXC6,DIRAS3,-0.19265,True
matched,3,DataSet_01_336,GRHL3,ALPP,-0.10451,True
matched,3,DataSet_01_337,REST,AXL,0.14108,True
matched,3,DataSet_01_338,REST,ANG,0.73804,True
matched,3,DataSet_01_339,KLF4,ALB,0.0242,True
matched,3,DataSet_01_340,KLF7,AIFM1,0.06941,True
matched,3,DataSet_01_342,KLF7,ALPP,0.0,True
matched,3,DataSet_01_347,GATA3,CXCL12,-0.23516,True
matched,3,DataSet_01_348,HIF1A,HBG1,0.39114,True
matched,3,DataSet_01_349,SOX2,BDNF,-0.09167,True
matched,3,DataSet_01_354,ELK1,CELA2A,0.0,True
matched,3,DataSet_01_356,ETV4,BEX2,-0.23719,True
matched,3,DataSet_01_357,CDX2,RUNX1,-0.60116,True
matched,3,DataSet_01_360,SOX17,ANGPT1,3.12704,True
matched,3,DataSet_02_001,DROSHA,ADIPOR1,-0.36862,False
matched,3,DataSet_02_007,PTBP1,ATXN2,0.1562,False
matched,3,DataSet_02_009,POLR2G,ABCA17P,-0.90046,False
matched,3,DataSet_02_012,SRSF4,ABHD11,0.41979,False
matched,3,DataSet_02_013,SRSF9,ABCC11,1.58496,False
matched,3,DataSet_02_015,HOXB9,ADH7,0.0,True
matched,3,DataSet_02_016,JUND,ACTA1,1.12553,True
matched,3,DataSet_02_018,STAT2,ADRA1B,0.0,True
matched,3,DataSet_02_023,STAT1,PER1,0.11453,True
matched,3,DataSet_02_025,USF2,CEACAM5,0.0,True
matched,3,DataSet_02_026,USF1,BSG,0.02557,True
matched,3,DataSet_02_032,NFE2L1,ACVRL1,-0.78122,True
matched,3,DataSet_02_033,TEAD2,ADAM9,0.75787,True
matched,3,DataSet_02_039,RELA,IL12B,0.0,True
matched,3,DataSet_02_040,TEAD4,ABCB9,-0.4739,True
matched,3,DataSet_02_042,SP2,BAG2,0.0,True
matched,3,DataSet_02_044,ZC3H11A,ADAT2,-0.89603,False
matched,3,DataSet_02_048,SMAD5,A2LD1,0.0,True
matched,3,DataSet_02_051,HDAC8,ACYP2,-0.49987,False
matched,3,DataSet_02_053,TLE2,ADRA1A,0.0,False
matched,3,DataSet_02_054,ATF3,ABCC2,0.32193,True
matched,3,DataSet_02_055,DLX1,ADCY10,0.4975,True
matched,3,DataSet_02_058,HMBOX1,AADAC,0.0,False
matched,3,DataSet_02_061,RFX5,ABCC9,-0.4443,True
matched,3,DataSet_02_063,TRIM28,NR1H3,-0.23829,True
matched,3,DataSet_02_071,TFDP1,ASXL3,-0.41504,True
matched,3,DataSet_02_075,HMGA1,ANGPTL4,1.69707,True
matched,3,DataSet_02_078,SIX5,AFF1,-0.3363,False
matched,3,DataSet_02_079,HMGN1,ASAH1,-0.0533,False
matched,3,DataSet_02_082,ZBTB33,ABHD12,-0.1196,True
matched,3,DataSet_02_088,ILF2,ABCA13,1.0,False
matched,3,DataSet_02_090,SRSF9,ABCC12,0.0,False
matched,3,DataSet_02_091,HNRNPK,APCDD1,0.0,False
matched,3,DataSet_02_096,HNRNPL,ALPP,0.0,False
matched,3,DataSet_02_097,U2AF1,BPI,0.0,False
matched,3,DataSet_02_099,PSIP1,BMP6,-0.48543,False
matched,3,DataSet_02_100,RBM17,A1BG,-0.89218,False
matched,3,DataSet_02_101,RBFOX2,CDKN2D,1.03505,False
matched,3,DataSet_02_103,FIP1L1,ABCA13,0.0,False
matched,3,DataSet_02_104,HDGF,ABCC5,0.06445,True
matched,3,DataSet_02_105,U2AF2,ADIPOR1,-0.01998,False
matched,3,DataSet_02_107,SSB,A1BG-AS1,-0.36257,False
matched,3,DataSet_02_108,ZNF622,ADCYAP1R1,0.0,False
matched,3,DataSet_02_110,GTF2F1,BARD1,-0.19075,False
matched,3,DataSet_02_111,RBM39,ACSL6,0.0,False
matched,3,DataSet_02_114,XRCC5,BHLHE23,0.0,False
matched,3,DataSet_02_115,PCBP1,AHCYL1,-0.01213,False
matched,3,DataSet_02_117,SUB1,AHSP,0.0,False
matched,3,DataSet_02_120,PTBP1,BCOR,-0.23454,False
matched,3,DataSet_02_121,RBM34,A4GNT,0.0,False
matched,3,DataSet_02_123,PCBP2,AASDH,0.17711,False
matched,3,DataSet_02_124,FUS,ACAT1,-0.49372,False
matched,3,DataSet_02_126,SNRNP70,AARS,-0.26103,False
matched,3,DataSet_02_128,PRPF4,ABCC12,0.0,False
matched,3,DataSet_02_130,POLR2G,AARS,-0.01385,False
matched,3,DataSet_02_131,PTBP1,APBB1,0.69744,False
matched,3,DataSet_02_133,SRSF7,ALPP,0.0,False
matched,3,DataSet_02_136,HNRNPK,ABRA,0.0,False
matched,3,DataSet_02_137,PCBP1,ACADL,0.0,False
matched,3,DataSet_02_138,RBM17,AAGAB,-0.11479,False
matched,3,DataSet_02_139,RBFOX2,CD55,0.40846,False
matched,3,DataSet_02_140,TAF15,A2LD1,0.0,False
matched,3,DataSet_02_141,RBM34,ABHD10,-0.21429,False
matched,3,DataSet_02_144,PTBP1,BARX1,-1.37851,False
matched,3,DataSet_02_145,DROSHA,AMPD1,0.0,False
matched,3,DataSet_02_147,FIP1L1,ABCC12,0.0,False
matched,3,DataSet_02_148,ILF3,ATXN2,-0.30134,False
matched,3,DataSet_02_151,RBM39,A2ML1,-0.09954,False
matched,3,DataSet_02_152,ILF2,ABHD11,-0.04187,False
matched,3,DataSet_02_154,SRSF4,A1CF,0.0,False
matched,3,DataSet_02_155,FUS,DIRAS3,0.34999,False
matched,3,DataSet_02_156,HNRNPUL1,APPL1,0.0,False
matched,3,DataSet_02_157,GTF2F1,BCL11A,0.0,False
matched,3,DataSet_02_158,PSIP1,ACSL1,-0.06361,False
matched,3,DataSet_02_159,XRCC5,BAG2,0.0,False
matched,3,DataSet_02_160,HNRNPL,ARHGEF1,0.0,False
matched,3,DataSet_02_161,SUB1,CD1A,0.0,False
matched,3,DataSet_02_164,SSB,ABCC10,-0.10296,False
matched,3,DataSet_02_168,RBM22,AADACL4,0.0,False
matched,3,DataSet_02_170,U2AF2,AMELY,0.0,False
matched,3,DataSet_02_172,ZFX,ABCA10,0.03653,True
matched,3,DataSet_02_175,LMNA,CD33,0.01332,False
matched,3,DataSet_02_185,CTCF,BMP10,0.97654,True
matched,3,DataSet_02_190,RAD21,BID,-0.52515,False
matched,3,DataSet_02_192,MAX,ALK,0.0,True
matched,3,DataSet_02_195,LMNB1,ABCA10,-2.8365,False
matched,3,DataSet_02_206,ZFX,ABCA5,-0.09878,True
matched,3,DataSet_03_002,AKT1,CCND2,-0.2273877,False
matched,3,DataSet_03_004,AR,MMP2,-0.1989559,True
matched,3,DataSet_03_005,AR,SPP1,-0.7959861,True
matched,3,DataSet_03_007,AR,AKT1,-0.1100922,True
matched,3,DataSet_03_013,ARID1A,AACSP1,0.0,True
matched,3,DataSet_03_017,ATF3,ACTB,-0.3148527,True
matched,3,DataSet_03_018,ATF4,PPIG,-0.3694582,True
matched,3,DataSet_03_021,BAG1,ALDH1A1,0.0,False
matched,3,DataSet_03_022,BATF3,ANGPT4,0.05523633,False
matched,3,DataSet_03_026,BCL6,SOD1,0.025616,True
matched,3,DataSet_03_031,CASP8AP2,EDNRB,-0.02560763,False
matched,3,DataSet_03_035,CCNB1,TGFBR2,0.1387583,False
matched,3,DataSet_03_049,CEBPB,AVP,-0.8221137,True
matched,3,DataSet_03_056,CTCF,DHX9,-0.0274509,True
matched,3,DataSet_03_059,CTNNB1,HBB,0.0,True
matched,3,DataSet_03_060,E2F1,IFNB1,0.171328,True
matched,3,DataSet_03_063,E2F7,ABCB5,0.046464,True
matched,3,DataSet_03_065,EP300,PTH,0.0,True
matched,3,DataSet_03_066,ERBB2,KDR,-0.2641933,False
matched,3,DataSet_03_073,ETS1,TXN,-0.4696429,True
matched,3,DataSet_03_074,ETS1,APOB,0.0,True
matched,3,DataSet_03_075,ETV6,ANGPTL3,0.0,True
matched,3,DataSet_03_078,FLI1,IER3,0.292231,True
matched,3,DataSet_03_080,FOXA1,CCR5,0.06435925,True
matched,3,DataSet_03_085,FOXD1,ADAM12,0.02080677,True
matched,3,DataSet_03_087,FOXF2,AAMP,0.02555293,True
matched,3,DataSet_03_089,FOXK1,ABCE1,-0.05553333,False
matched,3,DataSet_03_090,FOXM1,HNF1A,0.0,True
matched,3,DataSet_03_091,FOXM1,CR2,0.0,True
matched,3,DataSet_03_093,FOXM1,CXCL2,0.10616,True
matched,3,DataSet_03_096,FOXO1,MAF,1.601846,True
matched,3,DataSet_03_100,GATA2,SST,-0.01199719,True
matched,3,DataSet_03_108,GATA6,JUP,-0.2981316,True
matched,3,DataSet_03_110,GATA6,CD3E,0.8447534,True
matched,3,DataSet_03_113,GRHL3,ACTR6,-0.1748417,True
matched,3,DataSet_03_114,HDAC3,AGXT,0.1343623,True
matched,3,DataSet_03_116,HES6,ASCL2,0.03646225,True
matched,3,DataSet_03_117,HES6,APOD,0.09225917,True
matched,3,DataSet_03_119,HIF1A,MAPK8,-0.006722667,True
matched,3,DataSet_03_122,HINFP,ADH1A,-0.3110575,True
matched,3,DataSet_03_123,HINFP,BIN1,-0.2326855,True
matched,3,DataSet_03_124,HMGA1,CHI3L1,0.0195465,True
matched,3,DataSet_03_127,HOXB7,COL7A1,0.08289167,True
matched,3,DataSet_03_128,HOXC4,AFF1,0.03824534,False
matched,3,DataSet_03_129,HSF1,LIF,0.0258235,True
matched,3,DataSet_03_143,JUN,IL2,0.04116188,True
matched,3,DataSet_03_148,KLF5,LAMB1,0.3933947,True
matched,3,DataSet_03_149,KLF5,CYP8B1,0.7992694,True
matched,3,DataSet_03_150,KLF5,LCK,1.207894,True
matched,3,DataSet_03_151,KLF5,HAND1,0.3841393,True
matched,3,DataSet_03_155,MAFB,ADAM10,0.006666667,True
matched,3,DataSet_03_165,MITF,F3,0.4647502,True
matched,3,DataSet_03_168,MITF,GFI1,-0.9088457,True
matched,3,DataSet_03_173,MYB,DKK1,-1.197167,True
matched,3,DataSet_03_178,MYC,TP53,0.1821392,True
matched,3,DataSet_03_189,NCOA1,ABCC5,0.0,True
matched,3,DataSet_03_190,NCOA2,ATP9B,0.0,True
matched,3,DataSet_03_191,NCOA3,FCGRT,0.0,True
matched,3,DataSet_03_192,NCOR1,AQP5,-0.06577236,True
matched,3,DataSet_03_199,NMI,ADSL,0.06135167,False
matched,3,DataSet_03_200,NPAT,ATF2,-0.2104875,False
matched,3,DataSet_03_201,NPAT,ADAM10,-0.084751,False
matched,3,DataSet_03_202,NR2F2,HPSE,-0.2632113,True
matched,3,DataSet_03_205,PARK7,CLDN4,0.0,True
matched,3,DataSet_03_207,PBX1,ABCG1,-0.05740775,True
matched,3,DataSet_03_208,PBX1,AMY2A,0.01399033,True
matched,3,DataSet_03_209,PBX1,ENPP2,0.01124625,True
matched,3,DataSet_03_211,PHB,ABCC6P1,-1.033785,False
matched,3,DataSet_03_214,PPARG,SP1,0.06666667,True
matched,3,DataSet_03_217,PRRX1,BEX2,-0.9450562,True
matched,3,DataSet_03_220,RBL2,PENK,-0.04756667,False
matched,3,DataSet_03_221,RCHY1,AQP9,0.0,False
matched,3,DataSet_03_222,RELA,ID2,0.3857143,True
matched,3,DataSet_03_223,RELA,EGF,0.0,True
matched,3,DataSet_03_225,RELB,CTLA4,0.6543525,True
matched,3,DataSet_03_228,REST,ANG,-0.01652775,True
matched,3,DataSet_03_229,SATB1,ACE2,0.002654954,True
matched,3,DataSet_03_232,SKP2,MET,-0.035204,False
matched,3,DataSet_03_235,SMARCA4,SOX2,0.0,True
matched,3,DataSet_03_236,SMARCC1,ERCC1,0.2861707,True
matched,3,DataSet_03_237,SOX11,ABCB7,0.1784033,True
matched,3,DataSet_03_238,SOX11,AADACL3,0.8911731,True
matched,3,DataSet_03_239,SOX11,AAA1,0.0,True
matched,3,DataSet_03_241,SOX2,CKM,0.2370007,True
matched,3,DataSet_03_242,SOX2,DDIT3,-0.45784,True
matched,3,DataSet_03_244,SOX2,SREBF1,0.3077874,True
matched,3,DataSet_03_246,SOX4,ALDH3A1,-3.121015,True
matched,3,DataSet_03_249,SP1,ERBB2,0.02154486,True
matched,3,DataSet_03_251,SP1,CSF2,-0.0008423626,True
matched,3,DataSet_03_253,SPIB,CREM,0.015998,True
matched,3,DataSet_03_255,SSRP1,ABCA5,0.0,True
matched,3,DataSet_03_256,STAT1,ASCL1,-0.9928977,True
matched,3,DataSet_03_258,STAT3,EP300,1.003035,True
matched,3,DataSet_03_259,STAT3,ABCC3,-0.113478,True
matched,3,DataSet_03_260,STAT3,BTK,-0.05630833,True
matched,3,DataSet_03_261,STAT3,WNT2,-0.0241883,True
matched,3,DataSet_03_262,STAT3,APC,1.712931,True
matched,3,DataSet_03_264,STAT6,DACH1,0.09175962,True
matched,3,DataSet_03_267,TCF7L1,A1BG-AS1,0.0,True
matched,3,DataSet_03_271,TET2,CASP14,-0.12085,False
matched,3,DataSet_03_273,TET3,ADRA1B,0.13524,False
matched,3,DataSet_03_274,TFAP2C,CHGB,3.069279,True
matched,3,DataSet_03_275,TFE3,AMELY,2.206605,True
matched,3,DataSet_03_277,TP53,TNF,0.2505067,True
matched,3,DataSet_03_284,TWIST2,ALAS1,0.01189069,True
matched,3,DataSet_03_287,ZHX2,APOBEC3G,0.0,True
matched,3,DataSet_03_294,ZNF750,ACMSD,-0.0754635,False
matched,3,DataSet_04_002,CDC5L,ADRA2A,0.0,False
matched,3,DataSet_04_003,CHCHD3,AARS,-0.1135685,False
matched,3,DataSet_04_004,CIZ1,ABCA5,1.923038,False
matched,3,DataSet_04_006,DDX59,AAAS,0.01755557,False
matched,3,DataSet_04_010,FUBP1,BHMT,0.0,False
matched,3,DataSet_04_011,FUBP3,ABAT,0.4052565,False
matched,3,DataSet_04_012,MARK2,A1BG,1.795859,False
matched,3,DataSet_04_015,NKRF,AARS,-0.4854394,True
matched,3,DataSet_04_016,NUP35,AARS,0.2754411,False
matched,3,DataSet_04_018,RPS3,ADK,0.5256263,False
matched,3,DataSet_04_019,SMAD2,CHRD,-0.2552571,True
matched,3,DataSet_04_020,SMAD4,LTB,0.1768778,True
matched,3,DataSet_04_022,STAT1,RET,0.0,True
matched,3,DataSet_04_024,YBX1,CHAT,0.0,True
matched,3,DataSet_04_026,ANXA2,AMPD1,0.0,False
matched,3,DataSet_04_028,CIZ1,ABAT,-0.07477943,False
matched,3,DataSet_04_032,FUBP1,ATP12A,0.0,False
matched,3,DataSet_04_036,SMAD2,CLDN3,0.2356282,True
matched,3,DataSet_04_037,SMAD4,HPSE,0.0,True
matched,3,DataSet_04_039,SRPK2,ADH7,0.0,False
matched,3,DataSet_04_041,YBX1,HDAC1,-0.3937212,True
matched,4,DataSet_01_006,PROX1,IHH,0.38698,True
matched,4,DataSet_01_007,NR2F2,JAK2,-0.14273,True
matched,4,DataSet_01_008,WT1,PTHLH,-0.03846,True
matched,4,DataSet_01_010,TP53,MMP2,0.12074,True
matched,4,DataSet_01_011,TP53,CYP19A1,-0.09806,True
matched,4,DataSet_01_012,FLI1,LTB,0.0,True
matched,4,DataSet_01_013,FLI1,LTB,0.0,True
matched,4,DataSet_01_014,FLI1,ATP2A2,-0.69195,True
matched,4,DataSet_01_015,FLI1,CYP11B2,0.0,True
matched,4,DataSet_01_016,FLI1,FABP1,0.0,True
matched,4,DataSet_01_017,ERG,CLOCK,-0.12769,True
matched,4,DataSet_01_018,YY1,NEUROG2,0.06572,True
matched,4,DataSet_01_021,STAT1,NR4A1,0.5175,True
matched,4,DataSet_01_025,MITF,DIO2,-0.57368,True
matched,4,DataSet_01_026,PAX3,ACTG2,-0.02286,True
matched,4,DataSet_01_027,PAX3,PTH,0.0,True
matched,4,DataSet_01_029,ATM,CASP8,0.7682,False
matched,4,DataSet_01_030,RELA,HSPA5,0.0,True
matched,4,DataSet_01_031,TP53,PTGS2,-1.56241,True
matched,4,DataSet_01_033,ATF3,ABCC2,-0.71313,True
matched,4,DataSet_01_034,EGR3,BCL3,0.0,True
matched,4,DataSet_01_036,ETV1,C4BPB,0.18491,True
matched,4,DataSet_01_037,TP53,CDH1,0.16457,True
matched,4,DataSet_01_038,TP53,MMP9,0.19,True
matched,4,DataSet_01_042,POU5F1,PCK1,-0.07508,True
matched,4,DataSet_01_043,CBFB,ANKRD37,0.41644,False
matched,4,DataSet_01_044,MYB,SOX9,-0.83277,True
matched,4,DataSet_01_045,PRDM14,ADH6,0.0,False
matched,4,DataSet_01_049,STAT3,MMP3,0.0,True
matched,4,DataSet_01_051,RARA,MYH6,-0.16993,True
matched,4,DataSet_01_053,TFAP2C,DYNC1H1,-0.0247,True
matched,4,DataSet_01_058,BACH1,ALOX15B,0.0097,True
matched,4,DataSet_01_059,BACH1,BCL11A,-0.26019,True
matched,4,DataSet_01_060,NFE2L2,LGALS3,-0.41168,True
matched,4,DataSet_01_068,TP53,IL1B,0.0,True
matched,4,DataSet_01_071,ELF5,ABHD10,0.2346,True
matched,4,DataSet_01_073,ZNF148,ART1,0.0,True
matched,4,DataSet_01_074,CEBPD,CR2,-0.00131,True
matched,4,DataSet_01_075,CEBPZ,ALDH3A2,0.23095,True
matched,4,DataSet_01_076,ETS1,AURKA,-0.11857,True
matched,4,DataSet_01_077,FOXM1,KRT14,-0.1652,True
matched,4,DataSet_01_078,HSF2,BRD7,0.23362,True
matched,4,DataSet_01_079,MITF,TRIM63,-0.10386,True
matched,4,DataSet_01_080,RELA,CDKN1C,0.73666,True
matched,4,DataSet_01_081,SP1,MYOD1,-0.24513,True
matched,4,DataSet_01_082,SP100,ADAT2,-0.04262,False
matched,4,DataSet_01_083,STAT1,MYH6,-0.27946,True
matched,4,DataSet_01_084,STAT3,DUSP1,-0.09752,True
matched,4,DataSet_01_085,STAT6,DNMT3A,-0.01253,True
matched,4,DataSet_01_086,HIF1A,PAX6,-0.06408,True
matched,4,DataSet_01_088,FOXP1,CALD1,0.43154,True
matched,4,DataSet_01_089,NR2F2,DACH1,-0.01878,True
matched,4,DataSet_01_090,NR2F2,HLA-G,0.69633,True
matched,4,DataSet_01_091,ETV6,ASPM,0.5248,True
matched,4,DataSet_01_094,NANOG,HGF,-0.18164,True
matched,4,DataSet_01_095,POU5F1,BMP2,0.56615,True
matched,4,DataSet_01_096,SOX2,PTHLH,0.04104,True
matched,4,DataSet_01_098,SALL4,BIK,-0.45489,True
matched,4,DataSet_01_099,FOS,IL10,-0.35249,True
matched,4,DataSet_01_101,IRF6,ADAMTS16,0.20976,True
matched,4,DataSet_01_103,HNF1B,APAF1,0.05769,True
matched,4,DataSet_01_105,FOXA1,TXNIP,-0.24551,True
matched,4,DataSet_01_112,HSF1,FLT4,0.0,True
matched,4,DataSet_01_114,ARID1A,ABCB7,0.0,True
matched,4,DataSet_01_117,ID1,IGF1R,0.55845,True
matched,4,DataSet_01_118,ID1,INSR,-0.59867,True
matched,4,DataSet_01_121,ZIC2,ACYP2,1.51102,True
matched,4,DataSet_01_123,ZNF91,AMY1A,0.0,True
matched,4,DataSet_01_127,ZNF254,A2LD1,0.28678,False
matched,4,DataSet_01_128,ZNF431,AADAT,0.0095,False
matched,4,DataSet_01_132,EGR4,ABHD12B,0.17787,True
matched,4,DataSet_01_135,SPDEF,CDK11B,0.0,True
matched,4,DataSet_01_136,REST,AKR1B15,0.0,True
matched,4,DataSet_01_138,IKZF1,APBB1,-0.03785,True
matched,4,DataSet_01_139,POLR3A,ABCA10,0.0,False
matched,4,DataSet_01_142,LEF1,APOB,0.03603,True
matched,4,DataSet_01_145,REST,AXIN1,-0.10266,True
matched,4,DataSet_01_147,EHF,ALDH3A2,0.13518,True
matched,4,DataSet_01_148,MYBL2,DLD,-0.02172,True
matched,4,DataSet_01_149,ETS2,ELANE,0.07667,True
matched,4,DataSet_01_150,TFAP2C,DBP,0.5997,True
matched,4,DataSet_01_151,TEAD4,ABCC10,-0.06436,True
matched,4,DataSet_01_153,LIN28B,ACTL6A,0.0,False
matched,4,DataSet_01_154,STAT1,TKT,0.07714,True
matched,4,DataSet_01_155,HSF1,FCGRT,0.18503,True
matched,4,DataSet_01_156,HIF1A,GADD45A,0.13033,True
matched,4,DataSet_01_162,ELK1,BMP6,-1.29849,True
matched,4,DataSet_01_164,JUN,CD44,-1.08639,True
matched,4,DataSet_01_165,MAF,MAP2K1,-6.94213,True
matched,4,DataSet_01_166,NFATC3,AGA,0.59573,True
matched,4,DataSet_01_168,STAT3,MMP3,-0.14198,True
matched,4,DataSet_01_169,HOXB7,APAF1,-0.02261,True
matched,4,DataSet_01_170,HOXB7,ENG,-0.169,True
matched,4,DataSet_01_171,FOSL1,IAPP,0.0,True
matched,4,DataSet_01_173,ESRRG,EGR3,0.05206,True
matched,4,DataSet_01_175,TP53,FN1,0.05861,True
matched,4,DataSet_01_176,NR2F2,BNIP3,-0.03648,True
matched,4,DataSet_01_177,NR2F2,HSP90AB1,-0.13116,True
matched,4,DataSet_01_180,STAT3,APOA1,-0.1653,True
matched,4,DataSet_01_183,TP63,TNFRSF10B,-0.37364,True
matched,4,DataSet_01_184,STAT3,GCK,-0.00587,True
matched,4,DataSet_01_185,TCF4,MIF,-0.3459,True
matched,4,DataSet_01_189,SPDEF,ACTC1,-0.1057,True
matched,4,DataSet_01_192,AR,TERT,-0.04187,True
matched,4,DataSet_01_196,TP63,ODC1,0.30959,True
matched,4,DataSet_01_198,TP63,GADD45B,-0.23577,True
matched,4,DataSet_01_200,TP63,PTPN6,0.12613,True
matched,4,DataSet_01_203,XBP1,ERG,-0.11768,True
matched,4,DataSet_01_204,XBP1,ANG,0.23249,True
matched,4,DataSet_01_211,REST,LCK,-0.34228,True
matched,4,DataSet_01_213,SOX11,ABHD11,0.07893,True
matched,4,DataSet_01_214,BCLAF1,AGXT,0.018,True
matched,4,DataSet_01_217,TAL1,CXCL14,-0.29287,True
matched,4,DataSet_01_218,PTEN,E2F1,0.1385,False
matched,4,DataSet_01_220,HIF1A,NOS3,0.09637,True
matched,4,DataSet_01_222,KLF9,AHRR,-0.00419,True
matched,4,DataSet_01_223,FOXM1,FOXO3,0.14774,True
matched,4,DataSet_01_224,HIF1A,CSF2,-0.07511,True
matched,4,DataSet_01_226,KLF2,AICDA,-0.4419,True
matched,4,DataSet_01_228,HIF1A,ME3,-0.10081,True
matched,4,DataSet_01_233,FOXA1,CCL20,0.19622,True
matched,4,DataSet_01_238,NFYB,ABCA10,0.0,True
matched,4,DataSet_01_244,ETS1,GRIN1,0.0,True
matched,4,DataSet_01_246,TLX1,EDNRB,0.0,True
matched,4,DataSet_01_247,GATA6,KDM3A,0.0,True
matched,4,DataSet_01_248,SMAD2,CPB2,0.0,True
matched,4,DataSet_01_255,YBX1,CD3E,0.26015,True
matched,4,DataSet_01_256,YBX1,DLL4,0.10975,True
matched,4,DataSet_01_257,YBX1,DRD2,-0.04962,True
matched,4,DataSet_01_258,YBX1,CYP51A1,0.08165,True
matched,4,DataSet_01_260,SOX4,ABCA3,0.0,True
matched,4,DataSet_01_261,NFKB2,GK,0.03457,True
matched,4,DataSet_01_267,FOXO3,CARM1,0.05381,True
matched,4,DataSet_01_269,SIX4,ABCB5,0.19678,True
matched,4,DataSet_01_276,PTEN,ICAM1,-0.02448,False
matched,4,DataSet_01_277,SALL4,BPI,0.0,True
matched,4,DataSet_01_280,ESRRA,CDH15,-0.60618,True
matched,4,DataSet_01_281,MSX1,SLC25A5,0.47507,True
matched,4,DataSet_01_282,IRF7,C3,0.21028,True
matched,4,DataSet_01_283,AHR,SOX2,0.05506,True
matched,4,DataSet_01_293,POSTN,CYP2E1,1.82899,False
matched,4,DataSet_01_295,TFAP4,ADH1A,-1.68299,True
matched,4,DataSet_01_299,SOX7,ARHGEF1,-0.19289,True
matched,4,DataSet_01_300,SOX17,AQP2,-3.06398,True
matched,4,DataSet_01_301,PTEN,CXCR4,-0.11011,False
matched,4,DataSet_01_302,PTEN,SNAI2,1.19401,False
matched,4,DataSet_01_303,PTEN,PCK1,-1.27443,False
matched,4,DataSet_01_304,ETV5,CD5,-0.03249,True
matched,4,DataSet_01_305,HOXA5,APOD,-0.00941,True
matched,4,DataSet_01_306,NR2E1,ADK,0.22552,True
matched,4,DataSet_01_308,SOX9,EGF,-0.46263,True
matched,4,DataSet_01_309,SOX9,HBG1,0.0,True
matched,4,DataSet_01_312,TFAP2C,AP3B1,0.0,True
matched,4,DataSet_01_313,OVOL2,ABCA7,-0.2989,False
matched,4,DataSet_01_318,ELK3,ARID3A,1.43407,True
matched,4,DataSet_01_324,MYC,BMP4,0.59453,True
matched,4,DataSet_01_327,TP63,RBL2,-0.23246,True
matched,4,DataSet_01_330,TP63,APOA2,-0.0818,True
matched,4,DataSet_01_332,TOX,BHMT,-0.01566,True
matched,4,DataSet_01_333,HOXC6,CXCR5,0.35915,True
matched,4,DataSet_01_336,GRHL3,AMY1A,0.0,True
matched,4,DataSet_01_337,REST,AQP5,-0.05376,True
matched,4,DataSet_01_338,REST,ALOX12,0.01193,True
matched,4,DataSet_01_339,KLF4,CDK1,-0.53831,True
matched,4,DataSet_01_340,KLF7,ANKRD26,0.2204,True
matched,4,DataSet_01_342,KLF7,AGA,-0.01142,True
matched,4,DataSet_01_347,GATA3,WT1,0.70175,True
matched,4,DataSet_01_348,HIF1A,PAX6,-0.16181,True
matched,4,DataSet_01_349,SOX2,MYCN,-1.43182,True
matched,4,DataSet_01_354,ELK1,AKR1A1,0.27712,True
matched,4,DataSet_01_356,ETV4,ARR3,0.0,True
matched,4,DataSet_01_357,CDX2,PLAUR,-1.62276,True
matched,4,DataSet_01_360,SOX17,IHH,0.6356,True
matched,4,DataSet_02_001,DROSHA,AMPD1,0.0,False
matched,4,DataSet_02_007,PTBP1,ART1,0.0,False
matched,4,DataSet_02_009,POLR2G,ABCA8,0.78775,False
matched,4,DataSet_02_012,SRSF4,A1CF,0.0,False
matched,4,DataSet_02_013,SRSF9,A2LD1,0.0,False
matched,4,DataSet_02_015,HOXB9,ACO2,0.28528,True
matched,4,DataSet_02_016,JUND,AMELX,0.152,True
matched,4,DataSet_02_018,STAT2,ARHGDIG,-0.27723,True
matched,4,DataSet_02_023,STAT1,MMP3,0.0,True
matched,4,DataSet_02_025,USF2,CD83,0.01438,True
matched,4,DataSet_02_026,USF1,CADM1,1.74723,True
matched,4,DataSet_02_032,NFE2L1,BST2,0.18546,True
matched,4,DataSet_02_033,TEAD2,ACVR1B,-0.42795,True
matched,4,DataSet_02_039,RELA,NFKB1,0.15174,True
matched,4,DataSet_02_040,TEAD4,AA06,0.0,True
matched,4,DataSet_02_042,SP2,B4GALT5,0.47843,True
matched,4,DataSet_02_044,ZC3H11A,ADAT2,-0.89603,False
matched,4,DataSet_02_048,SMAD5,ABCC6P1,1.0,True
matched,4,DataSet_02_051,HDAC8,ACVR1B,0.25815,False
matched,4,DataSet_02_053,TLE2,AQP9,0.0,False
matched,4,DataSet_02_054,ATF3,TIMP3,-0.83007,True
matched,4,DataSet_02_055,DLX1,ADAM9,0.45721,True
matched,4,DataSet_02_058,HMBOX1,ABCA6,0.65711,False
matched,4,DataSet_02_061,RFX5,ABCB4,0.20282,True
matched,4,DataSet_02_063,TRIM28,DMP1,0.0,True
matched,4,DataSet_02_071,TFDP1,ARR3,0.0,True
matched,4,DataSet_02_075,HMGA1,CLDN4,-0.18728,True
matched,4,DataSet_02_078,SIX5,ADD3,-0.65832,False
matched,4,DataSet_02_079,HMGN1,ACSBG1,0.0,False
matched,4,DataSet_02_082,ZBTB33,ABCA9,0.70044,True
matched,4,DataSet_02_088,ILF2,AAAS,-0.04858,False
matched,4,DataSet_02_090,SRSF9,ABCA13,-3.16993,False
matched,4,DataSet_02_091,HNRNPK,ANXA2,-1.10568,False
matched,4,DataSet_02_096,HNRNPL,ADD1,0.11751,False
matched,4,DataSet_02_097,U2AF1,BAMBI,0.85088,False
matched,4,DataSet_02_099,PSIP1,BCL2L2,-0.49568,False
matched,4,DataSet_02_100,RBM17,ABCC13,0.0,False
matched,4,DataSet_02_101,RBFOX2,ABCG8,-0.36091,False
matched,4,DataSet_02_103,FIP1L1,ABCA11P,0.0,False
matched,4,DataSet_02_104,HDGF,ADAMTSL4,-0.06671,True
matched,4,DataSet_02_105,U2AF2,AGA,0.45986,False
matched,4,DataSet_02_107,SSB,A1CF,0.44633,False
matched,4,DataSet_02_108,ZNF622,ADCY9,0.18835,False
matched,4,DataSet_02_110,GTF2F1,BCLAF1,0.08619,False
matched,4,DataSet_02_111,RBM39,ABCE1,-0.82685,False
matched,4,DataSet_02_114,XRCC5,BANP,-0.26352,False
matched,4,DataSet_02_115,PCBP1,ADRA1B,0.0,False
matched,4,DataSet_02_117,SUB1,AKR1A1,-0.49105,False
matched,4,DataSet_02_120,PTBP1,ADCY4,0.32193,False
matched,4,DataSet_02_121,RBM34,AADACL3,0.0,False
matched,4,DataSet_02_123,PCBP2,AASDHPPT,0.51894,False
matched,4,DataSet_02_124,FUS,CD2AP,0.24515,False
matched,4,DataSet_02_126,SNRNP70,ABHD1,0.89077,False
matched,4,DataSet_02_128,PRPF4,ABAT,0.12376,False
matched,4,DataSet_02_130,POLR2G,ABCD1,-0.16326,False
matched,4,DataSet_02_131,PTBP1,ALG12,0.0,False
matched,4,DataSet_02_133,SRSF7,APPL1,0.0,False
matched,4,DataSet_02_136,HNRNPK,ANXA2,-0.03091,False
matched,4,DataSet_02_137,PCBP1,ANK2,-0.90689,False
matched,4,DataSet_02_138,RBM17,ABCC12,0.0,False
matched,4,DataSet_02_139,RBFOX2,ABCG8,0.0,False
matched,4,DataSet_02_140,TAF15,ABCC11,0.69188,False
matched,4,DataSet_02_141,RBM34,AAGAB,-0.1699,False
matched,4,DataSet_02_144,PTBP1,ATP2C1,-0.29589,False
matched,4,DataSet_02_145,DROSHA,ALS2,-0.52268,False
matched,4,DataSet_02_147,FIP1L1,A1CF,0.0,False
matched,4,DataSet_02_148,ILF3,BCL9,-0.29098,False
matched,4,DataSet_02_151,RBM39,ADCYAP1R1,0.0,False
matched,4,DataSet_02_152,ILF2,AARSD1,-0.06628,False
matched,4,DataSet_02_154,SRSF4,AASDH,0.22434,False
matched,4,DataSet_02_155,FUS,CD55,0.16812,False
matched,4,DataSet_02_156,HNRNPUL1,ARHGDIG,1.00891,False
matched,4,DataSet_02_157,GTF2F1,BOK,0.2331,False
matched,4,DataSet_02_158,PSIP1,ABCA12,0.0,False
matched,4,DataSet_02_159,XRCC5,AHRR,0.31531,False
matched,4,DataSet_02_160,HNRNPL,ADAR,0.0417,False
matched,4,DataSet_02_161,SUB1,C1QTNF3,0.0,False
matched,4,DataSet_02_164,SSB,ABCC13,-0.88452,False
matched,4,DataSet_02_168,RBM22,ABCA6,1.52725,False
matched,4,DataSet_02_170,U2AF2,AQP7,0.97199,False
matched,4,DataSet_02_172,ZFX,ABCA13,0.0,True
matched,4,DataSet_02_175,LMNA,BLOC1S3,-0.12024,False
matched,4,DataSet_02_185,CTCF,CSNK2A2,-0.20148,True
matched,4,DataSet_02_190,RAD21,CD9,-0.39685,False
matched,4,DataSet_02_192,MAX,CALD1,-1.1375,True
matched,4,DataSet_02_195,LMNB1,AARSD1,-0.19057,False
matched,4,DataSet_02_206,ZFX,AA06,0.0,True
matched,4,DataSet_03_002,AKT1,COL1A2,-0.12585,False
matched,4,DataSet_03_004,AR,IL6,-0.0257631,True
matched,4,DataSet_03_005,AR,FGFR1,0.3447092,True
matched,4,DataSet_03_007,AR,CCND2,0.08327617,True
matched,4,DataSet_03_013,ARID1A,ABCA8,0.0,True
matched,4,DataSet_03_017,ATF3,COL10A1,0.01872014,True
matched,4,DataSet_03_018,ATF4,SERPINA3,0.6447573,True
matched,4,DataSet_03_021,BAG1,CAMP,0.0,False
matched,4,DataSet_03_022,BATF3,ABI3,-0.02754767,False
matched,4,DataSet_03_026,BCL6,ANGPT2,-0.02949482,True
matched,4,DataSet_03_031,CASP8AP2,EDNRB,-0.02560763,False
matched,4,DataSet_03_035,CCNB1,TIMP1,0.1523827,False
matched,4,DataSet_03_049,CEBPB,REN,1.765782,True
matched,4,DataSet_03_056,CTCF,ADH1B,0.0,True
matched,4,DataSet_03_059,CTNNB1,FASLG,0.0,True
matched,4,DataSet_03_060,E2F1,IGF2,0.06608356,True
matched,4,DataSet_03_063,E2F7,ACOT8,-0.0065805,True
matched,4,DataSet_03_065,EP300,MBP,0.0,True
matched,4,DataSet_03_066,ERBB2,IGF1,-0.1334777,False
matched,4,DataSet_03_073,ETS1,FOXA1,0.0625,True
matched,4,DataSet_03_074,ETS1,FOXA1,0.09583333,True
matched,4,DataSet_03_075,ETV6,ADRB3,0.0,True
matched,4,DataSet_03_078,FLI1,LGALS3,0.0615878,True
matched,4,DataSet_03_080,FOXA1,GRIN1,0.02067315,True
matched,4,DataSet_03_085,FOXD1,BCAS3,0.1228769,True
matched,4,DataSet_03_087,FOXF2,AADACL3,-0.141075,True
matched,4,DataSet_03_089,FOXK1,ABI3BP,-0.066125,False
matched,4,DataSet_03_090,FOXM1,TYR,0.0,True
matched,4,DataSet_03_091,FOXM1,CCK,0.8073549,True
matched,4,DataSet_03_093,FOXM1,COL10A1,-0.206865,True
matched,4,DataSet_03_096,FOXO1,EPCAM,0.1927665,True
matched,4,DataSet_03_100,GATA2,BTK,0.3221274,True
matched,4,DataSet_03_108,GATA6,AQP2,0.5025994,True
matched,4,DataSet_03_110,GATA6,IHH,-0.01396993,True
matched,4,DataSet_03_113,GRHL3,AFF2,-0.1526761,True
matched,4,DataSet_03_114,HDAC3,BLMH,0.135242,True
matched,4,DataSet_03_116,HES6,CES2,0.02959005,True
matched,4,DataSet_03_117,HES6,ASS1,0.1336534,True
matched,4,DataSet_03_119,HIF1A,EPO,0.2203107,True
matched,4,DataSet_03_122,HINFP,C1QTNF3,0.0,True
matched,4,DataSet_03_123,HINFP,CDKL5,-0.261303,True
matched,4,DataSet_03_124,HMGA1,CASP8AP2,-0.2495193,True
matched,4,DataSet_03_127,HOXB7,ATP1B1,-0.340706,True
matched,4,DataSet_03_128,HOXC4,AFF1,0.03824534,False
matched,4,DataSet_03_129,HSF1,DCT,-0.180847,True
matched,4,DataSet_03_143,JUN,CYP19A1,0.03203076,True
matched,4,DataSet_03_148,KLF5,CLDN2,-0.0249506,True
matched,4,DataSet_03_149,KLF5,CYP26A1,-0.3717806,True
matched,4,DataSet_03_150,KLF5,DAPK1,-0.5675522,True
matched,4,DataSet_03_151,KLF5,LAMB1,0.3974526,True
matched,4,DataSet_03_155,MAFB,AANAT,0.1733333,True
matched,4,DataSet_03_165,MITF,CDH5,-0.04521538,True
matched,4,DataSet_03_168,MITF,SUMO1,-0.8478603,True
matched,4,DataSet_03_173,MYB,ADIPOQ,-0.07766667,True
matched,4,DataSet_03_178,MYC,CDKN2A,0.08269203,True
matched,4,DataSet_03_189,NCOA1,ADCY10,0.0,True
matched,4,DataSet_03_190,NCOA2,BLMH,0.0,True
matched,4,DataSet_03_191,NCOA3,DCT,0.0,True
matched,4,DataSet_03_192,NCOR1,MSR1,-0.04575714,True
matched,4,DataSet_03_199,NMI,ADARB2,-0.1081067,False
matched,4,DataSet_03_200,NPAT,CCL8,-0.045814,False
matched,4,DataSet_03_201,NPAT,DAPK2,0.201145,False
matched,4,DataSet_03_202,NR2F2,CDX1,-0.6001657,True
matched,4,DataSet_03_205,PARK7,CNR1,0.0,True
matched,4,DataSet_03_207,PBX1,DHX9,-0.07649,True
matched,4,DataSet_03_208,PBX1,ERCC3,-0.012805,True
matched,4,DataSet_03_209,PBX1,APOA4,0.1382255,True
matched,4,DataSet_03_211,PHB,AASDHPPT,-0.5807361,False
matched,4,DataSet_03_214,PPARG,AKT1,0.02333333,True
matched,4,DataSet_03_217,PRRX1,ADRA2B,0.3315567,True
matched,4,DataSet_03_220,RBL2,APOA2,-0.2142167,False
matched,4,DataSet_03_221,RCHY1,AIRE,0.0,False
matched,4,DataSet_03_222,RELA,VDR,-0.1785714,True
matched,4,DataSet_03_223,RELA,MMP13,0.0,True
matched,4,DataSet_03_225,RELB,PCSK1,0.1463775,True
matched,4,DataSet_03_228,REST,EBF1,-0.026698,True
matched,4,DataSet_03_229,SATB1,ABCB11,0.0145424,True
matched,4,DataSet_03_232,SKP2,CYP2B6,-0.056972,False
matched,4,DataSet_03_235,SMARCA4,CALCA,0.0,True
matched,4,DataSet_03_236,SMARCC1,FABP6,0.0,True
matched,4,DataSet_03_237,SOX11,ABCB9,0.4266709,True
matched,4,DataSet_03_238,SOX11,ABCA9,1.034027,True
matched,4,DataSet_03_239,SOX11,AADACL2,0.953318,True
matched,4,DataSet_03_241,SOX2,HNF4A,0.147226,True
matched,4,DataSet_03_242,SOX2,ALB,0.1184667,True
matched,4,DataSet_03_244,SOX2,VCAM1,0.7539424,True
matched,4,DataSet_03_246,SOX4,ABCA3,1.152003,True
matched,4,DataSet_03_249,SP1,ICAM1,0.4341739,True
matched,4,DataSet_03_251,SP1,ERBB2,0.8345265,True
matched,4,DataSet_03_253,SPIB,AKR1B10,-0.0999555,True
matched,4,DataSet_03_255,SSRP1,ABCC6P2,0.0,True
matched,4,DataSet_03_256,STAT1,NR4A1,0.01317533,True
matched,4,DataSet_03_258,STAT3,CCL3,0.6118424,True
matched,4,DataSet_03_259,STAT3,ACTG2,-0.03528633,True
matched,4,DataSet_03_260,STAT3,CYP2B6,0.1300813,True
matched,4,DataSet_03_261,STAT3,NR0B2,-0.05823203,True
matched,4,DataSet_03_262,STAT3,IL21,0.0,True
matched,4,DataSet_03_264,STAT6,LTB,0.1722831,True
matched,4,DataSet_03_267,TCF7L1,AARSD1,0.0,True
matched,4,DataSet_03_271,TET2,ASAH2,0.0,False
matched,4,DataSet_03_273,TET3,APCDD1,0.270855,False
matched,4,DataSet_03_274,TFAP2C,DYNC1H1,0.9466898,True
matched,4,DataSet_03_275,TFE3,AIFM1,-0.09511247,True
matched,4,DataSet_03_277,TP53,VEGFA,-0.01611233,True
matched,4,DataSet_03_284,TWIST2,CD9,-0.04352539,True
matched,4,DataSet_03_287,ZHX2,CBFB,0.0,True
matched,4,DataSet_03_294,ZNF750,ABCC9,0.0130115,False
matched,4,DataSet_04_002,CDC5L,ABCD3,-0.1023499,False
matched,4,DataSet_04_003,CHCHD3,AARS,-0.1135685,False
matched,4,DataSet_04_004,CIZ1,ABCD4,0.4167318,False
matched,4,DataSet_04_006,DDX59,ABCA10,0.0,False
matched,4,DataSet_04_010,FUBP1,ADCY4,-0.1228567,False
matched,4,DataSet_04_011,FUBP3,AACSP1,0.0,False
matched,4,DataSet_04_012,MARK2,AASDH,-0.4494895,False
matched,4,DataSet_04_015,NKRF,ABHD10,-0.4841093,True
matched,4,DataSet_04_016,NUP35,AAA1,0.0,False
matched,4,DataSet_04_018,RPS3,ADK,0.5256263,False
matched,4,DataSet_04_019,SMAD2,ABCD2,0.0,True
matched,4,DataSet_04_020,SMAD4,ATP2A2,0.09880475,True
matched,4,DataSet_04_022,STAT1,SST,0.0,True
matched,4,DataSet_04_024,YBX1,JAG1,-0.3479233,True
matched,4,DataSet_04_026,ANXA2,APCDD1,0.0,False
matched,4,DataSet_04_028,CIZ1,ABCA5,0.3355065,False
matched,4,DataSet_04_032,FUBP1,ACSL4,-0.3236813,False
matched,4,DataSet_04_036,SMAD2,CRYZ,0.0247979,True
matched,4,DataSet_04_037,SMAD4,FABP7,0.0,True
matched,4,DataSet_04_039,SRPK2,ADD3,0.1728148,False
matched,4,DataSet_04_041,YBX1,CYP24A1,0.2356282,True
coreg,0,DataSet_01_006,PROX1,TNIP3,-2.47422,True
coreg,0,DataSet_01_007,NR2F2,TRH,-2.39427,True
coreg,0,DataSet_01_008,WT1,IER3,-1.9686,True
coreg,0,DataSet_01_010,TP53,CDKN1A,-3.43627,True
coreg,0,DataSet_01_011,TP53,IGF1,-1.58448,True
coreg,0,DataSet_01_012,FLI1,CCK,-6.9396,True
coreg,0,DataSet_01_013,FLI1,CCK,-4.99646,True
coreg,0,DataSet_01_014,FLI1,MACROD1,-4.68055,True
coreg,0,DataSet_01_015,FLI1,AURKB,-5.02499,True
coreg,0,DataSet_01_016,FLI1,CCK,-4.58386,True
coreg,0,DataSet_01_017,ERG,GCNT4,-2.24548,True
coreg,0,DataSet_01_018,YY1,GC,-1.20262,True
coreg,0,DataSet_01_021,STAT1,SERPINB3,-1.6025,True
coreg,0,DataSet_01_025,MITF,FRZB,-1.32004,True
coreg,0,DataSet_01_026,PAX3,PROS1,-0.6481,True
coreg,0,DataSet_01_027,PAX3,PROS1,-2.03415,True
coreg,0,DataSet_01_029,ATM,TFPI2,-1.92228,False
coreg,0,DataSet_01_030,RELA,CCL20,-6.01254,True
coreg,0,DataSet_01_031,TP53,FOS,-3.02175,True
coreg,0,DataSet_01_033,ATF3,AKR1B10,-1.3181,True
coreg,0,DataSet_01_034,EGR3,FOSB,-0.6409,True
coreg,0,DataSet_01_036,ETV1,HMMR,-0.7324,True
coreg,0,DataSet_01_037,TP53,INS,-0.98187,True
coreg,0,DataSet_01_038,TP53,CDKN1A,-1.895,True
coreg,0,DataSet_01_042,POU5F1,SOX2,-1.33243,True
coreg,0,DataSet_01_043,CBFB,WIF1,-1.38247,False
coreg,0,DataSet_01_044,MYB,BIRC5,-3.16304,True
coreg,0,DataSet_01_045,PRDM14,AASS,-1.5323,False
coreg,0,DataSet_01_049,STAT3,BIRC3,-5.1761,True
coreg,0,DataSet_01_051,RARA,FGFBP1,-2.26112,True
coreg,0,DataSet_01_053,TFAP2C,ATP2A3,-0.5108,True
coreg,0,DataSet_01_058,BACH1,CBFB,-0.91184,True
coreg,0,DataSet_01_059,BACH1,PSMB5,-0.71918,True
coreg,0,DataSet_01_060,NFE2L2,NQO1,-3.95904,True
coreg,0,DataSet_01_068,TP53,IL6,-3.4138,True
coreg,0,DataSet_01_071,ELF5,AADAT,-0.38643,True
coreg,0,DataSet_01_073,ZNF148,DCAF6,-1.46816,True
coreg,0,DataSet_01_074,CEBPD,DDIT3,-2.15508,True
coreg,0,DataSet_01_075,CEBPZ,SAT1,-0.73671,True
coreg,0,DataSet_01_076,ETS1,LOXL4,-1.94108,True
coreg,0,DataSet_01_077,FOXM1,DDIT3,-2.67313,True
coreg,0,DataSet_01_078,HSF2,POLI,-0.86802,True
coreg,0,DataSet_01_079,MITF,PCNA,-1.70193,True
coreg,0,DataSet_01_080,RELA,GDF15,-4.35504,True
coreg,0,DataSet_01_081,SP1,CD74,-0.89099,True
coreg,0,DataSet_01_082,SP100,IL12A,-1.07602,False
coreg,0,DataSet_01_083,STAT1,DDIT3,-2.58487,True
coreg,0,DataSet_01_084,STAT3,A2M,-2.80828,True
coreg,0,DataSet_01_085,STAT6,A2M,-1.13208,True
coreg,0,DataSet_01_086,HIF1A,CA9,-3.06182,True
coreg,0,DataSet_01_088,FOXP1,TMPRSS2,-1.60353,True
coreg,0,DataSet_01_089,NR2F2,CLDN5,-1.51006,True
coreg,0,DataSet_01_090,NR2F2,ADM,-1.05585,True
coreg,0,DataSet_01_091,ETV6,PBK,-0.32075,True
coreg,0,DataSet_01_094,NANOG,GDF15,-0.9969,True
coreg,0,DataSet_01_095,POU5F1,SOX2,-1.18631,True
coreg,0,DataSet_01_096,SOX2,HES3,-0.74004,True
coreg,0,DataSet_01_098,SALL4,EME1,-0.75948,True
coreg,0,DataSet_01_099,FOS,BCL2,-1.08893,True
coreg,0,DataSet_01_101,IRF6,CKB,-0.66281,True
coreg,0,DataSet_01_103,HNF1B,LMAN2L,-0.95138,True
coreg,0,DataSet_01_105,FOXA1,SCD,-2.01946,True
coreg,0,DataSet_01_112,HSF1,GBP1,-0.86632,True
coreg,0,DataSet_01_114,ARID1A,AADAC,-0.67509,True
coreg,0,DataSet_01_117,ID1,ID2,-1.26524,True
coreg,0,DataSet_01_118,ID1,MMP1,-1.7059,True
coreg,0,DataSet_01_121,ZIC2,NOTO,-3.08231,True
coreg,0,DataSet_01_123,ZNF91,AAGAB,-1.1073,True
coreg,0,DataSet_01_127,ZNF254,ABCC4,-0.60947,False
coreg,0,DataSet_01_128,ZNF431,ABHD11,-0.78066,False
coreg,0,DataSet_01_132,EGR4,AAGAB,-0.82608,True
coreg,0,DataSet_01_135,SPDEF,AGR3,-2.46027,True
coreg,0,DataSet_01_136,REST,HSD17B2,-0.28138,True
coreg,0,DataSet_01_138,IKZF1,IL18,-2.4828,True
coreg,0,DataSet_01_139,POLR3A,ABCC2,-4.29155,False
coreg,0,DataSet_01_142,LEF1,BIRC5,-0.3551,True
coreg,0,DataSet_01_145,REST,CTSB,-0.40211,True
coreg,0,DataSet_01_147,EHF,MAP3K7,-0.44964,True
coreg,0,DataSet_01_148,MYBL2,SGK1,-0.99591,True
coreg,0,DataSet_01_149,ETS2,PLA2G4A,-0.35667,True
coreg,0,DataSet_01_150,TFAP2C,MGP,-2.78719,True
coreg,0,DataSet_01_151,TEAD4,A4GALT,-0.68663,True
coreg,0,DataSet_01_153,LIN28B,IMPA2,-1.01858,False
coreg,0,DataSet_01_154,STAT1,CD38,-1.70816,True
coreg,0,DataSet_01_155,HSF1,HSD11B1,-1.99452,True
coreg,0,DataSet_01_156,HIF1A,BNIP3,-0.62371,True
coreg,0,DataSet_01_162,ELK1,BTG1,-10.50783,True
coreg,0,DataSet_01_164,JUN,CSF2,-10.97808,True
coreg,0,DataSet_01_165,MAF,CD86,-13.74059,True
coreg,0,DataSet_01_166,NFATC3,EIF5,-9.44052,True
coreg,0,DataSet_01_168,STAT3,EGR1,-9.47591,True
coreg,0,DataSet_01_169,HOXB7,KCNN3,-1.27499,True
coreg,0,DataSet_01_170,HOXB7,DLEC1,-2.12082,True
coreg,0,DataSet_01_171,FOSL1,EGR1,-0.8681,True
coreg,0,DataSet_01_173,ESRRG,SERP1,-0.82945,True
coreg,0,DataSet_01_175,TP53,MDM2,-1.70663,True
coreg,0,DataSet_01_176,NR2F2,TIMM17A,-0.28289,True
coreg,0,DataSet_01_177,NR2F2,ALDH2,-0.3213,True
coreg,0,DataSet_01_180,STAT3,FOSL1,-0.23745,True
coreg,0,DataSet_01_183,TP63,PTHLH,-2.08342,True
coreg,0,DataSet_01_184,STAT3,PI3,-1.5298,True
coreg,0,DataSet_01_185,TCF4,CDKN1C,-1.3429,True
coreg,0,DataSet_01_189,SPDEF,SCAP,-0.45353,True
coreg,0,DataSet_01_192,AR,SNAI2,-1.02141,True
coreg,0,DataSet_01_196,TP63,MMP13,-2.8238,True
coreg,0,DataSet_01_198,TP63,IL12A,-3.42777,True
coreg,0,DataSet_01_200,TP63,GC,-1.06975,True
coreg,0,DataSet_01_203,XBP1,HSPA5,-1.28019,True
coreg,0,DataSet_01_204,XBP1,DDIT3,-1.28869,True
coreg,0,DataSet_01_211,REST,ATP1A1,-1.2507,True
coreg,0,DataSet_01_213,SOX11,ABHD13,-0.21639,True
coreg,0,DataSet_01_214,BCLAF1,TNIP3,-0.55958,True
coreg,0,DataSet_01_217,TAL1,CPOX,-1.50309,True
coreg,0,DataSet_01_218,PTEN,PLAU,-2.3849,False
coreg,0,DataSet_01_220,HIF1A,MIF,-0.67779,True
coreg,0,DataSet_01_222,KLF9,IP6K3,-0.78121,True
coreg,0,DataSet_01_223,FOXM1,CHEK1,-0.96999,True
coreg,0,DataSet_01_224,HIF1A,BNIP3,-1.84234,True
coreg,0,DataSet_01_226,KLF2,TWIST1,-2.29275,True
coreg,0,DataSet_01_228,HIF1A,BNIP3,-0.726,True
coreg,0,DataSet_01_233,FOXA1,SCD,-1.2703,True
coreg,0,DataSet_01_238,NFYB,ABCB1,-1.16099,True
coreg,0,DataSet_01_244,ETS1,PECAM1,-0.79573,True
coreg,0,DataSet_01_246,TLX1,EEF2,-0.3306,True
coreg,0,DataSet_01_247,GATA6,DKK1,-1.30672,True
coreg,0,DataSet_01_248,SMAD2,ALDH4A1,-0.41291,True
coreg,0,DataSet_01_255,YBX1,FOXO4,-1.36987,True
coreg,0,DataSet_01_256,YBX1,S100A2,-0.72501,True
coreg,0,DataSet_01_257,YBX1,CABLES1,-1.14054,True
coreg,0,DataSet_01_258,YBX1,GADD45A,-0.92924,True
coreg,0,DataSet_01_260,SOX4,PTN,-0.69798,True
coreg,0,DataSet_01_261,NFKB2,CCL22,-0.73344,True
coreg,0,DataSet_01_267,FOXO3,TMEFF2,-2.29434,True
coreg,0,DataSet_01_269,SIX4,MYH10,-2.91153,True
coreg,0,DataSet_01_276,PTEN,MGMT,-0.30485,False
coreg,0,DataSet_01_277,SALL4,TOR1AIP2,-0.90902,True
coreg,0,DataSet_01_280,ESRRA,RBP7,-3.69144,True
coreg,0,DataSet_01_281,MSX1,BMP2,-4.13994,True
coreg,0,DataSet_01_282,IRF7,CXCL10,-0.53305,True
coreg,0,DataSet_01_283,AHR,MET,-1.33653,True
coreg,0,DataSet_01_293,POSTN,LY6K,-2.23586,False
coreg,0,DataSet_01_295,TFAP4,EIF3C,-4.1653,True
coreg,0,DataSet_01_299,SOX7,NPY6R,-0.92745,True
coreg,0,DataSet_01_300,SOX17,F7,-3.89707,True
coreg,0,DataSet_01_301,PTEN,IL4,-3.29245,False
coreg,0,DataSet_01_302,PTEN,IL17A,-1.1874,False
coreg,0,DataSet_01_303,PTEN,TGFA,-2.30946,False
coreg,0,DataSet_01_304,ETV5,EPHA4,-0.61863,True
coreg,0,DataSet_01_305,HOXA5,CD70,-1.16618,True
coreg,0,DataSet_01_306,NR2E1,MKI67,-1.43837,True
coreg,0,DataSet_01_308,SOX9,PCK1,-2.21759,True
coreg,0,DataSet_01_309,SOX9,PCK1,-2.21759,True
coreg,0,DataSet_01_312,TFAP2C,ULBP1,-1.53924,True
coreg,0,DataSet_01_313,OVOL2,ABCD3,-1.05862,False
coreg,0,DataSet_01_318,ELK3,COL13A1,-4.87198,True
coreg,0,DataSet_01_324,MYC,TERT,-2.63018,True
coreg,0,DataSet_01_327,TP63,MMP13,-1.48775,True
coreg,0,DataSet_01_330,TP63,MMP13,-1.48775,True
coreg,0,DataSet_01_332,TOX,CD5,-1.1606,True
coreg,0,DataSet_01_333,HOXC6,SCN9A,-1.7874,True
coreg,0,DataSet_01_336,GRHL3,A2ML1,-1.51815,True
coreg,0,DataSet_01_337,REST,CD2AP,-0.6699,True
coreg,0,DataSet_01_338,REST,DBF4,-0.69228,True
coreg,0,DataSet_01_339,KLF4,PTGES,-0.77914,True
coreg,0,DataSet_01_340,KLF7,CHRNB1,-0.92822,True
coreg,0,DataSet_01_342,KLF7,GRK4,-0.42538,True
coreg,0,DataSet_01_347,GATA3,COL1A2,-0.8369,True
coreg,0,DataSet_01_348,HIF1A,BNIP3,-2.23175,True
coreg,0,DataSet_01_349,SOX2,FABP7,-2.6258,True
coreg,0,DataSet_01_354,ELK1,LRRK2,-0.79902,True
coreg,0,DataSet_01_356,ETV4,GSG1,-1.7382,True
coreg,0,DataSet_01_357,CDX2,EPCAM,-2.07621,True
coreg,0,DataSet_01_360,SOX17,MIP,-1.81488,True
coreg,0,DataSet_02_001,DROSHA,FBXL16,-1.9542,False
coreg,0,DataSet_02_007,PTBP1,NID1,-1.22239,False
coreg,0,DataSet_02_009,POLR2G,AATK,-2.06413,False
coreg,0,DataSet_02_012,SRSF4,A2M,-4.34993,False
coreg,0,DataSet_02_013,SRSF9,ABCC6,-4.32193,False
coreg,0,DataSet_02_015,HOXB9,PEG10,-3.36257,True
coreg,0,DataSet_02_016,JUND,HPGDS,-3.04439,True
coreg,0,DataSet_02_018,STAT2,GPR146,-1.50548,True
coreg,0,DataSet_02_023,STAT1,CX3CL1,-5.02237,True
coreg,0,DataSet_02_025,USF2,PTGFR,-2.16993,True
coreg,0,DataSet_02_026,USF1,CYP1A2,-2.16993,True
coreg,0,DataSet_02_032,NFE2L1,ENOX1,-1.74723,True
coreg,0,DataSet_02_033,TEAD2,A2M,-4.75489,True
coreg,0,DataSet_02_039,RELA,IL1B,-3.14048,True
coreg,0,DataSet_02_040,TEAD4,A2ML1,-3.45943,True
coreg,0,DataSet_02_042,SP2,ICOSLG,-1.84276,True
coreg,0,DataSet_02_044,ZC3H11A,ABCB11,-4.30986,False
coreg,0,DataSet_02_048,SMAD5,A2M,-4.75489,True
coreg,0,DataSet_02_051,HDAC8,ABCG2,-3.49354,False
coreg,0,DataSet_02_053,TLE2,PTCRA,-3.43296,False
coreg,0,DataSet_02_054,ATF3,IL1B,-2.2076,True
coreg,0,DataSet_02_055,DLX1,LGI1,-4.32193,True
coreg,0,DataSet_02_058,HMBOX1,ABCB11,-4.30986,False
coreg,0,DataSet_02_061,RFX5,ABCA10,-2.54432,True
coreg,0,DataSet_02_063,TRIM28,DCLK1,-4.70044,True
coreg,0,DataSet_02_071,TFDP1,HUNK,-3.16993,True
coreg,0,DataSet_02_075,HMGA1,MYBL1,-1.46566,True
coreg,0,DataSet_02_078,SIX5,LTA,-2.90689,False
coreg,0,DataSet_02_079,HMGN1,CCT6B,-1.98089,False
coreg,0,DataSet_02_082,ZBTB33,ABCB11,-3.08746,True
coreg,0,DataSet_02_088,ILF2,AANAT,-1.58496,False
coreg,0,DataSet_02_090,SRSF9,ABCA13,-3.16993,False
coreg,0,DataSet_02_091,HNRNPK,SLC27A2,-1.64672,False
coreg,0,DataSet_02_096,HNRNPL,MIA,-5.16993,False
coreg,0,DataSet_02_097,U2AF1,LCN2,-2.73448,False
coreg,0,DataSet_02_099,PSIP1,ATP1A2,-2.16993,False
coreg,0,DataSet_02_100,RBM17,AANAT,-4.04439,False
coreg,0,DataSet_02_101,RBFOX2,PRKAR2B,-3.90689,False
coreg,0,DataSet_02_103,FIP1L1,AANAT,-3.70044,False
coreg,0,DataSet_02_104,HDGF,BTG3,-1.53121,True
coreg,0,DataSet_02_105,U2AF2,CDH5,-1.97085,False
coreg,0,DataSet_02_107,SSB,ABCG2,-2.63431,False
coreg,0,DataSet_02_108,ZNF622,CCNB2,-4.47385,False
coreg,0,DataSet_02_110,GTF2F1,FAM174B,-1.78427,False
coreg,0,DataSet_02_111,RBM39,C9orf43,-1.51457,False
coreg,0,DataSet_02_114,XRCC5,ASB16,-2.11548,False
coreg,0,DataSet_02_115,PCBP1,LEP,-2.0,False
coreg,0,DataSet_02_117,SUB1,APLP1,-1.6683,False
coreg,0,DataSet_02_120,PTBP1,CLUL1,-1.70044,False
coreg,0,DataSet_02_121,RBM34,ABCA12,-1.58496,False
coreg,0,DataSet_02_123,PCBP2,ABHD1,-0.89743,False
coreg,0,DataSet_02_124,FUS,PGLYRP2,-3.36923,False
coreg,0,DataSet_02_126,SNRNP70,ABCG1,-4.64386,False
coreg,0,DataSet_02_128,PRPF4,ABCG1,-2.0,False
coreg,0,DataSet_02_130,POLR2G,AADAT,-2.80735,False
coreg,0,DataSet_02_131,PTBP1,MAP4K1,-1.52284,False
coreg,0,DataSet_02_133,SRSF7,COL5A1,-2.70044,False
coreg,0,DataSet_02_136,HNRNPK,NOXA1,-2.5025,False
coreg,0,DataSet_02_137,PCBP1,PCBP3,-2.32193,False
coreg,0,DataSet_02_138,RBM17,ABCC3,-1.81629,False
coreg,0,DataSet_02_139,RBFOX2,RASGRF1,-2.0,False
coreg,0,DataSet_02_140,TAF15,ABCG2,-2.75489,False
coreg,0,DataSet_02_141,RBM34,ABCA9,-1.58496,False
coreg,0,DataSet_02_144,PTBP1,LAIR1,-4.05889,False
coreg,0,DataSet_02_145,DROSHA,KCNH1,-1.0,False
coreg,0,DataSet_02_147,FIP1L1,ABCA4,-3.0,False
coreg,0,DataSet_02_148,ILF3,SOX8,-2.16993,False
coreg,0,DataSet_02_151,RBM39,C9orf43,-3.58496,False
coreg,0,DataSet_02_152,ILF2,ABCG2,-1.18057,False
coreg,0,DataSet_02_154,SRSF4,ABCC6P1,-1.926,False
coreg,0,DataSet_02_155,FUS,DUOXA1,-3.45943,False
coreg,0,DataSet_02_156,HNRNPUL1,ASB16,-2.90689,False
coreg,0,DataSet_02_157,GTF2F1,TACC2,-2.80735,False
coreg,0,DataSet_02_158,PSIP1,ATP1A2,-2.41504,False
coreg,0,DataSet_02_159,XRCC5,ASB16,-2.87447,False
coreg,0,DataSet_02_160,HNRNPL,MMP13,-2.45943,False
coreg,0,DataSet_02_161,SUB1,PRAP1,-2.79442,False
coreg,0,DataSet_02_164,SSB,ABCC3,-2.30986,False
coreg,0,DataSet_02_168,RBM22,A1CF,-3.0,False
coreg,0,DataSet_02_170,U2AF2,NUP210,-1.80873,False
coreg,0,DataSet_02_172,ZFX,A4GNT,-2.32193,True
coreg,0,DataSet_02_175,LMNA,CHRNB4,-4.27302,False
coreg,0,DataSet_02_185,CTCF,PROX1,-4.32193,True
coreg,0,DataSet_02_190,RAD21,TMPRSS11D,-2.90689,False
coreg,0,DataSet_02_192,MAX,LENEP,-1.79518,True
coreg,0,DataSet_02_195,LMNB1,ABCA10,-2.8365,False
coreg,0,DataSet_02_206,ZFX,ABI3,-2.0,True
coreg,0,DataSet_03_002,AKT1,TNFSF10,-0.470991,False
coreg,0,DataSet_03_004,AR,INS,-1.78958,True
coreg,0,DataSet_03_005,AR,MMP13,-2.276568,True
coreg,0,DataSet_03_007,AR,BRCA1,-0.7274378,True
coreg,0,DataSet_03_013,ARID1A,ABI2,-0.391025,True
coreg,0,DataSet_03_017,ATF3,ASNS,-1.61294,True
coreg,0,DataSet_03_018,ATF4,ASNS,-2.839586,True
coreg,0,DataSet_03_021,BAG1,PEG3,-0.8534219,False
coreg,0,DataSet_03_022,BATF3,TPSD1,-0.4573153,False
coreg,0,DataSet_03_026,BCL6,IL21,-2.763056,True
coreg,0,DataSet_03_031,CASP8AP2,RAD21,-0.415216,False
coreg,0,DataSet_03_035,CCNB1,CXCR4,-0.8819637,False
coreg,0,DataSet_03_049,CEBPB,PPARGC1A,-4.188888,True
coreg,0,DataSet_03_056,CTCF,ANKRD46,-0.7029038,True
coreg,0,DataSet_03_059,CTNNB1,CCNA2,-1.191047,True
coreg,0,DataSet_03_060,E2F1,PTGS2,-0.7043208,True
coreg,0,DataSet_03_063,E2F7,REXO4,-1.490542,True
coreg,0,DataSet_03_065,EP300,CYP3A4,-2.737,True
coreg,0,DataSet_03_066,ERBB2,IGF1R,-0.5094747,False
coreg,0,DataSet_03_073,ETS1,AREG,-1.20625,True
coreg,0,DataSet_03_074,ETS1,AREG,-1.122917,True
coreg,0,DataSet_03_075,ETV6,CCDC88A,-0.6610603,True
coreg,0,DataSet_03_078,FLI1,CYBB,-0.800174,True
coreg,0,DataSet_03_080,FOXA1,SERPINA3,-2.188314,True
coreg,0,DataSet_03_085,FOXD1,DNAJB9,-0.3808126,True
coreg,0,DataSet_03_087,FOXF2,ABCB10,-0.4354154,True
coreg,0,DataSet_03_089,FOXK1,ABCC3,-0.4842058,False
coreg,0,DataSet_03_090,FOXM1,CCNB1,-2.531473,True
coreg,0,DataSet_03_091,FOXM1,MAPK3,-1.415037,True
coreg,0,DataSet_03_093,FOXM1,TFPI2,-0.99406,True
coreg,0,DataSet_03_096,FOXO1,GZMA,-4.093418,True
coreg,0,DataSet_03_100,GATA2,PRG2,-1.614689,True
coreg,0,DataSet_03_108,GATA6,ABCG8,-1.903086,True
coreg,0,DataSet_03_110,GATA6,FGF3,-1.427156,True
coreg,0,DataSet_03_113,GRHL3,CEBPA,-1.512477,True
coreg,0,DataSet_03_114,HDAC3,CRIPT,-0.3522577,True
coreg,0,DataSet_03_116,HES6,ANXA8,-0.6625722,True
coreg,0,DataSet_03_117,HES6,ACTG2,-0.6129959,True
coreg,0,DataSet_03_119,HIF1A,CXCR4,-0.9794377,True
coreg,0,DataSet_03_122,HINFP,INPP5J,-0.5312745,True
coreg,0,DataSet_03_123,HINFP,PROCR,-0.77133,True
coreg,0,DataSet_03_124,HMGA1,CASP7,-2.100628,True
coreg,0,DataSet_03_127,HOXB7,DNM1,-0.648636,True
coreg,0,DataSet_03_128,HOXC4,DLGAP5,-0.7149658,False
coreg,0,DataSet_03_129,HSF1,HSPA4,-0.458145,True
coreg,0,DataSet_03_143,JUN,IL6,-1.444525,True
coreg,0,DataSet_03_148,KLF5,MDK,-0.644339,True
coreg,0,DataSet_03_149,KLF5,COL4A1,-1.599045,True
coreg,0,DataSet_03_150,KLF5,TLR8,-1.739555,True
coreg,0,DataSet_03_151,KLF5,HYAL1,-3.539206,True
coreg,0,DataSet_03_155,MAFB,CCL8,-3.26,True
coreg,0,DataSet_03_165,MITF,OCA2,-2.848647,True
coreg,0,DataSet_03_168,MITF,FZD6,-1.347159,True
coreg,0,DataSet_03_173,MYB,CCNA2,-1.039333,True
coreg,0,DataSet_03_178,MYC,TERT,-1.861034,True
coreg,0,DataSet_03_189,NCOA1,GSTA2,-1.081565,True
coreg,0,DataSet_03_190,NCOA2,KLK2,-0.8410233,True
coreg,0,DataSet_03_191,NCOA3,MED1,-0.3859521,True
coreg,0,DataSet_03_192,NCOR1,TMPRSS2,-0.6431474,True
coreg,0,DataSet_03_199,NMI,BST2,-0.8100553,False
coreg,0,DataSet_03_200,NPAT,HMGN2,-0.5717615,False
coreg,0,DataSet_03_201,NPAT,TLR3,-0.7879945,False
coreg,0,DataSet_03_202,NR2F2,LIPC,-1.8221,True
coreg,0,DataSet_03_205,PARK7,FGL2,-0.8417581,True
coreg,0,DataSet_03_207,PBX1,HOXC13,-0.517602,True
coreg,0,DataSet_03_208,PBX1,ARHGDIA,-0.3473903,True
coreg,0,DataSet_03_209,PBX1,KRT19,-0.4349142,True
coreg,0,DataSet_03_211,PHB,ABCB4,-3.055498,False
coreg,0,DataSet_03_214,PPARG,CD36,-0.94,True
coreg,0,DataSet_03_217,PRRX1,ADCYAP1R1,-1.150125,True
coreg,0,DataSet_03_220,RBL2,CKB,-0.6046453,False
coreg,0,DataSet_03_221,RCHY1,DNM1L,-0.5827923,False
coreg,0,DataSet_03_222,RELA,CXCL1,-1.144643,True
coreg,0,DataSet_03_223,RELA,IL6,-1.407143,True
coreg,0,DataSet_03_225,RELB,BIRC3,-3.201833,True
coreg,0,DataSet_03_228,REST,CTSB,-0.3358,True
coreg,0,DataSet_03_229,SATB1,HNRNPR,-0.5804716,True
coreg,0,DataSet_03_232,SKP2,BAX,-0.9705413,False
coreg,0,DataSet_03_235,SMARCA4,BRCA1,-2.780415,True
coreg,0,DataSet_03_236,SMARCC1,EXO1,-0.7021512,True
coreg,0,DataSet_03_237,SOX11,ABCA4,-1.693807,True
coreg,0,DataSet_03_238,SOX11,ABCA4,-2.379299,True
coreg,0,DataSet_03_239,SOX11,AADAT,-0.477231,True
coreg,0,DataSet_03_241,SOX2,HES5,-1.89336,True
coreg,0,DataSet_03_242,SOX2,FGF4,-1.506492,True
coreg,0,DataSet_03_244,SOX2,GAL,-4.393323,True
coreg,0,DataSet_03_246,SOX4,BTN1A1,-3.662965,True
coreg,0,DataSet_03_249,SP1,SOD2,-0.6763567,True
coreg,0,DataSet_03_251,SP1,COL1A2,-2.87129,True
coreg,0,DataSet_03_253,SPIB,BATF3,-0.5539625,True
coreg,0,DataSet_03_255,SSRP1,AADACL3,-0.55235,True
coreg,0,DataSet_03_256,STAT1,IRF8,-0.6271287,True
coreg,0,DataSet_03_258,STAT3,MSR1,-6.121621,True
coreg,0,DataSet_03_259,STAT3,KLK3,-0.3112567,True
coreg,0,DataSet_03_260,STAT3,CD14,-1.092809,True
coreg,0,DataSet_03_261,STAT3,MMP1,-1.020002,True
coreg,0,DataSet_03_262,STAT3,COPS5,0.0,True
coreg,0,DataSet_03_264,STAT6,CD14,-3.564204,True
coreg,0,DataSet_03_267,TCF7L1,ABCA1,-0.3681039,True
coreg,0,DataSet_03_271,TET2,KDM4C,-0.47129,False
coreg,0,DataSet_03_273,TET3,A2M,-3.17476,False
coreg,0,DataSet_03_274,TFAP2C,CYP46A1,-2.686654,True
coreg,0,DataSet_03_275,TFE3,GPNMB,-1.740324,True
coreg,0,DataSet_03_277,TP53,BAX,-1.586443,True
coreg,0,DataSet_03_284,TWIST2,ENO2,-0.9246267,True
coreg,0,DataSet_03_287,ZHX2,CCL2,-2.254637,True
coreg,0,DataSet_03_294,ZNF750,WFDC12,-5.949569,False
coreg,0,DataSet_04_002,CDC5L,ABCC3,-4.022368,False
coreg,0,DataSet_04_003,CHCHD3,A2M,-2.70044,False
coreg,0,DataSet_04_004,CIZ1,ABCB8,-1.506665,False
coreg,0,DataSet_04_006,DDX59,ABCC13,-1.343954,False
coreg,0,DataSet_04_010,FUBP1,DSC3,-1.906891,False
coreg,0,DataSet_04_011,FUBP3,ABCC6P2,-1.384664,False
coreg,0,DataSet_04_012,MARK2,ABCB10,-1.861522,False
coreg,0,DataSet_04_015,NKRF,ABCC2,-2.378512,True
coreg,0,DataSet_04_016,NUP35,ABCA9,-2.887525,False
coreg,0,DataSet_04_018,RPS3,BST1,-3.342392,False
coreg,0,DataSet_04_019,SMAD2,ADCY9,-1.649093,True
coreg,0,DataSet_04_020,SMAD4,ATP8A1,-3.104337,True
coreg,0,DataSet_04_022,STAT1,NPR1,-4.285402,True
coreg,0,DataSet_04_024,YBX1,CABLES1,-1.432959,True
coreg,0,DataSet_04_026,ANXA2,IRF4,-3.584963,False
coreg,0,DataSet_04_028,CIZ1,ABHD1,-1.584963,False
coreg,0,DataSet_04_032,FUBP1,PDZK1IP1,-2.219445,False
coreg,0,DataSet_04_036,SMAD2,DDR2,-0.8259706,True
coreg,0,DataSet_04_037,SMAD4,MSTN,-1.137504,True
coreg,0,DataSet_04_039,SRPK2,MGAM,-2.152003,False
coreg,0,DataSet_04_041,YBX1,FBXO32,-1.061029,True
coreg,1,DataSet_01_006,PROX1,TNIP3,-2.47422,True
coreg,1,DataSet_01_007,NR2F2,TRH,-2.39427,True
coreg,1,DataSet_01_008,WT1,IER3,-1.9686,True
coreg,1,DataSet_01_010,TP53,CDKN1A,-3.43627,True
coreg,1,DataSet_01_011,TP53,IGF1,-1.58448,True
coreg,1,DataSet_01_012,FLI1,CCK,-6.9396,True
coreg,1,DataSet_01_013,FLI1,CCK,-4.99646,True
coreg,1,DataSet_01_014,FLI1,MACROD1,-4.68055,True
coreg,1,DataSet_01_015,FLI1,AURKB,-5.02499,True
coreg,1,DataSet_01_016,FLI1,CCK,-4.58386,True
coreg,1,DataSet_01_017,ERG,GCNT4,-2.24548,True
coreg,1,DataSet_01_018,YY1,GC,-1.20262,True
coreg,1,DataSet_01_021,STAT1,SERPINB3,-1.6025,True
coreg,1,DataSet_01_025,MITF,FRZB,-1.32004,True
coreg,1,DataSet_01_026,PAX3,PROS1,-0.6481,True
coreg,1,DataSet_01_027,PAX3,PROS1,-2.03415,True
coreg,1,DataSet_01_029,ATM,TFPI2,-1.92228,False
coreg,1,DataSet_01_030,RELA,CCL20,-6.01254,True
coreg,1,DataSet_01_031,TP53,FOS,-3.02175,True
coreg,1,DataSet_01_033,ATF3,AKR1B10,-1.3181,True
coreg,1,DataSet_01_034,EGR3,FOSB,-0.6409,True
coreg,1,DataSet_01_036,ETV1,HMMR,-0.7324,True
coreg,1,DataSet_01_037,TP53,INS,-0.98187,True
coreg,1,DataSet_01_038,TP53,CDKN1A,-1.895,True
coreg,1,DataSet_01_042,POU5F1,SOX2,-1.33243,True
coreg,1,DataSet_01_043,CBFB,WIF1,-1.38247,False
coreg,1,DataSet_01_044,MYB,BIRC5,-3.16304,True
coreg,1,DataSet_01_045,PRDM14,AASS,-1.5323,False
coreg,1,DataSet_01_049,STAT3,BIRC3,-5.1761,True
coreg,1,DataSet_01_051,RARA,FGFBP1,-2.26112,True
coreg,1,DataSet_01_053,TFAP2C,ATP2A3,-0.5108,True
coreg,1,DataSet_01_058,BACH1,CBFB,-0.91184,True
coreg,1,DataSet_01_059,BACH1,PSMB5,-0.71918,True
coreg,1,DataSet_01_060,NFE2L2,NQO1,-3.95904,True
coreg,1,DataSet_01_068,TP53,IL6,-3.4138,True
coreg,1,DataSet_01_071,ELF5,AADAT,-0.38643,True
coreg,1,DataSet_01_073,ZNF148,DCAF6,-1.46816,True
coreg,1,DataSet_01_074,CEBPD,DDIT3,-2.15508,True
coreg,1,DataSet_01_075,CEBPZ,SAT1,-0.73671,True
coreg,1,DataSet_01_076,ETS1,LOXL4,-1.94108,True
coreg,1,DataSet_01_077,FOXM1,DDIT3,-2.67313,True
coreg,1,DataSet_01_078,HSF2,POLI,-0.86802,True
coreg,1,DataSet_01_079,MITF,PCNA,-1.70193,True
coreg,1,DataSet_01_080,RELA,GDF15,-4.35504,True
coreg,1,DataSet_01_081,SP1,CD74,-0.89099,True
coreg,1,DataSet_01_082,SP100,IL12A,-1.07602,False
coreg,1,DataSet_01_083,STAT1,DDIT3,-2.58487,True
coreg,1,DataSet_01_084,STAT3,A2M,-2.80828,True
coreg,1,DataSet_01_085,STAT6,A2M,-1.13208,True
coreg,1,DataSet_01_086,HIF1A,CA9,-3.06182,True
coreg,1,DataSet_01_088,FOXP1,TMPRSS2,-1.60353,True
coreg,1,DataSet_01_089,NR2F2,CLDN5,-1.51006,True
coreg,1,DataSet_01_090,NR2F2,ADM,-1.05585,True
coreg,1,DataSet_01_091,ETV6,PBK,-0.32075,True
coreg,1,DataSet_01_094,NANOG,GDF15,-0.9969,True
coreg,1,DataSet_01_095,POU5F1,SOX2,-1.18631,True
coreg,1,DataSet_01_096,SOX2,HES3,-0.74004,True
coreg,1,DataSet_01_098,SALL4,EME1,-0.75948,True
coreg,1,DataSet_01_099,FOS,BCL2,-1.08893,True
coreg,1,DataSet_01_101,IRF6,CKB,-0.66281,True
coreg,1,DataSet_01_103,HNF1B,LMAN2L,-0.95138,True
coreg,1,DataSet_01_105,FOXA1,SCD,-2.01946,True
coreg,1,DataSet_01_112,HSF1,GBP1,-0.86632,True
coreg,1,DataSet_01_114,ARID1A,AADAC,-0.67509,True
coreg,1,DataSet_01_117,ID1,ID2,-1.26524,True
coreg,1,DataSet_01_118,ID1,MMP1,-1.7059,True
coreg,1,DataSet_01_121,ZIC2,NOTO,-3.08231,True
coreg,1,DataSet_01_123,ZNF91,AAGAB,-1.1073,True
coreg,1,DataSet_01_127,ZNF254,ABCC4,-0.60947,False
coreg,1,DataSet_01_128,ZNF431,ABHD11,-0.78066,False
coreg,1,DataSet_01_132,EGR4,AAGAB,-0.82608,True
coreg,1,DataSet_01_135,SPDEF,AGR3,-2.46027,True
coreg,1,DataSet_01_136,REST,HSD17B2,-0.28138,True
coreg,1,DataSet_01_138,IKZF1,IL18,-2.4828,True
coreg,1,DataSet_01_139,POLR3A,ABCC2,-4.29155,False
coreg,1,DataSet_01_142,LEF1,BIRC5,-0.3551,True
coreg,1,DataSet_01_145,REST,CTSB,-0.40211,True
coreg,1,DataSet_01_147,EHF,MAP3K7,-0.44964,True
coreg,1,DataSet_01_148,MYBL2,SGK1,-0.99591,True
coreg,1,DataSet_01_149,ETS2,PLA2G4A,-0.35667,True
coreg,1,DataSet_01_150,TFAP2C,MGP,-2.78719,True
coreg,1,DataSet_01_151,TEAD4,A4GALT,-0.68663,True
coreg,1,DataSet_01_153,LIN28B,IMPA2,-1.01858,False
coreg,1,DataSet_01_154,STAT1,CD38,-1.70816,True
coreg,1,DataSet_01_155,HSF1,HSD11B1,-1.99452,True
coreg,1,DataSet_01_156,HIF1A,BNIP3,-0.62371,True
coreg,1,DataSet_01_162,ELK1,BTG1,-10.50783,True
coreg,1,DataSet_01_164,JUN,CSF2,-10.97808,True
coreg,1,DataSet_01_165,MAF,CD86,-13.74059,True
coreg,1,DataSet_01_166,NFATC3,EIF5,-9.44052,True
coreg,1,DataSet_01_168,STAT3,EGR1,-9.47591,True
coreg,1,DataSet_01_169,HOXB7,KCNN3,-1.27499,True
coreg,1,DataSet_01_170,HOXB7,DLEC1,-2.12082,True
coreg,1,DataSet_01_171,FOSL1,EGR1,-0.8681,True
coreg,1,DataSet_01_173,ESRRG,SERP1,-0.82945,True
coreg,1,DataSet_01_175,TP53,MDM2,-1.70663,True
coreg,1,DataSet_01_176,NR2F2,TIMM17A,-0.28289,True
coreg,1,DataSet_01_177,NR2F2,ALDH2,-0.3213,True
coreg,1,DataSet_01_180,STAT3,FOSL1,-0.23745,True
coreg,1,DataSet_01_183,TP63,PTHLH,-2.08342,True
coreg,1,DataSet_01_184,STAT3,PI3,-1.5298,True
coreg,1,DataSet_01_185,TCF4,CDKN1C,-1.3429,True
coreg,1,DataSet_01_189,SPDEF,SCAP,-0.45353,True
coreg,1,DataSet_01_192,AR,SNAI2,-1.02141,True
coreg,1,DataSet_01_196,TP63,MMP13,-2.8238,True
coreg,1,DataSet_01_198,TP63,IL12A,-3.42777,True
coreg,1,DataSet_01_200,TP63,GC,-1.06975,True
coreg,1,DataSet_01_203,XBP1,HSPA5,-1.28019,True
coreg,1,DataSet_01_204,XBP1,DDIT3,-1.28869,True
coreg,1,DataSet_01_211,REST,ATP1A1,-1.2507,True
coreg,1,DataSet_01_213,SOX11,ABHD13,-0.21639,True
coreg,1,DataSet_01_214,BCLAF1,TNIP3,-0.55958,True
coreg,1,DataSet_01_217,TAL1,CPOX,-1.50309,True
coreg,1,DataSet_01_218,PTEN,PLAU,-2.3849,False
coreg,1,DataSet_01_220,HIF1A,MIF,-0.67779,True
coreg,1,DataSet_01_222,KLF9,IP6K3,-0.78121,True
coreg,1,DataSet_01_223,FOXM1,CHEK1,-0.96999,True
coreg,1,DataSet_01_224,HIF1A,BNIP3,-1.84234,True
coreg,1,DataSet_01_226,KLF2,TWIST1,-2.29275,True
coreg,1,DataSet_01_228,HIF1A,BNIP3,-0.726,True
coreg,1,DataSet_01_233,FOXA1,SCD,-1.2703,True
coreg,1,DataSet_01_238,NFYB,ABCB1,-1.16099,True
coreg,1,DataSet_01_244,ETS1,PECAM1,-0.79573,True
coreg,1,DataSet_01_246,TLX1,EEF2,-0.3306,True
coreg,1,DataSet_01_247,GATA6,DKK1,-1.30672,True
coreg,1,DataSet_01_248,SMAD2,ALDH4A1,-0.41291,True
coreg,1,DataSet_01_255,YBX1,FOXO4,-1.36987,True
coreg,1,DataSet_01_256,YBX1,S100A2,-0.72501,True
coreg,1,DataSet_01_257,YBX1,CABLES1,-1.14054,True
coreg,1,DataSet_01_258,YBX1,GADD45A,-0.92924,True
coreg,1,DataSet_01_260,SOX4,PTN,-0.69798,True
coreg,1,DataSet_01_261,NFKB2,CCL22,-0.73344,True
coreg,1,DataSet_01_267,FOXO3,TMEFF2,-2.29434,True
coreg,1,DataSet_01_269,SIX4,MYH10,-2.91153,True
coreg,1,DataSet_01_276,PTEN,MGMT,-0.30485,False
coreg,1,DataSet_01_277,SALL4,TOR1AIP2,-0.90902,True
coreg,1,DataSet_01_280,ESRRA,RBP7,-3.69144,True
coreg,1,DataSet_01_281,MSX1,BMP2,-4.13994,True
coreg,1,DataSet_01_282,IRF7,CXCL10,-0.53305,True
coreg,1,DataSet_01_283,AHR,MET,-1.33653,True
coreg,1,DataSet_01_293,POSTN,LY6K,-2.23586,False
coreg,1,DataSet_01_295,TFAP4,EIF3C,-4.1653,True
coreg,1,DataSet_01_299,SOX7,NPY6R,-0.92745,True
coreg,1,DataSet_01_300,SOX17,F7,-3.89707,True
coreg,1,DataSet_01_301,PTEN,IL4,-3.29245,False
coreg,1,DataSet_01_302,PTEN,IL17A,-1.1874,False
coreg,1,DataSet_01_303,PTEN,TGFA,-2.30946,False
coreg,1,DataSet_01_304,ETV5,EPHA4,-0.61863,True
coreg,1,DataSet_01_305,HOXA5,CD70,-1.16618,True
coreg,1,DataSet_01_306,NR2E1,MKI67,-1.43837,True
coreg,1,DataSet_01_308,SOX9,PCK1,-2.21759,True
coreg,1,DataSet_01_309,SOX9,PCK1,-2.21759,True
coreg,1,DataSet_01_312,TFAP2C,ULBP1,-1.53924,True
coreg,1,DataSet_01_313,OVOL2,ABCD3,-1.05862,False
coreg,1,DataSet_01_318,ELK3,COL13A1,-4.87198,True
coreg,1,DataSet_01_324,MYC,TERT,-2.63018,True
coreg,1,DataSet_01_327,TP63,MMP13,-1.48775,True
coreg,1,DataSet_01_330,TP63,MMP13,-1.48775,True
coreg,1,DataSet_01_332,TOX,CD5,-1.1606,True
coreg,1,DataSet_01_333,HOXC6,SCN9A,-1.7874,True
coreg,1,DataSet_01_336,GRHL3,A2ML1,-1.51815,True
coreg,1,DataSet_01_337,REST,CD2AP,-0.6699,True
coreg,1,DataSet_01_338,REST,DBF4,-0.69228,True
coreg,1,DataSet_01_339,KLF4,PTGES,-0.77914,True
coreg,1,DataSet_01_340,KLF7,CHRNB1,-0.92822,True
coreg,1,DataSet_01_342,KLF7,GRK4,-0.42538,True
coreg,1,DataSet_01_347,GATA3,COL1A2,-0.8369,True
coreg,1,DataSet_01_348,HIF1A,BNIP3,-2.23175,True
coreg,1,DataSet_01_349,SOX2,FABP7,-2.6258,True
coreg,1,DataSet_01_354,ELK1,LRRK2,-0.79902,True
coreg,1,DataSet_01_356,ETV4,GSG1,-1.7382,True
coreg,1,DataSet_01_357,CDX2,EPCAM,-2.07621,True
coreg,1,DataSet_01_360,SOX17,MIP,-1.81488,True
coreg,1,DataSet_02_001,DROSHA,FBXL16,-1.9542,False
coreg,1,DataSet_02_007,PTBP1,NID1,-1.22239,False
coreg,1,DataSet_02_009,POLR2G,AATK,-2.06413,False
coreg,1,DataSet_02_012,SRSF4,A2M,-4.34993,False
coreg,1,DataSet_02_013,SRSF9,ABCC6,-4.32193,False
coreg,1,DataSet_02_015,HOXB9,PEG10,-3.36257,True
coreg,1,DataSet_02_016,JUND,HPGDS,-3.04439,True
coreg,1,DataSet_02_018,STAT2,GPR146,-1.50548,True
coreg,1,DataSet_02_023,STAT1,CX3CL1,-5.02237,True
coreg,1,DataSet_02_025,USF2,PTGFR,-2.16993,True
coreg,1,DataSet_02_026,USF1,CYP1A2,-2.16993,True
coreg,1,DataSet_02_032,NFE2L1,ENOX1,-1.74723,True
coreg,1,DataSet_02_033,TEAD2,A2M,-4.75489,True
coreg,1,DataSet_02_039,RELA,IL1B,-3.14048,True
coreg,1,DataSet_02_040,TEAD4,A2ML1,-3.45943,True
coreg,1,DataSet_02_042,SP2,ICOSLG,-1.84276,True
coreg,1,DataSet_02_044,ZC3H11A,ABCB11,-4.30986,False
coreg,1,DataSet_02_048,SMAD5,A2M,-4.75489,True
coreg,1,DataSet_02_051,HDAC8,ABCG2,-3.49354,False
coreg,1,DataSet_02_053,TLE2,PTCRA,-3.43296,False
coreg,1,DataSet_02_054,ATF3,IL1B,-2.2076,True
coreg,1,DataSet_02_055,DLX1,LGI1,-4.32193,True
coreg,1,DataSet_02_058,HMBOX1,ABCB11,-4.30986,False
coreg,1,DataSet_02_061,RFX5,ABCA10,-2.54432,True
coreg,1,DataSet_02_063,TRIM28,DCLK1,-4.70044,True
coreg,1,DataSet_02_071,TFDP1,HUNK,-3.16993,True
coreg,1,DataSet_02_075,HMGA1,MYBL1,-1.46566,True
coreg,1,DataSet_02_078,SIX5,LTA,-2.90689,False
coreg,1,DataSet_02_079,HMGN1,CCT6B,-1.98089,False
coreg,1,DataSet_02_082,ZBTB33,ABCB11,-3.08746,True
coreg,1,DataSet_02_088,ILF2,AANAT,-1.58496,False
coreg,1,DataSet_02_090,SRSF9,ABCA13,-3.16993,False
coreg,1,DataSet_02_091,HNRNPK,SLC27A2,-1.64672,False
coreg,1,DataSet_02_096,HNRNPL,MIA,-5.16993,False
coreg,1,DataSet_02_097,U2AF1,LCN2,-2.73448,False
coreg,1,DataSet_02_099,PSIP1,ATP1A2,-2.16993,False
coreg,1,DataSet_02_100,RBM17,AANAT,-4.04439,False
coreg,1,DataSet_02_101,RBFOX2,PRKAR2B,-3.90689,False
coreg,1,DataSet_02_103,FIP1L1,AANAT,-3.70044,False
coreg,1,DataSet_02_104,HDGF,BTG3,-1.53121,True
coreg,1,DataSet_02_105,U2AF2,CDH5,-1.97085,False
coreg,1,DataSet_02_107,SSB,ABCG2,-2.63431,False
coreg,1,DataSet_02_108,ZNF622,CCNB2,-4.47385,False
coreg,1,DataSet_02_110,GTF2F1,FAM174B,-1.78427,False
coreg,1,DataSet_02_111,RBM39,C9orf43,-1.51457,False
coreg,1,DataSet_02_114,XRCC5,ASB16,-2.11548,False
coreg,1,DataSet_02_115,PCBP1,LEP,-2.0,False
coreg,1,DataSet_02_117,SUB1,APLP1,-1.6683,False
coreg,1,DataSet_02_120,PTBP1,CLUL1,-1.70044,False
coreg,1,DataSet_02_121,RBM34,ABCA12,-1.58496,False
coreg,1,DataSet_02_123,PCBP2,ABHD1,-0.89743,False
coreg,1,DataSet_02_124,FUS,PGLYRP2,-3.36923,False
coreg,1,DataSet_02_126,SNRNP70,ABCG1,-4.64386,False
coreg,1,DataSet_02_128,PRPF4,ABCG1,-2.0,False
coreg,1,DataSet_02_130,POLR2G,AADAT,-2.80735,False
coreg,1,DataSet_02_131,PTBP1,MAP4K1,-1.52284,False
coreg,1,DataSet_02_133,SRSF7,COL5A1,-2.70044,False
coreg,1,DataSet_02_136,HNRNPK,NOXA1,-2.5025,False
coreg,1,DataSet_02_137,PCBP1,PCBP3,-2.32193,False
coreg,1,DataSet_02_138,RBM17,ABCC3,-1.81629,False
coreg,1,DataSet_02_139,RBFOX2,RASGRF1,-2.0,False
coreg,1,DataSet_02_140,TAF15,ABCG2,-2.75489,False
coreg,1,DataSet_02_141,RBM34,ABCA9,-1.58496,False
coreg,1,DataSet_02_144,PTBP1,LAIR1,-4.05889,False
coreg,1,DataSet_02_145,DROSHA,KCNH1,-1.0,False
coreg,1,DataSet_02_147,FIP1L1,ABCA4,-3.0,False
coreg,1,DataSet_02_148,ILF3,SOX8,-2.16993,False
coreg,1,DataSet_02_151,RBM39,C9orf43,-3.58496,False
coreg,1,DataSet_02_152,ILF2,ABCG2,-1.18057,False
coreg,1,DataSet_02_154,SRSF4,ABCC6P1,-1.926,False
coreg,1,DataSet_02_155,FUS,DUOXA1,-3.45943,False
coreg,1,DataSet_02_156,HNRNPUL1,ASB16,-2.90689,False
coreg,1,DataSet_02_157,GTF2F1,TACC2,-2.80735,False
coreg,1,DataSet_02_158,PSIP1,ATP1A2,-2.41504,False
coreg,1,DataSet_02_159,XRCC5,ASB16,-2.87447,False
coreg,1,DataSet_02_160,HNRNPL,MMP13,-2.45943,False
coreg,1,DataSet_02_161,SUB1,PRAP1,-2.79442,False
coreg,1,DataSet_02_164,SSB,ABCC3,-2.30986,False
coreg,1,DataSet_02_168,RBM22,A1CF,-3.0,False
coreg,1,DataSet_02_170,U2AF2,NUP210,-1.80873,False
coreg,1,DataSet_02_172,ZFX,A4GNT,-2.32193,True
coreg,1,DataSet_02_175,LMNA,CHRNB4,-4.27302,False
coreg,1,DataSet_02_185,CTCF,PROX1,-4.32193,True
coreg,1,DataSet_02_190,RAD21,TMPRSS11D,-2.90689,False
coreg,1,DataSet_02_192,MAX,LENEP,-1.79518,True
coreg,1,DataSet_02_195,LMNB1,ABCA10,-2.8365,False
coreg,1,DataSet_02_206,ZFX,ABI3,-2.0,True
coreg,1,DataSet_03_002,AKT1,TNFSF10,-0.470991,False
coreg,1,DataSet_03_004,AR,INS,-1.78958,True
coreg,1,DataSet_03_005,AR,MMP13,-2.276568,True
coreg,1,DataSet_03_007,AR,BRCA1,-0.7274378,True
coreg,1,DataSet_03_013,ARID1A,ABI2,-0.391025,True
coreg,1,DataSet_03_017,ATF3,ASNS,-1.61294,True
coreg,1,DataSet_03_018,ATF4,ASNS,-2.839586,True
coreg,1,DataSet_03_021,BAG1,PEG3,-0.8534219,False
coreg,1,DataSet_03_022,BATF3,TPSD1,-0.4573153,False
coreg,1,DataSet_03_026,BCL6,IL21,-2.763056,True
coreg,1,DataSet_03_031,CASP8AP2,RAD21,-0.415216,False
coreg,1,DataSet_03_035,CCNB1,CXCR4,-0.8819637,False
coreg,1,DataSet_03_049,CEBPB,PPARGC1A,-4.188888,True
coreg,1,DataSet_03_056,CTCF,ANKRD46,-0.7029038,True
coreg,1,DataSet_03_059,CTNNB1,CCNA2,-1.191047,True
coreg,1,DataSet_03_060,E2F1,PTGS2,-0.7043208,True
coreg,1,DataSet_03_063,E2F7,REXO4,-1.490542,True
coreg,1,DataSet_03_065,EP300,CYP3A4,-2.737,True
coreg,1,DataSet_03_066,ERBB2,IGF1R,-0.5094747,False
coreg,1,DataSet_03_073,ETS1,AREG,-1.20625,True
coreg,1,DataSet_03_074,ETS1,AREG,-1.122917,True
coreg,1,DataSet_03_075,ETV6,CCDC88A,-0.6610603,True
coreg,1,DataSet_03_078,FLI1,CYBB,-0.800174,True
coreg,1,DataSet_03_080,FOXA1,SERPINA3,-2.188314,True
coreg,1,DataSet_03_085,FOXD1,DNAJB9,-0.3808126,True
coreg,1,DataSet_03_087,FOXF2,ABCB10,-0.4354154,True
coreg,1,DataSet_03_089,FOXK1,ABCC3,-0.4842058,False
coreg,1,DataSet_03_090,FOXM1,CCNB1,-2.531473,True
coreg,1,DataSet_03_091,FOXM1,MAPK3,-1.415037,True
coreg,1,DataSet_03_093,FOXM1,TFPI2,-0.99406,True
coreg,1,DataSet_03_096,FOXO1,GZMA,-4.093418,True
coreg,1,DataSet_03_100,GATA2,PRG2,-1.614689,True
coreg,1,DataSet_03_108,GATA6,ABCG8,-1.903086,True
coreg,1,DataSet_03_110,GATA6,FGF3,-1.427156,True
coreg,1,DataSet_03_113,GRHL3,CEBPA,-1.512477,True
coreg,1,DataSet_03_114,HDAC3,CRIPT,-0.3522577,True
coreg,1,DataSet_03_116,HES6,ANXA8,-0.6625722,True
coreg,1,DataSet_03_117,HES6,ACTG2,-0.6129959,True
coreg,1,DataSet_03_119,HIF1A,CXCR4,-0.9794377,True
coreg,1,DataSet_03_122,HINFP,INPP5J,-0.5312745,True
coreg,1,DataSet_03_123,HINFP,PROCR,-0.77133,True
coreg,1,DataSet_03_124,HMGA1,CASP7,-2.100628,True
coreg,1,DataSet_03_127,HOXB7,DNM1,-0.648636,True
coreg,1,DataSet_03_128,HOXC4,DLGAP5,-0.7149658,False
coreg,1,DataSet_03_129,HSF1,HSPA4,-0.458145,True
coreg,1,DataSet_03_143,JUN,IL6,-1.444525,True
coreg,1,DataSet_03_148,KLF5,MDK,-0.644339,True
coreg,1,DataSet_03_149,KLF5,COL4A1,-1.599045,True
coreg,1,DataSet_03_150,KLF5,TLR8,-1.739555,True
coreg,1,DataSet_03_151,KLF5,HYAL1,-3.539206,True
coreg,1,DataSet_03_155,MAFB,CCL8,-3.26,True
coreg,1,DataSet_03_165,MITF,OCA2,-2.848647,True
coreg,1,DataSet_03_168,MITF,FZD6,-1.347159,True
coreg,1,DataSet_03_173,MYB,CCNA2,-1.039333,True
coreg,1,DataSet_03_178,MYC,TERT,-1.861034,True
coreg,1,DataSet_03_189,NCOA1,GSTA2,-1.081565,True
coreg,1,DataSet_03_190,NCOA2,KLK2,-0.8410233,True
coreg,1,DataSet_03_191,NCOA3,MED1,-0.3859521,True
coreg,1,DataSet_03_192,NCOR1,TMPRSS2,-0.6431474,True
coreg,1,DataSet_03_199,NMI,BST2,-0.8100553,False
coreg,1,DataSet_03_200,NPAT,HMGN2,-0.5717615,False
coreg,1,DataSet_03_201,NPAT,TLR3,-0.7879945,False
coreg,1,DataSet_03_202,NR2F2,LIPC,-1.8221,True
coreg,1,DataSet_03_205,PARK7,FGL2,-0.8417581,True
coreg,1,DataSet_03_207,PBX1,HOXC13,-0.517602,True
coreg,1,DataSet_03_208,PBX1,ARHGDIA,-0.3473903,True
coreg,1,DataSet_03_209,PBX1,KRT19,-0.4349142,True
coreg,1,DataSet_03_211,PHB,ABCB4,-3.055498,False
coreg,1,DataSet_03_214,PPARG,CD36,-0.94,True
coreg,1,DataSet_03_217,PRRX1,ADCYAP1R1,-1.150125,True
coreg,1,DataSet_03_220,RBL2,CKB,-0.6046453,False
coreg,1,DataSet_03_221,RCHY1,DNM1L,-0.5827923,False
coreg,1,DataSet_03_222,RELA,CXCL1,-1.144643,True
coreg,1,DataSet_03_223,RELA,IL6,-1.407143,True
coreg,1,DataSet_03_225,RELB,BIRC3,-3.201833,True
coreg,1,DataSet_03_228,REST,CTSB,-0.3358,True
coreg,1,DataSet_03_229,SATB1,HNRNPR,-0.5804716,True
coreg,1,DataSet_03_232,SKP2,BAX,-0.9705413,False
coreg,1,DataSet_03_235,SMARCA4,BRCA1,-2.780415,True
coreg,1,DataSet_03_236,SMARCC1,EXO1,-0.7021512,True
coreg,1,DataSet_03_237,SOX11,ABCA4,-1.693807,True
coreg,1,DataSet_03_238,SOX11,ABCA4,-2.379299,True
coreg,1,DataSet_03_239,SOX11,AADAT,-0.477231,True
coreg,1,DataSet_03_241,SOX2,HES5,-1.89336,True
coreg,1,DataSet_03_242,SOX2,FGF4,-1.506492,True
coreg,1,DataSet_03_244,SOX2,GAL,-4.393323,True
coreg,1,DataSet_03_246,SOX4,BTN1A1,-3.662965,True
coreg,1,DataSet_03_249,SP1,SOD2,-0.6763567,True
coreg,1,DataSet_03_251,SP1,COL1A2,-2.87129,True
coreg,1,DataSet_03_253,SPIB,BATF3,-0.5539625,True
coreg,1,DataSet_03_255,SSRP1,AADACL3,-0.55235,True
coreg,1,DataSet_03_256,STAT1,IRF8,-0.6271287,True
coreg,1,DataSet_03_258,STAT3,MSR1,-6.121621,True
coreg,1,DataSet_03_259,STAT3,KLK3,-0.3112567,True
coreg,1,DataSet_03_260,STAT3,CD14,-1.092809,True
coreg,1,DataSet_03_261,STAT3,MMP1,-1.020002,True
coreg,1,DataSet_03_262,STAT3,COPS5,0.0,True
coreg,1,DataSet_03_264,STAT6,CD14,-3.564204,True
coreg,1,DataSet_03_267,TCF7L1,ABCA1,-0.3681039,True
coreg,1,DataSet_03_271,TET2,KDM4C,-0.47129,False
coreg,1,DataSet_03_273,TET3,A2M,-3.17476,False
coreg,1,DataSet_03_274,TFAP2C,CYP46A1,-2.686654,True
coreg,1,DataSet_03_275,TFE3,GPNMB,-1.740324,True
coreg,1,DataSet_03_277,TP53,BAX,-1.586443,True
coreg,1,DataSet_03_284,TWIST2,ENO2,-0.9246267,True
coreg,1,DataSet_03_287,ZHX2,CCL2,-2.254637,True
coreg,1,DataSet_03_294,ZNF750,WFDC12,-5.949569,False
coreg,1,DataSet_04_002,CDC5L,ABCC3,-4.022368,False
coreg,1,DataSet_04_003,CHCHD3,A2M,-2.70044,False
coreg,1,DataSet_04_004,CIZ1,ABCB8,-1.506665,False
coreg,1,DataSet_04_006,DDX59,ABCC13,-1.343954,False
coreg,1,DataSet_04_010,FUBP1,DSC3,-1.906891,False
coreg,1,DataSet_04_011,FUBP3,ABCC6P2,-1.384664,False
coreg,1,DataSet_04_012,MARK2,ABCB10,-1.861522,False
coreg,1,DataSet_04_015,NKRF,ABCC2,-2.378512,True
coreg,1,DataSet_04_016,NUP35,ABCA9,-2.887525,False
coreg,1,DataSet_04_018,RPS3,BST1,-3.342392,False
coreg,1,DataSet_04_019,SMAD2,ADCY9,-1.649093,True
coreg,1,DataSet_04_020,SMAD4,ATP8A1,-3.104337,True
coreg,1,DataSet_04_022,STAT1,NPR1,-4.285402,True
coreg,1,DataSet_04_024,YBX1,CABLES1,-1.432959,True
coreg,1,DataSet_04_026,ANXA2,IRF4,-3.584963,False
coreg,1,DataSet_04_028,CIZ1,ABHD1,-1.584963,False
coreg,1,DataSet_04_032,FUBP1,PDZK1IP1,-2.219445,False
coreg,1,DataSet_04_036,SMAD2,DDR2,-0.8259706,True
coreg,1,DataSet_04_037,SMAD4,MSTN,-1.137504,True
coreg,1,DataSet_04_039,SRPK2,MGAM,-2.152003,False
coreg,1,DataSet_04_041,YBX1,FBXO32,-1.061029,True
coreg,2,DataSet_01_006,PROX1,TNIP3,-2.47422,True
coreg,2,DataSet_01_007,NR2F2,TRH,-2.39427,True
coreg,2,DataSet_01_008,WT1,IER3,-1.9686,True
coreg,2,DataSet_01_010,TP53,CDKN1A,-3.43627,True
coreg,2,DataSet_01_011,TP53,IGF1,-1.58448,True
coreg,2,DataSet_01_012,FLI1,CCK,-6.9396,True
coreg,2,DataSet_01_013,FLI1,CCK,-4.99646,True
coreg,2,DataSet_01_014,FLI1,MACROD1,-4.68055,True
coreg,2,DataSet_01_015,FLI1,AURKB,-5.02499,True
coreg,2,DataSet_01_016,FLI1,CCK,-4.58386,True
coreg,2,DataSet_01_017,ERG,GCNT4,-2.24548,True
coreg,2,DataSet_01_018,YY1,GC,-1.20262,True
coreg,2,DataSet_01_021,STAT1,SERPINB3,-1.6025,True
coreg,2,DataSet_01_025,MITF,FRZB,-1.32004,True
coreg,2,DataSet_01_026,PAX3,PROS1,-0.6481,True
coreg,2,DataSet_01_027,PAX3,PROS1,-2.03415,True
coreg,2,DataSet_01_029,ATM,TFPI2,-1.92228,False
coreg,2,DataSet_01_030,RELA,CCL20,-6.01254,True
coreg,2,DataSet_01_031,TP53,FOS,-3.02175,True
coreg,2,DataSet_01_033,ATF3,AKR1B10,-1.3181,True
coreg,2,DataSet_01_034,EGR3,FOSB,-0.6409,True
coreg,2,DataSet_01_036,ETV1,HMMR,-0.7324,True
coreg,2,DataSet_01_037,TP53,INS,-0.98187,True
coreg,2,DataSet_01_038,TP53,CDKN1A,-1.895,True
coreg,2,DataSet_01_042,POU5F1,SOX2,-1.33243,True
coreg,2,DataSet_01_043,CBFB,WIF1,-1.38247,False
coreg,2,DataSet_01_044,MYB,BIRC5,-3.16304,True
coreg,2,DataSet_01_045,PRDM14,AASS,-1.5323,False
coreg,2,DataSet_01_049,STAT3,BIRC3,-5.1761,True
coreg,2,DataSet_01_051,RARA,FGFBP1,-2.26112,True
coreg,2,DataSet_01_053,TFAP2C,ATP2A3,-0.5108,True
coreg,2,DataSet_01_058,BACH1,CBFB,-0.91184,True
coreg,2,DataSet_01_059,BACH1,PSMB5,-0.71918,True
coreg,2,DataSet_01_060,NFE2L2,NQO1,-3.95904,True
coreg,2,DataSet_01_068,TP53,IL6,-3.4138,True
coreg,2,DataSet_01_071,ELF5,AADAT,-0.38643,True
coreg,2,DataSet_01_073,ZNF148,DCAF6,-1.46816,True
coreg,2,DataSet_01_074,CEBPD,DDIT3,-2.15508,True
coreg,2,DataSet_01_075,CEBPZ,SAT1,-0.73671,True
coreg,2,DataSet_01_076,ETS1,LOXL4,-1.94108,True
coreg,2,DataSet_01_077,FOXM1,DDIT3,-2.67313,True
coreg,2,DataSet_01_078,HSF2,POLI,-0.86802,True
coreg,2,DataSet_01_079,MITF,PCNA,-1.70193,True
coreg,2,DataSet_01_080,RELA,GDF15,-4.35504,True
coreg,2,DataSet_01_081,SP1,CD74,-0.89099,True
coreg,2,DataSet_01_082,SP100,IL12A,-1.07602,False
coreg,2,DataSet_01_083,STAT1,DDIT3,-2.58487,True
coreg,2,DataSet_01_084,STAT3,A2M,-2.80828,True
coreg,2,DataSet_01_085,STAT6,A2M,-1.13208,True
coreg,2,DataSet_01_086,HIF1A,CA9,-3.06182,True
coreg,2,DataSet_01_088,FOXP1,TMPRSS2,-1.60353,True
coreg,2,DataSet_01_089,NR2F2,CLDN5,-1.51006,True
coreg,2,DataSet_01_090,NR2F2,ADM,-1.05585,True
coreg,2,DataSet_01_091,ETV6,PBK,-0.32075,True
coreg,2,DataSet_01_094,NANOG,GDF15,-0.9969,True
coreg,2,DataSet_01_095,POU5F1,SOX2,-1.18631,True
coreg,2,DataSet_01_096,SOX2,HES3,-0.74004,True
coreg,2,DataSet_01_098,SALL4,EME1,-0.75948,True
coreg,2,DataSet_01_099,FOS,BCL2,-1.08893,True
coreg,2,DataSet_01_101,IRF6,CKB,-0.66281,True
coreg,2,DataSet_01_103,HNF1B,LMAN2L,-0.95138,True
coreg,2,DataSet_01_105,FOXA1,SCD,-2.01946,True
coreg,2,DataSet_01_112,HSF1,GBP1,-0.86632,True
coreg,2,DataSet_01_114,ARID1A,AADAC,-0.67509,True
coreg,2,DataSet_01_117,ID1,ID2,-1.26524,True
coreg,2,DataSet_01_118,ID1,MMP1,-1.7059,True
coreg,2,DataSet_01_121,ZIC2,NOTO,-3.08231,True
coreg,2,DataSet_01_123,ZNF91,AAGAB,-1.1073,True
coreg,2,DataSet_01_127,ZNF254,ABCC4,-0.60947,False
coreg,2,DataSet_01_128,ZNF431,ABHD11,-0.78066,False
coreg,2,DataSet_01_132,EGR4,AAGAB,-0.82608,True
coreg,2,DataSet_01_135,SPDEF,AGR3,-2.46027,True
coreg,2,DataSet_01_136,REST,HSD17B2,-0.28138,True
coreg,2,DataSet_01_138,IKZF1,IL18,-2.4828,True
coreg,2,DataSet_01_139,POLR3A,ABCC2,-4.29155,False
coreg,2,DataSet_01_142,LEF1,BIRC5,-0.3551,True
coreg,2,DataSet_01_145,REST,CTSB,-0.40211,True
coreg,2,DataSet_01_147,EHF,MAP3K7,-0.44964,True
coreg,2,DataSet_01_148,MYBL2,SGK1,-0.99591,True
coreg,2,DataSet_01_149,ETS2,PLA2G4A,-0.35667,True
coreg,2,DataSet_01_150,TFAP2C,MGP,-2.78719,True
coreg,2,DataSet_01_151,TEAD4,A4GALT,-0.68663,True
coreg,2,DataSet_01_153,LIN28B,IMPA2,-1.01858,False
coreg,2,DataSet_01_154,STAT1,CD38,-1.70816,True
coreg,2,DataSet_01_155,HSF1,HSD11B1,-1.99452,True
coreg,2,DataSet_01_156,HIF1A,BNIP3,-0.62371,True
coreg,2,DataSet_01_162,ELK1,BTG1,-10.50783,True
coreg,2,DataSet_01_164,JUN,CSF2,-10.97808,True
coreg,2,DataSet_01_165,MAF,CD86,-13.74059,True
coreg,2,DataSet_01_166,NFATC3,EIF5,-9.44052,True
coreg,2,DataSet_01_168,STAT3,EGR1,-9.47591,True
coreg,2,DataSet_01_169,HOXB7,KCNN3,-1.27499,True
coreg,2,DataSet_01_170,HOXB7,DLEC1,-2.12082,True
coreg,2,DataSet_01_171,FOSL1,EGR1,-0.8681,True
coreg,2,DataSet_01_173,ESRRG,SERP1,-0.82945,True
coreg,2,DataSet_01_175,TP53,MDM2,-1.70663,True
coreg,2,DataSet_01_176,NR2F2,TIMM17A,-0.28289,True
coreg,2,DataSet_01_177,NR2F2,ALDH2,-0.3213,True
coreg,2,DataSet_01_180,STAT3,FOSL1,-0.23745,True
coreg,2,DataSet_01_183,TP63,PTHLH,-2.08342,True
coreg,2,DataSet_01_184,STAT3,PI3,-1.5298,True
coreg,2,DataSet_01_185,TCF4,CDKN1C,-1.3429,True
coreg,2,DataSet_01_189,SPDEF,SCAP,-0.45353,True
coreg,2,DataSet_01_192,AR,SNAI2,-1.02141,True
coreg,2,DataSet_01_196,TP63,MMP13,-2.8238,True
coreg,2,DataSet_01_198,TP63,IL12A,-3.42777,True
coreg,2,DataSet_01_200,TP63,GC,-1.06975,True
coreg,2,DataSet_01_203,XBP1,HSPA5,-1.28019,True
coreg,2,DataSet_01_204,XBP1,DDIT3,-1.28869,True
coreg,2,DataSet_01_211,REST,ATP1A1,-1.2507,True
coreg,2,DataSet_01_213,SOX11,ABHD13,-0.21639,True
coreg,2,DataSet_01_214,BCLAF1,TNIP3,-0.55958,True
coreg,2,DataSet_01_217,TAL1,CPOX,-1.50309,True
coreg,2,DataSet_01_218,PTEN,PLAU,-2.3849,False
coreg,2,DataSet_01_220,HIF1A,MIF,-0.67779,True
coreg,2,DataSet_01_222,KLF9,IP6K3,-0.78121,True
coreg,2,DataSet_01_223,FOXM1,CHEK1,-0.96999,True
coreg,2,DataSet_01_224,HIF1A,BNIP3,-1.84234,True
coreg,2,DataSet_01_226,KLF2,TWIST1,-2.29275,True
coreg,2,DataSet_01_228,HIF1A,BNIP3,-0.726,True
coreg,2,DataSet_01_233,FOXA1,SCD,-1.2703,True
coreg,2,DataSet_01_238,NFYB,ABCB1,-1.16099,True
coreg,2,DataSet_01_244,ETS1,PECAM1,-0.79573,True
coreg,2,DataSet_01_246,TLX1,EEF2,-0.3306,True
coreg,2,DataSet_01_247,GATA6,DKK1,-1.30672,True
coreg,2,DataSet_01_248,SMAD2,ALDH4A1,-0.41291,True
coreg,2,DataSet_01_255,YBX1,FOXO4,-1.36987,True
coreg,2,DataSet_01_256,YBX1,S100A2,-0.72501,True
coreg,2,DataSet_01_257,YBX1,CABLES1,-1.14054,True
coreg,2,DataSet_01_258,YBX1,GADD45A,-0.92924,True
coreg,2,DataSet_01_260,SOX4,PTN,-0.69798,True
coreg,2,DataSet_01_261,NFKB2,CCL22,-0.73344,True
coreg,2,DataSet_01_267,FOXO3,TMEFF2,-2.29434,True
coreg,2,DataSet_01_269,SIX4,MYH10,-2.91153,True
coreg,2,DataSet_01_276,PTEN,MGMT,-0.30485,False
coreg,2,DataSet_01_277,SALL4,TOR1AIP2,-0.90902,True
coreg,2,DataSet_01_280,ESRRA,RBP7,-3.69144,True
coreg,2,DataSet_01_281,MSX1,BMP2,-4.13994,True
coreg,2,DataSet_01_282,IRF7,CXCL10,-0.53305,True
coreg,2,DataSet_01_283,AHR,MET,-1.33653,True
coreg,2,DataSet_01_293,POSTN,LY6K,-2.23586,False
coreg,2,DataSet_01_295,TFAP4,EIF3C,-4.1653,True
coreg,2,DataSet_01_299,SOX7,NPY6R,-0.92745,True
coreg,2,DataSet_01_300,SOX17,F7,-3.89707,True
coreg,2,DataSet_01_301,PTEN,IL4,-3.29245,False
coreg,2,DataSet_01_302,PTEN,IL17A,-1.1874,False
coreg,2,DataSet_01_303,PTEN,TGFA,-2.30946,False
coreg,2,DataSet_01_304,ETV5,EPHA4,-0.61863,True
coreg,2,DataSet_01_305,HOXA5,CD70,-1.16618,True
coreg,2,DataSet_01_306,NR2E1,MKI67,-1.43837,True
coreg,2,DataSet_01_308,SOX9,PCK1,-2.21759,True
coreg,2,DataSet_01_309,SOX9,PCK1,-2.21759,True
coreg,2,DataSet_01_312,TFAP2C,ULBP1,-1.53924,True
coreg,2,DataSet_01_313,OVOL2,ABCD3,-1.05862,False
coreg,2,DataSet_01_318,ELK3,COL13A1,-4.87198,True
coreg,2,DataSet_01_324,MYC,TERT,-2.63018,True
coreg,2,DataSet_01_327,TP63,MMP13,-1.48775,True
coreg,2,DataSet_01_330,TP63,MMP13,-1.48775,True
coreg,2,DataSet_01_332,TOX,CD5,-1.1606,True
coreg,2,DataSet_01_333,HOXC6,SCN9A,-1.7874,True
coreg,2,DataSet_01_336,GRHL3,A2ML1,-1.51815,True
coreg,2,DataSet_01_337,REST,CD2AP,-0.6699,True
coreg,2,DataSet_01_338,REST,DBF4,-0.69228,True
coreg,2,DataSet_01_339,KLF4,PTGES,-0.77914,True
coreg,2,DataSet_01_340,KLF7,CHRNB1,-0.92822,True
coreg,2,DataSet_01_342,KLF7,GRK4,-0.42538,True
coreg,2,DataSet_01_347,GATA3,COL1A2,-0.8369,True
coreg,2,DataSet_01_348,HIF1A,BNIP3,-2.23175,True
coreg,2,DataSet_01_349,SOX2,FABP7,-2.6258,True
coreg,2,DataSet_01_354,ELK1,LRRK2,-0.79902,True
coreg,2,DataSet_01_356,ETV4,GSG1,-1.7382,True
coreg,2,DataSet_01_357,CDX2,EPCAM,-2.07621,True
coreg,2,DataSet_01_360,SOX17,MIP,-1.81488,True
coreg,2,DataSet_02_001,DROSHA,FBXL16,-1.9542,False
coreg,2,DataSet_02_007,PTBP1,NID1,-1.22239,False
coreg,2,DataSet_02_009,POLR2G,AATK,-2.06413,False
coreg,2,DataSet_02_012,SRSF4,A2M,-4.34993,False
coreg,2,DataSet_02_013,SRSF9,ABCC6,-4.32193,False
coreg,2,DataSet_02_015,HOXB9,PEG10,-3.36257,True
coreg,2,DataSet_02_016,JUND,HPGDS,-3.04439,True
coreg,2,DataSet_02_018,STAT2,GPR146,-1.50548,True
coreg,2,DataSet_02_023,STAT1,CX3CL1,-5.02237,True
coreg,2,DataSet_02_025,USF2,PTGFR,-2.16993,True
coreg,2,DataSet_02_026,USF1,CYP1A2,-2.16993,True
coreg,2,DataSet_02_032,NFE2L1,ENOX1,-1.74723,True
coreg,2,DataSet_02_033,TEAD2,A2M,-4.75489,True
coreg,2,DataSet_02_039,RELA,IL1B,-3.14048,True
coreg,2,DataSet_02_040,TEAD4,A2ML1,-3.45943,True
coreg,2,DataSet_02_042,SP2,ICOSLG,-1.84276,True
coreg,2,DataSet_02_044,ZC3H11A,ABCB11,-4.30986,False
coreg,2,DataSet_02_048,SMAD5,A2M,-4.75489,True
coreg,2,DataSet_02_051,HDAC8,ABCG2,-3.49354,False
coreg,2,DataSet_02_053,TLE2,PTCRA,-3.43296,False
coreg,2,DataSet_02_054,ATF3,IL1B,-2.2076,True
coreg,2,DataSet_02_055,DLX1,LGI1,-4.32193,True
coreg,2,DataSet_02_058,HMBOX1,ABCB11,-4.30986,False
coreg,2,DataSet_02_061,RFX5,ABCA10,-2.54432,True
coreg,2,DataSet_02_063,TRIM28,DCLK1,-4.70044,True
coreg,2,DataSet_02_071,TFDP1,HUNK,-3.16993,True
coreg,2,DataSet_02_075,HMGA1,MYBL1,-1.46566,True
coreg,2,DataSet_02_078,SIX5,LTA,-2.90689,False
coreg,2,DataSet_02_079,HMGN1,CCT6B,-1.98089,False
coreg,2,DataSet_02_082,ZBTB33,ABCB11,-3.08746,True
coreg,2,DataSet_02_088,ILF2,AANAT,-1.58496,False
coreg,2,DataSet_02_090,SRSF9,ABCA13,-3.16993,False
coreg,2,DataSet_02_091,HNRNPK,SLC27A2,-1.64672,False
coreg,2,DataSet_02_096,HNRNPL,MIA,-5.16993,False
coreg,2,DataSet_02_097,U2AF1,LCN2,-2.73448,False
coreg,2,DataSet_02_099,PSIP1,ATP1A2,-2.16993,False
coreg,2,DataSet_02_100,RBM17,AANAT,-4.04439,False
coreg,2,DataSet_02_101,RBFOX2,PRKAR2B,-3.90689,False
coreg,2,DataSet_02_103,FIP1L1,AANAT,-3.70044,False
coreg,2,DataSet_02_104,HDGF,BTG3,-1.53121,True
coreg,2,DataSet_02_105,U2AF2,CDH5,-1.97085,False
coreg,2,DataSet_02_107,SSB,ABCG2,-2.63431,False
coreg,2,DataSet_02_108,ZNF622,CCNB2,-4.47385,False
coreg,2,DataSet_02_110,GTF2F1,FAM174B,-1.78427,False
coreg,2,DataSet_02_111,RBM39,C9orf43,-1.51457,False
coreg,2,DataSet_02_114,XRCC5,ASB16,-2.11548,False
coreg,2,DataSet_02_115,PCBP1,LEP,-2.0,False
coreg,2,DataSet_02_117,SUB1,APLP1,-1.6683,False
coreg,2,DataSet_02_120,PTBP1,CLUL1,-1.70044,False
coreg,2,DataSet_02_121,RBM34,ABCA12,-1.58496,False
coreg,2,DataSet_02_123,PCBP2,ABHD1,-0.89743,False
coreg,2,DataSet_02_124,FUS,PGLYRP2,-3.36923,False
coreg,2,DataSet_02_126,SNRNP70,ABCG1,-4.64386,False
coreg,2,DataSet_02_128,PRPF4,ABCG1,-2.0,False
coreg,2,DataSet_02_130,POLR2G,AADAT,-2.80735,False
coreg,2,DataSet_02_131,PTBP1,MAP4K1,-1.52284,False
coreg,2,DataSet_02_133,SRSF7,COL5A1,-2.70044,False
coreg,2,DataSet_02_136,HNRNPK,NOXA1,-2.5025,False
coreg,2,DataSet_02_137,PCBP1,PCBP3,-2.32193,False
coreg,2,DataSet_02_138,RBM17,ABCC3,-1.81629,False
coreg,2,DataSet_02_139,RBFOX2,RASGRF1,-2.0,False
coreg,2,DataSet_02_140,TAF15,ABCG2,-2.75489,False
coreg,2,DataSet_02_141,RBM34,ABCA9,-1.58496,False
coreg,2,DataSet_02_144,PTBP1,LAIR1,-4.05889,False
coreg,2,DataSet_02_145,DROSHA,KCNH1,-1.0,False
coreg,2,DataSet_02_147,FIP1L1,ABCA4,-3.0,False
coreg,2,DataSet_02_148,ILF3,SOX8,-2.16993,False
coreg,2,DataSet_02_151,RBM39,C9orf43,-3.58496,False
coreg,2,DataSet_02_152,ILF2,ABCG2,-1.18057,False
coreg,2,DataSet_02_154,SRSF4,ABCC6P1,-1.926,False
coreg,2,DataSet_02_155,FUS,DUOXA1,-3.45943,False
coreg,2,DataSet_02_156,HNRNPUL1,ASB16,-2.90689,False
coreg,2,DataSet_02_157,GTF2F1,TACC2,-2.80735,False
coreg,2,DataSet_02_158,PSIP1,ATP1A2,-2.41504,False
coreg,2,DataSet_02_159,XRCC5,ASB16,-2.87447,False
coreg,2,DataSet_02_160,HNRNPL,MMP13,-2.45943,False
coreg,2,DataSet_02_161,SUB1,PRAP1,-2.79442,False
coreg,2,DataSet_02_164,SSB,ABCC3,-2.30986,False
coreg,2,DataSet_02_168,RBM22,A1CF,-3.0,False
coreg,2,DataSet_02_170,U2AF2,NUP210,-1.80873,False
coreg,2,DataSet_02_172,ZFX,A4GNT,-2.32193,True
coreg,2,DataSet_02_175,LMNA,CHRNB4,-4.27302,False
coreg,2,DataSet_02_185,CTCF,PROX1,-4.32193,True
coreg,2,DataSet_02_190,RAD21,TMPRSS11D,-2.90689,False
coreg,2,DataSet_02_192,MAX,LENEP,-1.79518,True
coreg,2,DataSet_02_195,LMNB1,ABCA10,-2.8365,False
coreg,2,DataSet_02_206,ZFX,ABI3,-2.0,True
coreg,2,DataSet_03_002,AKT1,TNFSF10,-0.470991,False
coreg,2,DataSet_03_004,AR,INS,-1.78958,True
coreg,2,DataSet_03_005,AR,MMP13,-2.276568,True
coreg,2,DataSet_03_007,AR,BRCA1,-0.7274378,True
coreg,2,DataSet_03_013,ARID1A,ABI2,-0.391025,True
coreg,2,DataSet_03_017,ATF3,ASNS,-1.61294,True
coreg,2,DataSet_03_018,ATF4,ASNS,-2.839586,True
coreg,2,DataSet_03_021,BAG1,PEG3,-0.8534219,False
coreg,2,DataSet_03_022,BATF3,TPSD1,-0.4573153,False
coreg,2,DataSet_03_026,BCL6,IL21,-2.763056,True
coreg,2,DataSet_03_031,CASP8AP2,RAD21,-0.415216,False
coreg,2,DataSet_03_035,CCNB1,CXCR4,-0.8819637,False
coreg,2,DataSet_03_049,CEBPB,PPARGC1A,-4.188888,True
coreg,2,DataSet_03_056,CTCF,ANKRD46,-0.7029038,True
coreg,2,DataSet_03_059,CTNNB1,CCNA2,-1.191047,True
coreg,2,DataSet_03_060,E2F1,PTGS2,-0.7043208,True
coreg,2,DataSet_03_063,E2F7,REXO4,-1.490542,True
coreg,2,DataSet_03_065,EP300,CYP3A4,-2.737,True
coreg,2,DataSet_03_066,ERBB2,IGF1R,-0.5094747,False
coreg,2,DataSet_03_073,ETS1,AREG,-1.20625,True
coreg,2,DataSet_03_074,ETS1,AREG,-1.122917,True
coreg,2,DataSet_03_075,ETV6,CCDC88A,-0.6610603,True
coreg,2,DataSet_03_078,FLI1,CYBB,-0.800174,True
coreg,2,DataSet_03_080,FOXA1,SERPINA3,-2.188314,True
coreg,2,DataSet_03_085,FOXD1,DNAJB9,-0.3808126,True
coreg,2,DataSet_03_087,FOXF2,ABCB10,-0.4354154,True
coreg,2,DataSet_03_089,FOXK1,ABCC3,-0.4842058,False
coreg,2,DataSet_03_090,FOXM1,CCNB1,-2.531473,True
coreg,2,DataSet_03_091,FOXM1,MAPK3,-1.415037,True
coreg,2,DataSet_03_093,FOXM1,TFPI2,-0.99406,True
coreg,2,DataSet_03_096,FOXO1,GZMA,-4.093418,True
coreg,2,DataSet_03_100,GATA2,PRG2,-1.614689,True
coreg,2,DataSet_03_108,GATA6,ABCG8,-1.903086,True
coreg,2,DataSet_03_110,GATA6,FGF3,-1.427156,True
coreg,2,DataSet_03_113,GRHL3,CEBPA,-1.512477,True
coreg,2,DataSet_03_114,HDAC3,CRIPT,-0.3522577,True
coreg,2,DataSet_03_116,HES6,ANXA8,-0.6625722,True
coreg,2,DataSet_03_117,HES6,ACTG2,-0.6129959,True
coreg,2,DataSet_03_119,HIF1A,CXCR4,-0.9794377,True
coreg,2,DataSet_03_122,HINFP,INPP5J,-0.5312745,True
coreg,2,DataSet_03_123,HINFP,PROCR,-0.77133,True
coreg,2,DataSet_03_124,HMGA1,CASP7,-2.100628,True
coreg,2,DataSet_03_127,HOXB7,DNM1,-0.648636,True
coreg,2,DataSet_03_128,HOXC4,DLGAP5,-0.7149658,False
coreg,2,DataSet_03_129,HSF1,HSPA4,-0.458145,True
coreg,2,DataSet_03_143,JUN,IL6,-1.444525,True
coreg,2,DataSet_03_148,KLF5,MDK,-0.644339,True
coreg,2,DataSet_03_149,KLF5,COL4A1,-1.599045,True
coreg,2,DataSet_03_150,KLF5,TLR8,-1.739555,True
coreg,2,DataSet_03_151,KLF5,HYAL1,-3.539206,True
coreg,2,DataSet_03_155,MAFB,CCL8,-3.26,True
coreg,2,DataSet_03_165,MITF,OCA2,-2.848647,True
coreg,2,DataSet_03_168,MITF,FZD6,-1.347159,True
coreg,2,DataSet_03_173,MYB,CCNA2,-1.039333,True
coreg,2,DataSet_03_178,MYC,TERT,-1.861034,True
coreg,2,DataSet_03_189,NCOA1,GSTA2,-1.081565,True
coreg,2,DataSet_03_190,NCOA2,KLK2,-0.8410233,True
coreg,2,DataSet_03_191,NCOA3,MED1,-0.3859521,True
coreg,2,DataSet_03_192,NCOR1,TMPRSS2,-0.6431474,True
coreg,2,DataSet_03_199,NMI,BST2,-0.8100553,False
coreg,2,DataSet_03_200,NPAT,HMGN2,-0.5717615,False
coreg,2,DataSet_03_201,NPAT,TLR3,-0.7879945,False
coreg,2,DataSet_03_202,NR2F2,LIPC,-1.8221,True
coreg,2,DataSet_03_205,PARK7,FGL2,-0.8417581,True
coreg,2,DataSet_03_207,PBX1,HOXC13,-0.517602,True
coreg,2,DataSet_03_208,PBX1,ARHGDIA,-0.3473903,True
coreg,2,DataSet_03_209,PBX1,KRT19,-0.4349142,True
coreg,2,DataSet_03_211,PHB,ABCB4,-3.055498,False
coreg,2,DataSet_03_214,PPARG,CD36,-0.94,True
coreg,2,DataSet_03_217,PRRX1,ADCYAP1R1,-1.150125,True
coreg,2,DataSet_03_220,RBL2,CKB,-0.6046453,False
coreg,2,DataSet_03_221,RCHY1,DNM1L,-0.5827923,False
coreg,2,DataSet_03_222,RELA,CXCL1,-1.144643,True
coreg,2,DataSet_03_223,RELA,IL6,-1.407143,True
coreg,2,DataSet_03_225,RELB,BIRC3,-3.201833,True
coreg,2,DataSet_03_228,REST,CTSB,-0.3358,True
coreg,2,DataSet_03_229,SATB1,HNRNPR,-0.5804716,True
coreg,2,DataSet_03_232,SKP2,BAX,-0.9705413,False
coreg,2,DataSet_03_235,SMARCA4,BRCA1,-2.780415,True
coreg,2,DataSet_03_236,SMARCC1,EXO1,-0.7021512,True
coreg,2,DataSet_03_237,SOX11,ABCA4,-1.693807,True
coreg,2,DataSet_03_238,SOX11,ABCA4,-2.379299,True
coreg,2,DataSet_03_239,SOX11,AADAT,-0.477231,True
coreg,2,DataSet_03_241,SOX2,HES5,-1.89336,True
coreg,2,DataSet_03_242,SOX2,FGF4,-1.506492,True
coreg,2,DataSet_03_244,SOX2,GAL,-4.393323,True
coreg,2,DataSet_03_246,SOX4,BTN1A1,-3.662965,True
coreg,2,DataSet_03_249,SP1,SOD2,-0.6763567,True
coreg,2,DataSet_03_251,SP1,COL1A2,-2.87129,True
coreg,2,DataSet_03_253,SPIB,BATF3,-0.5539625,True
coreg,2,DataSet_03_255,SSRP1,AADACL3,-0.55235,True
coreg,2,DataSet_03_256,STAT1,IRF8,-0.6271287,True
coreg,2,DataSet_03_258,STAT3,MSR1,-6.121621,True
coreg,2,DataSet_03_259,STAT3,KLK3,-0.3112567,True
coreg,2,DataSet_03_260,STAT3,CD14,-1.092809,True
coreg,2,DataSet_03_261,STAT3,MMP1,-1.020002,True
coreg,2,DataSet_03_262,STAT3,COPS5,0.0,True
coreg,2,DataSet_03_264,STAT6,CD14,-3.564204,True
coreg,2,DataSet_03_267,TCF7L1,ABCA1,-0.3681039,True
coreg,2,DataSet_03_271,TET2,KDM4C,-0.47129,False
coreg,2,DataSet_03_273,TET3,A2M,-3.17476,False
coreg,2,DataSet_03_274,TFAP2C,CYP46A1,-2.686654,True
coreg,2,DataSet_03_275,TFE3,GPNMB,-1.740324,True
coreg,2,DataSet_03_277,TP53,BAX,-1.586443,True
coreg,2,DataSet_03_284,TWIST2,ENO2,-0.9246267,True
coreg,2,DataSet_03_287,ZHX2,CCL2,-2.254637,True
coreg,2,DataSet_03_294,ZNF750,WFDC12,-5.949569,False
coreg,2,DataSet_04_002,CDC5L,ABCC3,-4.022368,False
coreg,2,DataSet_04_003,CHCHD3,A2M,-2.70044,False
coreg,2,DataSet_04_004,CIZ1,ABCB8,-1.506665,False
coreg,2,DataSet_04_006,DDX59,ABCC13,-1.343954,False
coreg,2,DataSet_04_010,FUBP1,DSC3,-1.906891,False
coreg,2,DataSet_04_011,FUBP3,ABCC6P2,-1.384664,False
coreg,2,DataSet_04_012,MARK2,ABCB10,-1.861522,False
coreg,2,DataSet_04_015,NKRF,ABCC2,-2.378512,True
coreg,2,DataSet_04_016,NUP35,ABCA9,-2.887525,False
coreg,2,DataSet_04_018,RPS3,BST1,-3.342392,False
coreg,2,DataSet_04_019,SMAD2,ADCY9,-1.649093,True
coreg,2,DataSet_04_020,SMAD4,ATP8A1,-3.104337,True
coreg,2,DataSet_04_022,STAT1,NPR1,-4.285402,True
coreg,2,DataSet_04_024,YBX1,CABLES1,-1.432959,True
coreg,2,DataSet_04_026,ANXA2,IRF4,-3.584963,False
coreg,2,DataSet_04_028,CIZ1,ABHD1,-1.584963,False
coreg,2,DataSet_04_032,FUBP1,PDZK1IP1,-2.219445,False
coreg,2,DataSet_04_036,SMAD2,DDR2,-0.8259706,True
coreg,2,DataSet_04_037,SMAD4,MSTN,-1.137504,True
coreg,2,DataSet_04_039,SRPK2,MGAM,-2.152003,False
coreg,2,DataSet_04_041,YBX1,FBXO32,-1.061029,True
logfc,0,DataSet_01_006,PROX1,PDX1,-1.14391,True
logfc,0,DataSet_01_007,NR2F2,CYP11B1,-1.35385,True
logfc,0,DataSet_01_008,WT1,LDLR,-0.9655,True
logfc,0,DataSet_01_010,TP53,CDKN1A,-3.43627,True
logfc,0,DataSet_01_011,TP53,TNF,-0.28141,True
logfc,0,DataSet_01_012,FLI1,STAT6,-1.46589,True
logfc,0,DataSet_01_013,FLI1,IRS2,-2.16578,True
logfc,0,DataSet_01_014,FLI1,EBP,-1.6345,True
logfc,0,DataSet_01_015,FLI1,ELN,-1.09911,True
logfc,0,DataSet_01_016,FLI1,MLH1,-1.25095,True
logfc,0,DataSet_01_017,ERG,BLK,-2.30154,True
logfc,0,DataSet_01_018,YY1,FGF21,-1.61358,True
logfc,0,DataSet_01_021,STAT1,IL1B,-1.3675,True
logfc,0,DataSet_01_025,MITF,NTRK1,-1.08492,True
logfc,0,DataSet_01_026,PAX3,DKK1,-0.90186,True
logfc,0,DataSet_01_027,PAX3,SIRT1,-1.06525,True
logfc,0,DataSet_01_029,ATM,TNF,-1.22626,False
logfc,0,DataSet_01_030,RELA,CCL2,-1.87064,True
logfc,0,DataSet_01_031,TP53,CDKN1A,-1.28554,True
logfc,0,DataSet_01_033,ATF3,CD34,-1.7015,True
logfc,0,DataSet_01_034,EGR3,PLAC1,-1.88206,True
logfc,0,DataSet_01_036,ETV1,GDF10,-1.70206,True
logfc,0,DataSet_01_037,TP53,MYC,-0.55818,True
logfc,0,DataSet_01_038,TP53,CDKN1A,-1.895,True
logfc,0,DataSet_01_042,POU5F1,HMOX1,-0.92423,True
logfc,0,DataSet_01_043,CBFB,IL10,-1.7866,False
logfc,0,DataSet_01_044,MYB,ACHE,-1.93558,True
logfc,0,DataSet_01_045,PRDM14,STMN1,-1.13599,False
logfc,0,DataSet_01_049,STAT3,FGF2,-2.92148,True
logfc,0,DataSet_01_051,RARA,CCL2,-1.20137,True
logfc,0,DataSet_01_053,TFAP2C,IGFBP5,-2.26553,True
logfc,0,DataSet_01_058,BACH1,CRMP1,-1.77519,True
logfc,0,DataSet_01_059,BACH1,CHAC1,-1.21744,True
logfc,0,DataSet_01_060,NFE2L2,GCLC,-2.89812,True
logfc,0,DataSet_01_068,TP53,CDKN1A,-1.42339,True
logfc,0,DataSet_01_071,ELF5,RAD51C,-1.2196,True
logfc,0,DataSet_01_073,ZNF148,RCN1,-1.34045,True
logfc,0,DataSet_01_074,CEBPD,ATF3,-1.50728,True
logfc,0,DataSet_01_075,CEBPZ,SLC3A2,-1.4809,True
logfc,0,DataSet_01_076,ETS1,CITED2,-1.37591,True
logfc,0,DataSet_01_077,FOXM1,EGR1,-1.56197,True
logfc,0,DataSet_01_078,HSF2,SERPINF1,-1.46803,True
logfc,0,DataSet_01_079,MITF,KRT14,-2.41062,True
logfc,0,DataSet_01_080,RELA,GADD45A,-0.99133,True
logfc,0,DataSet_01_081,SP1,ERBB2,-0.82619,True
logfc,0,DataSet_01_082,SP100,CAMTA2,-1.41698,False
logfc,0,DataSet_01_083,STAT1,PCK2,-1.57745,True
logfc,0,DataSet_01_084,STAT3,SNAI2,-1.97313,True
logfc,0,DataSet_01_085,STAT6,DDIT4,-1.0355,True
logfc,0,DataSet_01_086,HIF1A,CXCR4,-1.25151,True
logfc,0,DataSet_01_088,FOXP1,FGF16,-1.36259,True
logfc,0,DataSet_01_089,NR2F2,CYP1A1,-3.19671,True
logfc,0,DataSet_01_090,NR2F2,SDC4,-1.00768,True
logfc,0,DataSet_01_091,ETV6,CTSG,-1.18855,True
logfc,0,DataSet_01_094,NANOG,MYC,-1.30261,True
logfc,0,DataSet_01_095,POU5F1,MYC,-1.08006,True
logfc,0,DataSet_01_096,SOX2,EGR1,-1.27686,True
logfc,0,DataSet_01_098,SALL4,IFIT3,-1.36506,True
logfc,0,DataSet_01_099,FOS,BCL2,-1.08893,True
logfc,0,DataSet_01_101,IRF6,IL7,-1.60788,True
logfc,0,DataSet_01_103,HNF1B,IGFBP7,-1.05614,True
logfc,0,DataSet_01_105,FOXA1,HLA-DQB1,-1.70244,True
logfc,0,DataSet_01_112,HSF1,MMP10,-1.15881,True
logfc,0,DataSet_01_114,ARID1A,C6orf114,-1.07961,True
logfc,0,DataSet_01_117,ID1,TH,-1.39558,True
logfc,0,DataSet_01_118,ID1,NOS2,-2.48868,True
logfc,0,DataSet_01_121,ZIC2,TRIM29,-3.1747,True
logfc,0,DataSet_01_123,ZNF91,POSTN,-2.28106,True
logfc,0,DataSet_01_127,ZNF254,CALB1,-1.42449,False
logfc,0,DataSet_01_128,ZNF431,C6orf115,-1.31197,False
logfc,0,DataSet_01_132,EGR4,GPR161,-1.11218,True
logfc,0,DataSet_01_135,SPDEF,SULF1,-1.05296,True
logfc,0,DataSet_01_136,REST,F3,-0.38495,True
logfc,0,DataSet_01_138,IKZF1,CNTFR,-1.02287,True
logfc,0,DataSet_01_139,POLR3A,GPR135,-1.57101,False
logfc,0,DataSet_01_142,LEF1,HSPB1,-0.55558,True
logfc,0,DataSet_01_145,REST,VCAN,-1.06243,True
logfc,0,DataSet_01_147,EHF,IL19,-1.88643,True
logfc,0,DataSet_01_148,MYBL2,MMP9,-1.48879,True
logfc,0,DataSet_01_149,ETS2,CXCL10,-0.79667,True
logfc,0,DataSet_01_150,TFAP2C,CDKN1A,-2.60495,True
logfc,0,DataSet_01_151,TEAD4,ZBED2,-1.65466,True
logfc,0,DataSet_01_153,LIN28B,AGPAT9,-2.19643,False
logfc,0,DataSet_01_154,STAT1,SPI1,-1.19679,True
logfc,0,DataSet_01_155,HSF1,HSPB1,-2.24628,True
logfc,0,DataSet_01_156,HIF1A,VEGFA,-0.45061,True
logfc,0,DataSet_01_162,ELK1,GADD45G,-1.75092,True
logfc,0,DataSet_01_164,JUN,IL6,-4.14747,True
logfc,0,DataSet_01_165,MAF,ID1,-8.42084,True
logfc,0,DataSet_01_166,NFATC3,ZFHX2,-1.78219,True
logfc,0,DataSet_01_168,STAT3,CDKN2B,-1.81131,True
logfc,0,DataSet_01_169,HOXB7,IL15,-2.6076,True
logfc,0,DataSet_01_170,HOXB7,ROS1,-2.05133,True
logfc,0,DataSet_01_171,FOSL1,TXNIP,-1.41081,True
logfc,0,DataSet_01_173,ESRRG,HMGCS1,-1.14912,True
logfc,0,DataSet_01_175,TP53,CCND1,-0.58349,True
logfc,0,DataSet_01_176,NR2F2,AXIN1,-0.91551,True
logfc,0,DataSet_01_177,NR2F2,AXIN1,-1.05668,True
logfc,0,DataSet_01_180,STAT3,SPP1,-0.94711,True
logfc,0,DataSet_01_183,TP63,TAGLN,-1.01145,True
logfc,0,DataSet_01_184,STAT3,MUC1,-1.33919,True
logfc,0,DataSet_01_185,TCF4,IGF2,-1.96251,True
logfc,0,DataSet_01_189,SPDEF,CAV1,-1.03593,True
logfc,0,DataSet_01_192,AR,MYC,-0.88226,True
logfc,0,DataSet_01_196,TP63,KIT,-1.3266,True
logfc,0,DataSet_01_198,TP63,KRT14,-1.73695,True
logfc,0,DataSet_01_200,TP63,IL3,-1.22588,True
logfc,0,DataSet_01_203,XBP1,ACTA1,-2.59759,True
logfc,0,DataSet_01_204,XBP1,TNFRSF11A,-1.44931,True
logfc,0,DataSet_01_211,REST,CD40LG,-1.89623,True
logfc,0,DataSet_01_213,SOX11,ASAP2,-1.65471,True
logfc,0,DataSet_01_214,BCLAF1,ABCA12,-1.26748,True
logfc,0,DataSet_01_217,TAL1,HBE1,-2.22141,True
logfc,0,DataSet_01_218,PTEN,IL1B,-1.7973,False
logfc,0,DataSet_01_220,HIF1A,FN1,-0.52716,True
logfc,0,DataSet_01_222,KLF9,NFE2,-2.78267,True
logfc,0,DataSet_01_223,FOXM1,ACTA2,-1.8895,True
logfc,0,DataSet_01_224,HIF1A,PTGS2,-1.20905,True
logfc,0,DataSet_01_226,KLF2,UCP1,-1.72766,True
logfc,0,DataSet_01_228,HIF1A,VEGFA,-0.17853,True
logfc,0,DataSet_01_233,FOXA1,IGF1,-1.42019,True
logfc,0,DataSet_01_238,NFYB,ALPP,-2.43501,True
logfc,0,DataSet_01_244,ETS1,FN1,-2.6395,True
logfc,0,DataSet_01_246,TLX1,CCR4,-1.52782,True
logfc,0,DataSet_01_247,GATA6,BSG,-1.14774,True
logfc,0,DataSet_01_248,SMAD2,LPIN1,-1.46096,True
logfc,0,DataSet_01_255,YBX1,CA9,-1.44472,True
logfc,0,DataSet_01_256,YBX1,CSF2,-1.4077,True
logfc,0,DataSet_01_257,YBX1,GSN,-1.33626,True
logfc,0,DataSet_01_258,YBX1,GADD45G,-1.48838,True
logfc,0,DataSet_01_260,SOX4,LEF1,-2.9071,True
logfc,0,DataSet_01_261,NFKB2,CSF2,-1.0942,True
logfc,0,DataSet_01_267,FOXO3,GNRHR,-1.85094,True
logfc,0,DataSet_01_269,SIX4,KPNA3,-3.3036,True
logfc,0,DataSet_01_276,PTEN,BGLAP,-0.19172,False
logfc,0,DataSet_01_277,SALL4,IFITM3,-1.98007,True
logfc,0,DataSet_01_280,ESRRA,TSC22D3,-1.9072,True
logfc,0,DataSet_01_281,MSX1,BMP2,-4.13994,True
logfc,0,DataSet_01_282,IRF7,EDN1,-0.62289,True
logfc,0,DataSet_01_283,AHR,MMP1,-1.79474,True
logfc,0,DataSet_01_293,POSTN,DKK1,-3.35286,False
logfc,0,DataSet_01_295,TFAP4,TLE2,-3.08592,True
logfc,0,DataSet_01_299,SOX7,NOS1AP,-1.88341,True
logfc,0,DataSet_01_300,SOX17,EBF1,-2.07837,True
logfc,0,DataSet_01_301,PTEN,IL17A,-1.97313,False
logfc,0,DataSet_01_302,PTEN,CEBPA,-1.59701,False
logfc,0,DataSet_01_303,PTEN,IL5,-2.51856,False
logfc,0,DataSet_01_304,ETV5,SIX1,-1.13048,True
logfc,0,DataSet_01_305,HOXA5,PI3,-1.47101,True
logfc,0,DataSet_01_306,NR2E1,PSRC1,-1.1036,True
logfc,0,DataSet_01_308,SOX9,GADD45A,-1.0733,True
logfc,0,DataSet_01_309,SOX9,GADD45A,-1.0733,True
logfc,0,DataSet_01_312,TFAP2C,PHGDH,-1.3919,True
logfc,0,DataSet_01_313,OVOL2,PTGS2,-1.56472,False
logfc,0,DataSet_01_318,ELK3,SDPR,-2.82256,True
logfc,0,DataSet_01_324,MYC,CCND1,-0.65389,True
logfc,0,DataSet_01_327,TP63,SERPINE1,-2.09014,True
logfc,0,DataSet_01_330,TP63,SERPINE1,-2.09014,True
logfc,0,DataSet_01_332,TOX,CD5,-1.1606,True
logfc,0,DataSet_01_333,HOXC6,THBS2,-2.31329,True
logfc,0,DataSet_01_336,GRHL3,ALDH3B2,-3.13879,True
logfc,0,DataSet_01_337,REST,IL1B,-1.41965,True
logfc,0,DataSet_01_338,REST,GPRC5A,-1.05834,True
logfc,0,DataSet_01_339,KLF4,CDK1,-0.53831,True
logfc,0,DataSet_01_340,KLF7,ITGB3,-1.53261,True
logfc,0,DataSet_01_342,KLF7,PSG7,-1.869,True
logfc,0,DataSet_01_347,GATA3,IGFBP3,-1.35032,True
logfc,0,DataSet_01_348,HIF1A,NOS2,-1.95459,True
logfc,0,DataSet_01_349,SOX2,SERPINE1,-1.61238,True
logfc,0,DataSet_01_354,ELK1,ZNF354C,-1.41834,True
logfc,0,DataSet_01_356,ETV4,IL1R2,-1.64145,True
logfc,0,DataSet_01_357,CDX2,GATA3,-1.33043,True
logfc,0,DataSet_01_360,SOX17,LTB,-1.73515,True
logfc,0,DataSet_02_001,DROSHA,LOC440434,-1.07964,False
logfc,0,DataSet_02_007,PTBP1,NEK11,-1.13465,False
logfc,0,DataSet_02_009,POLR2G,GCKR,-2.18057,False
logfc,0,DataSet_02_012,SRSF4,ABCB1,-1.48938,False
logfc,0,DataSet_02_013,SRSF9,ADAP2,-2.36923,False
logfc,0,DataSet_02_015,HOXB9,ZAP70,-1.13409,True
logfc,0,DataSet_02_016,JUND,MUC4,-1.24868,True
logfc,0,DataSet_02_018,STAT2,FGD2,-1.70695,True
logfc,0,DataSet_02_023,STAT1,F3,-1.73697,True
logfc,0,DataSet_02_025,USF2,LGALS3BP,-1.94981,True
logfc,0,DataSet_02_026,USF1,CX3CL1,-1.85244,True
logfc,0,DataSet_02_032,NFE2L1,ALOX5,-1.56167,True
logfc,0,DataSet_02_033,TEAD2,SNRPN,-2.60666,True
logfc,0,DataSet_02_039,RELA,AR,-1.41504,True
logfc,0,DataSet_02_040,TEAD4,ZFP91-CNTF,-1.58232,True
logfc,0,DataSet_02_042,SP2,MCF2L,-2.02106,True
logfc,0,DataSet_02_044,ZC3H11A,PRSS45,-1.69188,False
logfc,0,DataSet_02_048,SMAD5,DENND1C,-1.81523,True
logfc,0,DataSet_02_051,HDAC8,PPAPDC1B,-1.18231,False
logfc,0,DataSet_02_053,TLE2,NXPH1,-2.72247,False
logfc,0,DataSet_02_054,ATF3,HNF1A,-1.80735,True
logfc,0,DataSet_02_055,DLX1,C17orf97,-1.24793,True
logfc,0,DataSet_02_058,HMBOX1,PAWR,-1.35755,False
logfc,0,DataSet_02_061,RFX5,KIAA1683,-1.58967,True
logfc,0,DataSet_02_063,TRIM28,GADD45B,-1.45996,True
logfc,0,DataSet_02_071,TFDP1,LILRA6,-2.45317,True
logfc,0,DataSet_02_075,HMGA1,LCK,-1.98751,True
logfc,0,DataSet_02_078,SIX5,GIMAP1,-1.39232,False
logfc,0,DataSet_02_079,HMGN1,PTPRZ1,-1.48543,False
logfc,0,DataSet_02_082,ZBTB33,LRRN3,-1.43741,True
logfc,0,DataSet_02_088,ILF2,GFPT2,-2.66297,False
logfc,0,DataSet_02_090,SRSF9,DPF1,-1.01367,False
logfc,0,DataSet_02_091,HNRNPK,AGXT,-1.57811,False
logfc,0,DataSet_02_096,HNRNPL,SLC5A11,-2.41504,False
logfc,0,DataSet_02_097,U2AF1,CP,-1.29544,False
logfc,0,DataSet_02_099,PSIP1,CHRNA3,-2.0,False
logfc,0,DataSet_02_100,RBM17,BIRC3,-1.95341,False
logfc,0,DataSet_02_101,RBFOX2,SATB1,-1.90442,False
logfc,0,DataSet_02_103,FIP1L1,UGT2B4,-1.32443,False
logfc,0,DataSet_02_104,HDGF,COL20A1,-3.16993,True
logfc,0,DataSet_02_105,U2AF2,GPC2,-1.05821,False
logfc,0,DataSet_02_107,SSB,ARHGDIG,-2.37851,False
logfc,0,DataSet_02_108,ZNF622,TLX1,-2.926,False
logfc,0,DataSet_02_110,GTF2F1,SCG3,-3.0,False
logfc,0,DataSet_02_111,RBM39,ZFP91-CNTF,-1.54432,False
logfc,0,DataSet_02_114,XRCC5,DSCR9,-1.34792,False
logfc,0,DataSet_02_115,PCBP1,CHRND,-2.85798,False
logfc,0,DataSet_02_117,SUB1,MYB,-3.04439,False
logfc,0,DataSet_02_120,PTBP1,LIPE,-1.35364,False
logfc,0,DataSet_02_121,RBM34,ADCY4,-1.51457,False
logfc,0,DataSet_02_123,PCBP2,TGFB2,-1.06711,False
logfc,0,DataSet_02_124,FUS,ALB,-1.83521,False
logfc,0,DataSet_02_126,SNRNP70,HIST2H2AC,-2.09882,False
logfc,0,DataSet_02_128,PRPF4,RASGRP2,-1.62149,False
logfc,0,DataSet_02_130,POLR2G,RNASE4,-2.20163,False
logfc,0,DataSet_02_131,PTBP1,ADAMTS13,-1.76553,False
logfc,0,DataSet_02_133,SRSF7,GRIK5,-1.83289,False
logfc,0,DataSet_02_136,HNRNPK,DPEP2,-1.71945,False
logfc,0,DataSet_02_137,PCBP1,WBSCR27,-2.6845,False
logfc,0,DataSet_02_138,RBM17,DNAH10,-1.53051,False
logfc,0,DataSet_02_139,RBFOX2,ACTA2,-2.04836,False
logfc,0,DataSet_02_140,TAF15,DCTPP1,-1.00969,False
logfc,0,DataSet_02_141,RBM34,CHST7,-1.73697,False
logfc,0,DataSet_02_144,PTBP1,NGEF,-2.1375,False
logfc,0,DataSet_02_145,DROSHA,ADAM33,-1.58496,False
logfc,0,DataSet_02_147,FIP1L1,SYS1-DBNDD2,-2.20811,False
logfc,0,DataSet_02_148,ILF3,KLF2,-1.19265,False
logfc,0,DataSet_02_151,RBM39,TCL1A,-1.71049,False
logfc,0,DataSet_02_152,ILF2,STRA6,-2.05063,False
logfc,0,DataSet_02_154,SRSF4,DYDC2,-1.40808,False
logfc,0,DataSet_02_155,FUS,GCK,-2.32193,False
logfc,0,DataSet_02_156,HNRNPUL1,GALR3,-1.62803,False
logfc,0,DataSet_02_157,GTF2F1,CTSE,-3.45943,False
logfc,0,DataSet_02_158,PSIP1,TGFB2,-2.36257,False
logfc,0,DataSet_02_159,XRCC5,DUOX1,-1.078,False
logfc,0,DataSet_02_160,HNRNPL,ATP2C2,-2.0,False
logfc,0,DataSet_02_161,SUB1,SCNN1A,-3.80735,False
logfc,0,DataSet_02_164,SSB,C20orf195,-1.24101,False
logfc,0,DataSet_02_168,RBM22,GATM,-1.21573,False
logfc,0,DataSet_02_170,U2AF2,PPIL6,-1.60666,False
logfc,0,DataSet_02_172,ZFX,NOTUM,-1.76553,True
logfc,0,DataSet_02_175,LMNA,ABRA,-1.0,False
logfc,0,DataSet_02_185,CTCF,CRYAA,-1.26303,True
logfc,0,DataSet_02_190,RAD21,FBLN5,-2.75489,False
logfc,0,DataSet_02_192,MAX,CYP2A6,-1.07529,True
logfc,0,DataSet_02_195,LMNB1,TRIM63,-1.03847,False
logfc,0,DataSet_02_206,ZFX,MYBPH,-2.39232,True
logfc,0,DataSet_03_002,AKT1,BMP4,-0.4426957,False
logfc,0,DataSet_03_004,AR,INS,-1.78958,True
logfc,0,DataSet_03_005,AR,IFNG,-1.510195,True
logfc,0,DataSet_03_007,AR,VEGFA,-0.3802072,True
logfc,0,DataSet_03_013,ARID1A,NANOS1,-1.253013,True
logfc,0,DataSet_03_017,ATF3,GAL,-1.190417,True
logfc,0,DataSet_03_018,ATF4,ANKRD1,-2.475462,True
logfc,0,DataSet_03_021,BAG1,AGR2,-2.333704,False
logfc,0,DataSet_03_022,BATF3,CD244,-0.805012,False
logfc,0,DataSet_03_026,BCL6,LCN2,-1.070222,True
logfc,0,DataSet_03_031,CASP8AP2,CALD1,-1.077442,False
logfc,0,DataSet_03_035,CCNB1,BAX,-1.009049,False
logfc,0,DataSet_03_049,CEBPB,CEBPA,-2.392704,True
logfc,0,DataSet_03_056,CTCF,F2R,-1.004206,True
logfc,0,DataSet_03_059,CTNNB1,BRCA1,-1.302954,True
logfc,0,DataSet_03_060,E2F1,PTGS2,-0.7043208,True
logfc,0,DataSet_03_063,E2F7,TPCN2,-1.453073,True
logfc,0,DataSet_03_065,EP300,CYP11A1,-1.74505,True
logfc,0,DataSet_03_066,ERBB2,BAX,-0.5420093,False
logfc,0,DataSet_03_073,ETS1,EGR1,-1.223214,True
logfc,0,DataSet_03_074,ETS1,MMP10,-1.191667,True
logfc,0,DataSet_03_075,ETV6,ELOVL7,-1.245988,True
logfc,0,DataSet_03_078,FLI1,KIT,-1.498236,True
logfc,0,DataSet_03_080,FOXA1,MYB,-1.408682,True
logfc,0,DataSet_03_085,FOXD1,CDC20,-1.840012,True
logfc,0,DataSet_03_087,FOXF2,PPP1R15A,-1.014571,True
logfc,0,DataSet_03_089,FOXK1,FGG,-1.167453,False
logfc,0,DataSet_03_090,FOXM1,CCNB1,-2.531473,True
logfc,0,DataSet_03_091,FOXM1,CYP1A1,-0.8479969,True
logfc,0,DataSet_03_093,FOXM1,NPPA,-0.588815,True
logfc,0,DataSet_03_096,FOXO1,ACP5,-3.494476,True
logfc,0,DataSet_03_100,GATA2,GFI1,-1.421988,True
logfc,0,DataSet_03_108,GATA6,KLF1,-1.111825,True
logfc,0,DataSet_03_110,GATA6,NKX2-2,-1.084017,True
logfc,0,DataSet_03_113,GRHL3,XKRX,-1.838214,True
logfc,0,DataSet_03_114,HDAC3,PSENEN,-0.9728123,True
logfc,0,DataSet_03_116,HES6,IFIT3,-1.137362,True
logfc,0,DataSet_03_117,HES6,CXCL10,-1.003823,True
logfc,0,DataSet_03_119,HIF1A,CXCR4,-0.9794377,True
logfc,0,DataSet_03_122,HINFP,CYP1B1,-1.048923,True
logfc,0,DataSet_03_123,HINFP,TSPAN7,-1.663569,True
logfc,0,DataSet_03_124,HMGA1,TGFBI,-1.676222,True
logfc,0,DataSet_03_127,HOXB7,UGDH,-1.273878,True
logfc,0,DataSet_03_128,HOXC4,SYT11,-1.791702,False
logfc,0,DataSet_03_129,HSF1,HSPB1,-0.88935,True
logfc,0,DataSet_03_143,JUN,IL6,-1.444525,True
logfc,0,DataSet_03_148,KLF5,NGFR,-1.282815,True
logfc,0,DataSet_03_149,KLF5,KLF1,-1.806991,True
logfc,0,DataSet_03_150,KLF5,FGF18,-1.357914,True
logfc,0,DataSet_03_151,KLF5,MAFB,-1.894253,True
logfc,0,DataSet_03_155,MAFB,CXCL1,-2.156667,True
logfc,0,DataSet_03_165,MITF,CDH1,-1.097026,True
logfc,0,DataSet_03_168,MITF,PMAIP1,-1.347842,True
logfc,0,DataSet_03_173,MYB,CCNA2,-1.039333,True
logfc,0,DataSet_03_178,MYC,CDKN2A,0.08269203,True
logfc,0,DataSet_03_189,NCOA1,APPBP2,-3.938316,True
logfc,0,DataSet_03_190,NCOA2,NF2,-2.814458,True
logfc,0,DataSet_03_191,NCOA3,MYCN,-1.081353,True
logfc,0,DataSet_03_192,NCOR1,LAMA1,-0.7950583,True
logfc,0,DataSet_03_199,NMI,AGR3,-1.827561,False
logfc,0,DataSet_03_200,NPAT,CA9,-1.300555,False
logfc,0,DataSet_03_201,NPAT,BIRC3,-1.463756,False
logfc,0,DataSet_03_202,NR2F2,FABP2,-1.57998,True
logfc,0,DataSet_03_205,PARK7,CCNA2,-1.049202,True
logfc,0,DataSet_03_207,PBX1,ANXA1,-0.8889322,True
logfc,0,DataSet_03_208,PBX1,CCNA1,-1.060419,True
logfc,0,DataSet_03_209,PBX1,TIMP3,-1.128183,True
logfc,0,DataSet_03_211,PHB,DUSP2,-3.304458,False
logfc,0,DataSet_03_214,PPARG,IL2,-0.73,True
logfc,0,DataSet_03_217,PRRX1,C7orf33,-1.515383,True
logfc,0,DataSet_03_220,RBL2,ASCL1,-1.07476,False
logfc,0,DataSet_03_221,RCHY1,RIPK1,-4.331123,False
logfc,0,DataSet_03_222,RELA,IL6,-1.069643,True
logfc,0,DataSet_03_223,RELA,IL6,-1.407143,True
logfc,0,DataSet_03_225,RELB,VEGFA,-1.689628,True
logfc,0,DataSet_03_228,REST,FST,-0.859603,True
logfc,0,DataSet_03_229,SATB1,HSP90AA1,-1.403187,True
logfc,0,DataSet_03_232,SKP2,ID1,-1.03153,False
logfc,0,DataSet_03_235,SMARCA4,BRCA1,-2.780415,True
logfc,0,DataSet_03_236,SMARCC1,ACTG2,-2.595727,True
logfc,0,DataSet_03_237,SOX11,CYP4F2,-2.310093,True
logfc,0,DataSet_03_238,SOX11,KRTAP7-1,-3.16829,True
logfc,0,DataSet_03_239,SOX11,TMSB15A,-2.062192,True
logfc,0,DataSet_03_241,SOX2,TNFSF10,-1.112079,True
logfc,0,DataSet_03_242,SOX2,KLF4,-1.383073,True
logfc,0,DataSet_03_244,SOX2,SPP1,-4.220582,True
logfc,0,DataSet_03_246,SOX4,MUC2,-1.274622,True
logfc,0,DataSet_03_249,SP1,CDKN2B,-0.8604229,True
logfc,0,DataSet_03_251,SP1,COL1A2,-2.87129,True
logfc,0,DataSet_03_253,SPIB,CXCL10,-1.279451,True
logfc,0,DataSet_03_255,SSRP1,CYSLTR2,-1.78415,True
logfc,0,DataSet_03_256,STAT1,ASCL1,-0.9928977,True
logfc,0,DataSet_03_258,STAT3,SST,-1.740636,True
logfc,0,DataSet_03_259,STAT3,HGF,-0.5413977,True
logfc,0,DataSet_03_260,STAT3,CDH1,-1.017612,True
logfc,0,DataSet_03_261,STAT3,IGFBP1,-1.134741,True
logfc,0,DataSet_03_262,STAT3,CYP7A1,-0.2263499,True
logfc,0,DataSet_03_264,STAT6,GC,-1.959358,True
logfc,0,DataSet_03_267,TCF7L1,FRG2C,-2.415711,True
logfc,0,DataSet_03_271,TET2,NFIA,-1.06816,False
logfc,0,DataSet_03_273,TET3,DHRS11,-1.0768,False
logfc,0,DataSet_03_274,TFAP2C,CDH3,-1.886637,True
logfc,0,DataSet_03_275,TFE3,VWA5B1,-1.442686,True
logfc,0,DataSet_03_277,TP53,MYC,-0.592954,True
logfc,0,DataSet_03_284,TWIST2,STARD7,-1.464506,True
logfc,0,DataSet_03_287,ZHX2,CDKL5,-1.334718,True
logfc,0,DataSet_03_294,ZNF750,DSCAM,-1.876558,False
logfc,0,DataSet_04_002,CDC5L,USP43,-1.514573,False
logfc,0,DataSet_04_003,CHCHD3,TNS4,-1.115477,False
logfc,0,DataSet_04_004,CIZ1,KATNB1,-1.251779,False
logfc,0,DataSet_04_006,DDX59,CTRC,-1.192645,False
logfc,0,DataSet_04_010,FUBP1,RPS6KA2,-2.070389,False
logfc,0,DataSet_04_011,FUBP3,CYP2D6,-1.222392,False
logfc,0,DataSet_04_012,MARK2,E2F5,-1.302204,False
logfc,0,DataSet_04_015,NKRF,EXOSC7,-1.79059,True
logfc,0,DataSet_04_016,NUP35,ZNF385B,-1.938599,False
logfc,0,DataSet_04_018,RPS3,FAM9C,-2.584963,False
logfc,0,DataSet_04_019,SMAD2,CD274,-1.058894,True
logfc,0,DataSet_04_020,SMAD4,FCER2,-1.652077,True
logfc,0,DataSet_04_022,STAT1,AFP,-1.66172,True
logfc,0,DataSet_04_024,YBX1,GHR,-1.807355,True
logfc,0,DataSet_04_026,ANXA2,ZNF229,-1.554589,False
logfc,0,DataSet_04_028,CIZ1,ADCY10,-1.0,False
logfc,0,DataSet_04_032,FUBP1,GMDS,-1.269764,False
logfc,0,DataSet_04_036,SMAD2,PAPPA,-1.584963,True
logfc,0,DataSet_04_037,SMAD4,SLC5A5,-1.321928,True
logfc,0,DataSet_04_039,SRPK2,KTI12,-1.39256,False
logfc,0,DataSet_04_041,YBX1,MAFA,-2.078003,True
logfc,1,DataSet_01_006,PROX1,PDX1,-1.14391,True
logfc,1,DataSet_01_007,NR2F2,CYP11B1,-1.35385,True
logfc,1,DataSet_01_008,WT1,LDLR,-0.9655,True
logfc,1,DataSet_01_010,TP53,CDKN1A,-3.43627,True
logfc,1,DataSet_01_011,TP53,TNF,-0.28141,True
logfc,1,DataSet_01_012,FLI1,STAT6,-1.46589,True
logfc,1,DataSet_01_013,FLI1,IRS2,-2.16578,True
logfc,1,DataSet_01_014,FLI1,EBP,-1.6345,True
logfc,1,DataSet_01_015,FLI1,ELN,-1.09911,True
logfc,1,DataSet_01_016,FLI1,MLH1,-1.25095,True
logfc,1,DataSet_01_017,ERG,BLK,-2.30154,True
logfc,1,DataSet_01_018,YY1,FGF21,-1.61358,True
logfc,1,DataSet_01_021,STAT1,IL1B,-1.3675,True
logfc,1,DataSet_01_025,MITF,NTRK1,-1.08492,True
logfc,1,DataSet_01_026,PAX3,DKK1,-0.90186,True
logfc,1,DataSet_01_027,PAX3,SIRT1,-1.06525,True
logfc,1,DataSet_01_029,ATM,TNF,-1.22626,False
logfc,1,DataSet_01_030,RELA,CCL2,-1.87064,True
logfc,1,DataSet_01_031,TP53,CDKN1A,-1.28554,True
logfc,1,DataSet_01_033,ATF3,CD34,-1.7015,True
logfc,1,DataSet_01_034,EGR3,PLAC1,-1.88206,True
logfc,1,DataSet_01_036,ETV1,GDF10,-1.70206,True
logfc,1,DataSet_01_037,TP53,MYC,-0.55818,True
logfc,1,DataSet_01_038,TP53,CDKN1A,-1.895,True
logfc,1,DataSet_01_042,POU5F1,HMOX1,-0.92423,True
logfc,1,DataSet_01_043,CBFB,IL10,-1.7866,False
logfc,1,DataSet_01_044,MYB,ACHE,-1.93558,True
logfc,1,DataSet_01_045,PRDM14,STMN1,-1.13599,False
logfc,1,DataSet_01_049,STAT3,FGF2,-2.92148,True
logfc,1,DataSet_01_051,RARA,CCL2,-1.20137,True
logfc,1,DataSet_01_053,TFAP2C,IGFBP5,-2.26553,True
logfc,1,DataSet_01_058,BACH1,CRMP1,-1.77519,True
logfc,1,DataSet_01_059,BACH1,CHAC1,-1.21744,True
logfc,1,DataSet_01_060,NFE2L2,GCLC,-2.89812,True
logfc,1,DataSet_01_068,TP53,CDKN1A,-1.42339,True
logfc,1,DataSet_01_071,ELF5,RAD51C,-1.2196,True
logfc,1,DataSet_01_073,ZNF148,RCN1,-1.34045,True
logfc,1,DataSet_01_074,CEBPD,ATF3,-1.50728,True
logfc,1,DataSet_01_075,CEBPZ,SLC3A2,-1.4809,True
logfc,1,DataSet_01_076,ETS1,CITED2,-1.37591,True
logfc,1,DataSet_01_077,FOXM1,EGR1,-1.56197,True
logfc,1,DataSet_01_078,HSF2,SERPINF1,-1.46803,True
logfc,1,DataSet_01_079,MITF,KRT14,-2.41062,True
logfc,1,DataSet_01_080,RELA,GADD45A,-0.99133,True
logfc,1,DataSet_01_081,SP1,ERBB2,-0.82619,True
logfc,1,DataSet_01_082,SP100,CAMTA2,-1.41698,False
logfc,1,DataSet_01_083,STAT1,PCK2,-1.57745,True
logfc,1,DataSet_01_084,STAT3,SNAI2,-1.97313,True
logfc,1,DataSet_01_085,STAT6,DDIT4,-1.0355,True
logfc,1,DataSet_01_086,HIF1A,CXCR4,-1.25151,True
logfc,1,DataSet_01_088,FOXP1,FGF16,-1.36259,True
logfc,1,DataSet_01_089,NR2F2,CYP1A1,-3.19671,True
logfc,1,DataSet_01_090,NR2F2,SDC4,-1.00768,True
logfc,1,DataSet_01_091,ETV6,CTSG,-1.18855,True
logfc,1,DataSet_01_094,NANOG,MYC,-1.30261,True
logfc,1,DataSet_01_095,POU5F1,MYC,-1.08006,True
logfc,1,DataSet_01_096,SOX2,EGR1,-1.27686,True
logfc,1,DataSet_01_098,SALL4,IFIT3,-1.36506,True
logfc,1,DataSet_01_099,FOS,BCL2,-1.08893,True
logfc,1,DataSet_01_101,IRF6,IL7,-1.60788,True
logfc,1,DataSet_01_103,HNF1B,IGFBP7,-1.05614,True
logfc,1,DataSet_01_105,FOXA1,HLA-DQB1,-1.70244,True
logfc,1,DataSet_01_112,HSF1,MMP10,-1.15881,True
logfc,1,DataSet_01_114,ARID1A,C6orf114,-1.07961,True
logfc,1,DataSet_01_117,ID1,TH,-1.39558,True
logfc,1,DataSet_01_118,ID1,NOS2,-2.48868,True
logfc,1,DataSet_01_121,ZIC2,TRIM29,-3.1747,True
logfc,1,DataSet_01_123,ZNF91,POSTN,-2.28106,True
logfc,1,DataSet_01_127,ZNF254,CALB1,-1.42449,False
logfc,1,DataSet_01_128,ZNF431,C6orf115,-1.31197,False
logfc,1,DataSet_01_132,EGR4,GPR161,-1.11218,True
logfc,1,DataSet_01_135,SPDEF,SULF1,-1.05296,True
logfc,1,DataSet_01_136,REST,F3,-0.38495,True
logfc,1,DataSet_01_138,IKZF1,CNTFR,-1.02287,True
logfc,1,DataSet_01_139,POLR3A,GPR135,-1.57101,False
logfc,1,DataSet_01_142,LEF1,HSPB1,-0.55558,True
logfc,1,DataSet_01_145,REST,VCAN,-1.06243,True
logfc,1,DataSet_01_147,EHF,IL19,-1.88643,True
logfc,1,DataSet_01_148,MYBL2,MMP9,-1.48879,True
logfc,1,DataSet_01_149,ETS2,CXCL10,-0.79667,True
logfc,1,DataSet_01_150,TFAP2C,CDKN1A,-2.60495,True
logfc,1,DataSet_01_151,TEAD4,ZBED2,-1.65466,True
logfc,1,DataSet_01_153,LIN28B,AGPAT9,-2.19643,False
logfc,1,DataSet_01_154,STAT1,SPI1,-1.19679,True
logfc,1,DataSet_01_155,HSF1,HSPB1,-2.24628,True
logfc,1,DataSet_01_156,HIF1A,VEGFA,-0.45061,True
logfc,1,DataSet_01_162,ELK1,GADD45G,-1.75092,True
logfc,1,DataSet_01_164,JUN,IL6,-4.14747,True
logfc,1,DataSet_01_165,MAF,ID1,-8.42084,True
logfc,1,DataSet_01_166,NFATC3,ZFHX2,-1.78219,True
logfc,1,DataSet_01_168,STAT3,CDKN2B,-1.81131,True
logfc,1,DataSet_01_169,HOXB7,IL15,-2.6076,True
logfc,1,DataSet_01_170,HOXB7,ROS1,-2.05133,True
logfc,1,DataSet_01_171,FOSL1,TXNIP,-1.41081,True
logfc,1,DataSet_01_173,ESRRG,HMGCS1,-1.14912,True
logfc,1,DataSet_01_175,TP53,CCND1,-0.58349,True
logfc,1,DataSet_01_176,NR2F2,AXIN1,-0.91551,True
logfc,1,DataSet_01_177,NR2F2,AXIN1,-1.05668,True
logfc,1,DataSet_01_180,STAT3,SPP1,-0.94711,True
logfc,1,DataSet_01_183,TP63,TAGLN,-1.01145,True
logfc,1,DataSet_01_184,STAT3,MUC1,-1.33919,True
logfc,1,DataSet_01_185,TCF4,IGF2,-1.96251,True
logfc,1,DataSet_01_189,SPDEF,CAV1,-1.03593,True
logfc,1,DataSet_01_192,AR,MYC,-0.88226,True
logfc,1,DataSet_01_196,TP63,KIT,-1.3266,True
logfc,1,DataSet_01_198,TP63,KRT14,-1.73695,True
logfc,1,DataSet_01_200,TP63,IL3,-1.22588,True
logfc,1,DataSet_01_203,XBP1,ACTA1,-2.59759,True
logfc,1,DataSet_01_204,XBP1,TNFRSF11A,-1.44931,True
logfc,1,DataSet_01_211,REST,CD40LG,-1.89623,True
logfc,1,DataSet_01_213,SOX11,ASAP2,-1.65471,True
logfc,1,DataSet_01_214,BCLAF1,ABCA12,-1.26748,True
logfc,1,DataSet_01_217,TAL1,HBE1,-2.22141,True
logfc,1,DataSet_01_218,PTEN,IL1B,-1.7973,False
logfc,1,DataSet_01_220,HIF1A,FN1,-0.52716,True
logfc,1,DataSet_01_222,KLF9,NFE2,-2.78267,True
logfc,1,DataSet_01_223,FOXM1,ACTA2,-1.8895,True
logfc,1,DataSet_01_224,HIF1A,PTGS2,-1.20905,True
logfc,1,DataSet_01_226,KLF2,UCP1,-1.72766,True
logfc,1,DataSet_01_228,HIF1A,VEGFA,-0.17853,True
logfc,1,DataSet_01_233,FOXA1,IGF1,-1.42019,True
logfc,1,DataSet_01_238,NFYB,ALPP,-2.43501,True
logfc,1,DataSet_01_244,ETS1,FN1,-2.6395,True
logfc,1,DataSet_01_246,TLX1,CCR4,-1.52782,True
logfc,1,DataSet_01_247,GATA6,BSG,-1.14774,True
logfc,1,DataSet_01_248,SMAD2,LPIN1,-1.46096,True
logfc,1,DataSet_01_255,YBX1,CA9,-1.44472,True
logfc,1,DataSet_01_256,YBX1,CSF2,-1.4077,True
logfc,1,DataSet_01_257,YBX1,GSN,-1.33626,True
logfc,1,DataSet_01_258,YBX1,GADD45G,-1.48838,True
logfc,1,DataSet_01_260,SOX4,LEF1,-2.9071,True
logfc,1,DataSet_01_261,NFKB2,CSF2,-1.0942,True
logfc,1,DataSet_01_267,FOXO3,GNRHR,-1.85094,True
logfc,1,DataSet_01_269,SIX4,KPNA3,-3.3036,True
logfc,1,DataSet_01_276,PTEN,BGLAP,-0.19172,False
logfc,1,DataSet_01_277,SALL4,IFITM3,-1.98007,True
logfc,1,DataSet_01_280,ESRRA,TSC22D3,-1.9072,True
logfc,1,DataSet_01_281,MSX1,BMP2,-4.13994,True
logfc,1,DataSet_01_282,IRF7,EDN1,-0.62289,True
logfc,1,DataSet_01_283,AHR,MMP1,-1.79474,True
logfc,1,DataSet_01_293,POSTN,DKK1,-3.35286,False
logfc,1,DataSet_01_295,TFAP4,TLE2,-3.08592,True
logfc,1,DataSet_01_299,SOX7,NOS1AP,-1.88341,True
logfc,1,DataSet_01_300,SOX17,EBF1,-2.07837,True
logfc,1,DataSet_01_301,PTEN,IL17A,-1.97313,False
logfc,1,DataSet_01_302,PTEN,CEBPA,-1.59701,False
logfc,1,DataSet_01_303,PTEN,IL5,-2.51856,False
logfc,1,DataSet_01_304,ETV5,SIX1,-1.13048,True
logfc,1,DataSet_01_305,HOXA5,PI3,-1.47101,True
logfc,1,DataSet_01_306,NR2E1,PSRC1,-1.1036,True
logfc,1,DataSet_01_308,SOX9,GADD45A,-1.0733,True
logfc,1,DataSet_01_309,SOX9,GADD45A,-1.0733,True
logfc,1,DataSet_01_312,TFAP2C,PHGDH,-1.3919,True
logfc,1,DataSet_01_313,OVOL2,PTGS2,-1.56472,False
logfc,1,DataSet_01_318,ELK3,SDPR,-2.82256,True
logfc,1,DataSet_01_324,MYC,CCND1,-0.65389,True
logfc,1,DataSet_01_327,TP63,SERPINE1,-2.09014,True
logfc,1,DataSet_01_330,TP63,SERPINE1,-2.09014,True
logfc,1,DataSet_01_332,TOX,CD5,-1.1606,True
logfc,1,DataSet_01_333,HOXC6,THBS2,-2.31329,True
logfc,1,DataSet_01_336,GRHL3,ALDH3B2,-3.13879,True
logfc,1,DataSet_01_337,REST,IL1B,-1.41965,True
logfc,1,DataSet_01_338,REST,GPRC5A,-1.05834,True
logfc,1,DataSet_01_339,KLF4,CDK1,-0.53831,True
logfc,1,DataSet_01_340,KLF7,ITGB3,-1.53261,True
logfc,1,DataSet_01_342,KLF7,PSG7,-1.869,True
logfc,1,DataSet_01_347,GATA3,IGFBP3,-1.35032,True
logfc,1,DataSet_01_348,HIF1A,NOS2,-1.95459,True
logfc,1,DataSet_01_349,SOX2,SERPINE1,-1.61238,True
logfc,1,DataSet_01_354,ELK1,ZNF354C,-1.41834,True
logfc,1,DataSet_01_356,ETV4,IL1R2,-1.64145,True
logfc,1,DataSet_01_357,CDX2,GATA3,-1.33043,True
logfc,1,DataSet_01_360,SOX17,LTB,-1.73515,True
logfc,1,DataSet_02_001,DROSHA,LOC440434,-1.07964,False
logfc,1,DataSet_02_007,PTBP1,NEK11,-1.13465,False
logfc,1,DataSet_02_009,POLR2G,GCKR,-2.18057,False
logfc,1,DataSet_02_012,SRSF4,ABCB1,-1.48938,False
logfc,1,DataSet_02_013,SRSF9,ADAP2,-2.36923,False
logfc,1,DataSet_02_015,HOXB9,ZAP70,-1.13409,True
logfc,1,DataSet_02_016,JUND,MUC4,-1.24868,True
logfc,1,DataSet_02_018,STAT2,FGD2,-1.70695,True
logfc,1,DataSet_02_023,STAT1,F3,-1.73697,True
logfc,1,DataSet_02_025,USF2,LGALS3BP,-1.94981,True
logfc,1,DataSet_02_026,USF1,CX3CL1,-1.85244,True
logfc,1,DataSet_02_032,NFE2L1,ALOX5,-1.56167,True
logfc,1,DataSet_02_033,TEAD2,SNRPN,-2.60666,True
logfc,1,DataSet_02_039,RELA,AR,-1.41504,True
logfc,1,DataSet_02_040,TEAD4,ZFP91-CNTF,-1.58232,True
logfc,1,DataSet_02_042,SP2,MCF2L,-2.02106,True
logfc,1,DataSet_02_044,ZC3H11A,PRSS45,-1.69188,False
logfc,1,DataSet_02_048,SMAD5,DENND1C,-1.81523,True
logfc,1,DataSet_02_051,HDAC8,PPAPDC1B,-1.18231,False
logfc,1,DataSet_02_053,TLE2,NXPH1,-2.72247,False
logfc,1,DataSet_02_054,ATF3,HNF1A,-1.80735,True
logfc,1,DataSet_02_055,DLX1,C17orf97,-1.24793,True
logfc,1,DataSet_02_058,HMBOX1,PAWR,-1.35755,False
logfc,1,DataSet_02_061,RFX5,KIAA1683,-1.58967,True
logfc,1,DataSet_02_063,TRIM28,GADD45B,-1.45996,True
logfc,1,DataSet_02_071,TFDP1,LILRA6,-2.45317,True
logfc,1,DataSet_02_075,HMGA1,LCK,-1.98751,True
logfc,1,DataSet_02_078,SIX5,GIMAP1,-1.39232,False
logfc,1,DataSet_02_079,HMGN1,PTPRZ1,-1.48543,False
logfc,1,DataSet_02_082,ZBTB33,LRRN3,-1.43741,True
logfc,1,DataSet_02_088,ILF2,GFPT2,-2.66297,False
logfc,1,DataSet_02_090,SRSF9,DPF1,-1.01367,False
logfc,1,DataSet_02_091,HNRNPK,AGXT,-1.57811,False
logfc,1,DataSet_02_096,HNRNPL,SLC5A11,-2.41504,False
logfc,1,DataSet_02_097,U2AF1,CP,-1.29544,False
logfc,1,DataSet_02_099,PSIP1,CHRNA3,-2.0,False
logfc,1,DataSet_02_100,RBM17,BIRC3,-1.95341,False
logfc,1,DataSet_02_101,RBFOX2,SATB1,-1.90442,False
logfc,1,DataSet_02_103,FIP1L1,UGT2B4,-1.32443,False
logfc,1,DataSet_02_104,HDGF,COL20A1,-3.16993,True
logfc,1,DataSet_02_105,U2AF2,GPC2,-1.05821,False
logfc,1,DataSet_02_107,SSB,ARHGDIG,-2.37851,False
logfc,1,DataSet_02_108,ZNF622,TLX1,-2.926,False
logfc,1,DataSet_02_110,GTF2F1,SCG3,-3.0,False
logfc,1,DataSet_02_111,RBM39,ZFP91-CNTF,-1.54432,False
logfc,1,DataSet_02_114,XRCC5,DSCR9,-1.34792,False
logfc,1,DataSet_02_115,PCBP1,CHRND,-2.85798,False
logfc,1,DataSet_02_117,SUB1,MYB,-3.04439,False
logfc,1,DataSet_02_120,PTBP1,LIPE,-1.35364,False
logfc,1,DataSet_02_121,RBM34,ADCY4,-1.51457,False
logfc,1,DataSet_02_123,PCBP2,TGFB2,-1.06711,False
logfc,1,DataSet_02_124,FUS,ALB,-1.83521,False
logfc,1,DataSet_02_126,SNRNP70,HIST2H2AC,-2.09882,False
logfc,1,DataSet_02_128,PRPF4,RASGRP2,-1.62149,False
logfc,1,DataSet_02_130,POLR2G,RNASE4,-2.20163,False
logfc,1,DataSet_02_131,PTBP1,ADAMTS13,-1.76553,False
logfc,1,DataSet_02_133,SRSF7,GRIK5,-1.83289,False
logfc,1,DataSet_02_136,HNRNPK,DPEP2,-1.71945,False
logfc,1,DataSet_02_137,PCBP1,WBSCR27,-2.6845,False
logfc,1,DataSet_02_138,RBM17,DNAH10,-1.53051,False
logfc,1,DataSet_02_139,RBFOX2,ACTA2,-2.04836,False
logfc,1,DataSet_02_140,TAF15,DCTPP1,-1.00969,False
logfc,1,DataSet_02_141,RBM34,CHST7,-1.73697,False
logfc,1,DataSet_02_144,PTBP1,NGEF,-2.1375,False
logfc,1,DataSet_02_145,DROSHA,ADAM33,-1.58496,False
logfc,1,DataSet_02_147,FIP1L1,SYS1-DBNDD2,-2.20811,False
logfc,1,DataSet_02_148,ILF3,KLF2,-1.19265,False
logfc,1,DataSet_02_151,RBM39,TCL1A,-1.71049,False
logfc,1,DataSet_02_152,ILF2,STRA6,-2.05063,False
logfc,1,DataSet_02_154,SRSF4,DYDC2,-1.40808,False
logfc,1,DataSet_02_155,FUS,GCK,-2.32193,False
logfc,1,DataSet_02_156,HNRNPUL1,GALR3,-1.62803,False
logfc,1,DataSet_02_157,GTF2F1,CTSE,-3.45943,False
logfc,1,DataSet_02_158,PSIP1,TGFB2,-2.36257,False
logfc,1,DataSet_02_159,XRCC5,DUOX1,-1.078,False
logfc,1,DataSet_02_160,HNRNPL,ATP2C2,-2.0,False
logfc,1,DataSet_02_161,SUB1,SCNN1A,-3.80735,False
logfc,1,DataSet_02_164,SSB,C20orf195,-1.24101,False
logfc,1,DataSet_02_168,RBM22,GATM,-1.21573,False
logfc,1,DataSet_02_170,U2AF2,PPIL6,-1.60666,False
logfc,1,DataSet_02_172,ZFX,NOTUM,-1.76553,True
logfc,1,DataSet_02_175,LMNA,ABRA,-1.0,False
logfc,1,DataSet_02_185,CTCF,CRYAA,-1.26303,True
logfc,1,DataSet_02_190,RAD21,FBLN5,-2.75489,False
logfc,1,DataSet_02_192,MAX,CYP2A6,-1.07529,True
logfc,1,DataSet_02_195,LMNB1,TRIM63,-1.03847,False
logfc,1,DataSet_02_206,ZFX,MYBPH,-2.39232,True
logfc,1,DataSet_03_002,AKT1,BMP4,-0.4426957,False
logfc,1,DataSet_03_004,AR,INS,-1.78958,True
logfc,1,DataSet_03_005,AR,IFNG,-1.510195,True
logfc,1,DataSet_03_007,AR,VEGFA,-0.3802072,True
logfc,1,DataSet_03_013,ARID1A,NANOS1,-1.253013,True
logfc,1,DataSet_03_017,ATF3,GAL,-1.190417,True
logfc,1,DataSet_03_018,ATF4,ANKRD1,-2.475462,True
logfc,1,DataSet_03_021,BAG1,AGR2,-2.333704,False
logfc,1,DataSet_03_022,BATF3,CD244,-0.805012,False
logfc,1,DataSet_03_026,BCL6,LCN2,-1.070222,True
logfc,1,DataSet_03_031,CASP8AP2,CALD1,-1.077442,False
logfc,1,DataSet_03_035,CCNB1,BAX,-1.009049,False
logfc,1,DataSet_03_049,CEBPB,CEBPA,-2.392704,True
logfc,1,DataSet_03_056,CTCF,F2R,-1.004206,True
logfc,1,DataSet_03_059,CTNNB1,BRCA1,-1.302954,True
logfc,1,DataSet_03_060,E2F1,PTGS2,-0.7043208,True
logfc,1,DataSet_03_063,E2F7,TPCN2,-1.453073,True
logfc,1,DataSet_03_065,EP300,CYP11A1,-1.74505,True
logfc,1,DataSet_03_066,ERBB2,BAX,-0.5420093,False
logfc,1,DataSet_03_073,ETS1,EGR1,-1.223214,True
logfc,1,DataSet_03_074,ETS1,MMP10,-1.191667,True
logfc,1,DataSet_03_075,ETV6,ELOVL7,-1.245988,True
logfc,1,DataSet_03_078,FLI1,KIT,-1.498236,True
logfc,1,DataSet_03_080,FOXA1,MYB,-1.408682,True
logfc,1,DataSet_03_085,FOXD1,CDC20,-1.840012,True
logfc,1,DataSet_03_087,FOXF2,PPP1R15A,-1.014571,True
logfc,1,DataSet_03_089,FOXK1,FGG,-1.167453,False
logfc,1,DataSet_03_090,FOXM1,CCNB1,-2.531473,True
logfc,1,DataSet_03_091,FOXM1,CYP1A1,-0.8479969,True
logfc,1,DataSet_03_093,FOXM1,NPPA,-0.588815,True
logfc,1,DataSet_03_096,FOXO1,ACP5,-3.494476,True
logfc,1,DataSet_03_100,GATA2,GFI1,-1.421988,True
logfc,1,DataSet_03_108,GATA6,KLF1,-1.111825,True
logfc,1,DataSet_03_110,GATA6,NKX2-2,-1.084017,True
logfc,1,DataSet_03_113,GRHL3,XKRX,-1.838214,True
logfc,1,DataSet_03_114,HDAC3,PSENEN,-0.9728123,True
logfc,1,DataSet_03_116,HES6,IFIT3,-1.137362,True
logfc,1,DataSet_03_117,HES6,CXCL10,-1.003823,True
logfc,1,DataSet_03_119,HIF1A,CXCR4,-0.9794377,True
logfc,1,DataSet_03_122,HINFP,CYP1B1,-1.048923,True
logfc,1,DataSet_03_123,HINFP,TSPAN7,-1.663569,True
logfc,1,DataSet_03_124,HMGA1,TGFBI,-1.676222,True
logfc,1,DataSet_03_127,HOXB7,UGDH,-1.273878,True
logfc,1,DataSet_03_128,HOXC4,SYT11,-1.791702,False
logfc,1,DataSet_03_129,HSF1,HSPB1,-0.88935,True
logfc,1,DataSet_03_143,JUN,IL6,-1.444525,True
logfc,1,DataSet_03_148,KLF5,NGFR,-1.282815,True
logfc,1,DataSet_03_149,KLF5,KLF1,-1.806991,True
logfc,1,DataSet_03_150,KLF5,FGF18,-1.357914,True
logfc,1,DataSet_03_151,KLF5,MAFB,-1.894253,True
logfc,1,DataSet_03_155,MAFB,CXCL1,-2.156667,True
logfc,1,DataSet_03_165,MITF,CDH1,-1.097026,True
logfc,1,DataSet_03_168,MITF,PMAIP1,-1.347842,True
logfc,1,DataSet_03_173,MYB,CCNA2,-1.039333,True
logfc,1,DataSet_03_178,MYC,CDKN2A,0.08269203,True
logfc,1,DataSet_03_189,NCOA1,APPBP2,-3.938316,True
logfc,1,DataSet_03_190,NCOA2,NF2,-2.814458,True
logfc,1,DataSet_03_191,NCOA3,MYCN,-1.081353,True
logfc,1,DataSet_03_192,NCOR1,LAMA1,-0.7950583,True
logfc,1,DataSet_03_199,NMI,AGR3,-1.827561,False
logfc,1,DataSet_03_200,NPAT,CA9,-1.300555,False
logfc,1,DataSet_03_201,NPAT,BIRC3,-1.463756,False
logfc,1,DataSet_03_202,NR2F2,FABP2,-1.57998,True
logfc,1,DataSet_03_205,PARK7,CCNA2,-1.049202,True
logfc,1,DataSet_03_207,PBX1,ANXA1,-0.8889322,True
logfc,1,DataSet_03_208,PBX1,CCNA1,-1.060419,True
logfc,1,DataSet_03_209,PBX1,TIMP3,-1.128183,True
logfc,1,DataSet_03_211,PHB,DUSP2,-3.304458,False
logfc,1,DataSet_03_214,PPARG,IL2,-0.73,True
logfc,1,DataSet_03_217,PRRX1,C7orf33,-1.515383,True
logfc,1,DataSet_03_220,RBL2,ASCL1,-1.07476,False
logfc,1,DataSet_03_221,RCHY1,RIPK1,-4.331123,False
logfc,1,DataSet_03_222,RELA,IL6,-1.069643,True
logfc,1,DataSet_03_223,RELA,IL6,-1.407143,True
logfc,1,DataSet_03_225,RELB,VEGFA,-1.689628,True
logfc,1,DataSet_03_228,REST,FST,-0.859603,True
logfc,1,DataSet_03_229,SATB1,HSP90AA1,-1.403187,True
logfc,1,DataSet_03_232,SKP2,ID1,-1.03153,False
logfc,1,DataSet_03_235,SMARCA4,BRCA1,-2.780415,True
logfc,1,DataSet_03_236,SMARCC1,ACTG2,-2.595727,True
logfc,1,DataSet_03_237,SOX11,CYP4F2,-2.310093,True
logfc,1,DataSet_03_238,SOX11,KRTAP7-1,-3.16829,True
logfc,1,DataSet_03_239,SOX11,TMSB15A,-2.062192,True
logfc,1,DataSet_03_241,SOX2,TNFSF10,-1.112079,True
logfc,1,DataSet_03_242,SOX2,KLF4,-1.383073,True
logfc,1,DataSet_03_244,SOX2,SPP1,-4.220582,True
logfc,1,DataSet_03_246,SOX4,MUC2,-1.274622,True
logfc,1,DataSet_03_249,SP1,CDKN2B,-0.8604229,True
logfc,1,DataSet_03_251,SP1,COL1A2,-2.87129,True
logfc,1,DataSet_03_253,SPIB,CXCL10,-1.279451,True
logfc,1,DataSet_03_255,SSRP1,CYSLTR2,-1.78415,True
logfc,1,DataSet_03_256,STAT1,ASCL1,-0.9928977,True
logfc,1,DataSet_03_258,STAT3,SST,-1.740636,True
logfc,1,DataSet_03_259,STAT3,HGF,-0.5413977,True
logfc,1,DataSet_03_260,STAT3,CDH1,-1.017612,True
logfc,1,DataSet_03_261,STAT3,IGFBP1,-1.134741,True
logfc,1,DataSet_03_262,STAT3,CYP7A1,-0.2263499,True
logfc,1,DataSet_03_264,STAT6,GC,-1.959358,True
logfc,1,DataSet_03_267,TCF7L1,FRG2C,-2.415711,True
logfc,1,DataSet_03_271,TET2,NFIA,-1.06816,False
logfc,1,DataSet_03_273,TET3,DHRS11,-1.0768,False
logfc,1,DataSet_03_274,TFAP2C,CDH3,-1.886637,True
logfc,1,DataSet_03_275,TFE3,VWA5B1,-1.442686,True
logfc,1,DataSet_03_277,TP53,MYC,-0.592954,True
logfc,1,DataSet_03_284,TWIST2,STARD7,-1.464506,True
logfc,1,DataSet_03_287,ZHX2,CDKL5,-1.334718,True
logfc,1,DataSet_03_294,ZNF750,DSCAM,-1.876558,False
logfc,1,DataSet_04_002,CDC5L,USP43,-1.514573,False
logfc,1,DataSet_04_003,CHCHD3,TNS4,-1.115477,False
logfc,1,DataSet_04_004,CIZ1,KATNB1,-1.251779,False
logfc,1,DataSet_04_006,DDX59,CTRC,-1.192645,False
logfc,1,DataSet_04_010,FUBP1,RPS6KA2,-2.070389,False
logfc,1,DataSet_04_011,FUBP3,CYP2D6,-1.222392,False
logfc,1,DataSet_04_012,MARK2,E2F5,-1.302204,False
logfc,1,DataSet_04_015,NKRF,EXOSC7,-1.79059,True
logfc,1,DataSet_04_016,NUP35,ZNF385B,-1.938599,False
logfc,1,DataSet_04_018,RPS3,FAM9C,-2.584963,False
logfc,1,DataSet_04_019,SMAD2,CD274,-1.058894,True
logfc,1,DataSet_04_020,SMAD4,FCER2,-1.652077,True
logfc,1,DataSet_04_022,STAT1,AFP,-1.66172,True
logfc,1,DataSet_04_024,YBX1,GHR,-1.807355,True
logfc,1,DataSet_04_026,ANXA2,ZNF229,-1.554589,False
logfc,1,DataSet_04_028,CIZ1,ADCY10,-1.0,False
logfc,1,DataSet_04_032,FUBP1,GMDS,-1.269764,False
logfc,1,DataSet_04_036,SMAD2,PAPPA,-1.584963,True
logfc,1,DataSet_04_037,SMAD4,SLC5A5,-1.321928,True
logfc,1,DataSet_04_039,SRPK2,KTI12,-1.39256,False
logfc,1,DataSet_04_041,YBX1,MAFA,-2.078003,True
logfc,2,DataSet_01_006,PROX1,PDX1,-1.14391,True
logfc,2,DataSet_01_007,NR2F2,CYP11B1,-1.35385,True
logfc,2,DataSet_01_008,WT1,LDLR,-0.9655,True
logfc,2,DataSet_01_010,TP53,CDKN1A,-3.43627,True
logfc,2,DataSet_01_011,TP53,TNF,-0.28141,True
logfc,2,DataSet_01_012,FLI1,STAT6,-1.46589,True
logfc,2,DataSet_01_013,FLI1,IRS2,-2.16578,True
logfc,2,DataSet_01_014,FLI1,EBP,-1.6345,True
logfc,2,DataSet_01_015,FLI1,ELN,-1.09911,True
logfc,2,DataSet_01_016,FLI1,MLH1,-1.25095,True
logfc,2,DataSet_01_017,ERG,BLK,-2.30154,True
logfc,2,DataSet_01_018,YY1,FGF21,-1.61358,True
logfc,2,DataSet_01_021,STAT1,IL1B,-1.3675,True
logfc,2,DataSet_01_025,MITF,NTRK1,-1.08492,True
logfc,2,DataSet_01_026,PAX3,DKK1,-0.90186,True
logfc,2,DataSet_01_027,PAX3,SIRT1,-1.06525,True
logfc,2,DataSet_01_029,ATM,TNF,-1.22626,False
logfc,2,DataSet_01_030,RELA,CCL2,-1.87064,True
logfc,2,DataSet_01_031,TP53,CDKN1A,-1.28554,True
logfc,2,DataSet_01_033,ATF3,CD34,-1.7015,True
logfc,2,DataSet_01_034,EGR3,PLAC1,-1.88206,True
logfc,2,DataSet_01_036,ETV1,GDF10,-1.70206,True
logfc,2,DataSet_01_037,TP53,MYC,-0.55818,True
logfc,2,DataSet_01_038,TP53,CDKN1A,-1.895,True
logfc,2,DataSet_01_042,POU5F1,HMOX1,-0.92423,True
logfc,2,DataSet_01_043,CBFB,IL10,-1.7866,False
logfc,2,DataSet_01_044,MYB,ACHE,-1.93558,True
logfc,2,DataSet_01_045,PRDM14,STMN1,-1.13599,False
logfc,2,DataSet_01_049,STAT3,FGF2,-2.92148,True
logfc,2,DataSet_01_051,RARA,CCL2,-1.20137,True
logfc,2,DataSet_01_053,TFAP2C,IGFBP5,-2.26553,True
logfc,2,DataSet_01_058,BACH1,CRMP1,-1.77519,True
logfc,2,DataSet_01_059,BACH1,CHAC1,-1.21744,True
logfc,2,DataSet_01_060,NFE2L2,GCLC,-2.89812,True
logfc,2,DataSet_01_068,TP53,CDKN1A,-1.42339,True
logfc,2,DataSet_01_071,ELF5,RAD51C,-1.2196,True
logfc,2,DataSet_01_073,ZNF148,RCN1,-1.34045,True
logfc,2,DataSet_01_074,CEBPD,ATF3,-1.50728,True
logfc,2,DataSet_01_075,CEBPZ,SLC3A2,-1.4809,True
logfc,2,DataSet_01_076,ETS1,CITED2,-1.37591,True
logfc,2,DataSet_01_077,FOXM1,EGR1,-1.56197,True
logfc,2,DataSet_01_078,HSF2,SERPINF1,-1.46803,True
logfc,2,DataSet_01_079,MITF,KRT14,-2.41062,True
logfc,2,DataSet_01_080,RELA,GADD45A,-0.99133,True
logfc,2,DataSet_01_081,SP1,ERBB2,-0.82619,True
logfc,2,DataSet_01_082,SP100,CAMTA2,-1.41698,False
logfc,2,DataSet_01_083,STAT1,PCK2,-1.57745,True
logfc,2,DataSet_01_084,STAT3,SNAI2,-1.97313,True
logfc,2,DataSet_01_085,STAT6,DDIT4,-1.0355,True
logfc,2,DataSet_01_086,HIF1A,CXCR4,-1.25151,True
logfc,2,DataSet_01_088,FOXP1,FGF16,-1.36259,True
logfc,2,DataSet_01_089,NR2F2,CYP1A1,-3.19671,True
logfc,2,DataSet_01_090,NR2F2,SDC4,-1.00768,True
logfc,2,DataSet_01_091,ETV6,CTSG,-1.18855,True
logfc,2,DataSet_01_094,NANOG,MYC,-1.30261,True
logfc,2,DataSet_01_095,POU5F1,MYC,-1.08006,True
logfc,2,DataSet_01_096,SOX2,EGR1,-1.27686,True
logfc,2,DataSet_01_098,SALL4,IFIT3,-1.36506,True
logfc,2,DataSet_01_099,FOS,BCL2,-1.08893,True
logfc,2,DataSet_01_101,IRF6,IL7,-1.60788,True
logfc,2,DataSet_01_103,HNF1B,IGFBP7,-1.05614,True
logfc,2,DataSet_01_105,FOXA1,HLA-DQB1,-1.70244,True
logfc,2,DataSet_01_112,HSF1,MMP10,-1.15881,True
logfc,2,DataSet_01_114,ARID1A,C6orf114,-1.07961,True
logfc,2,DataSet_01_117,ID1,TH,-1.39558,True
logfc,2,DataSet_01_118,ID1,NOS2,-2.48868,True
logfc,2,DataSet_01_121,ZIC2,TRIM29,-3.1747,True
logfc,2,DataSet_01_123,ZNF91,POSTN,-2.28106,True
logfc,2,DataSet_01_127,ZNF254,CALB1,-1.42449,False
logfc,2,DataSet_01_128,ZNF431,C6orf115,-1.31197,False
logfc,2,DataSet_01_132,EGR4,GPR161,-1.11218,True
logfc,2,DataSet_01_135,SPDEF,SULF1,-1.05296,True
logfc,2,DataSet_01_136,REST,F3,-0.38495,True
logfc,2,DataSet_01_138,IKZF1,CNTFR,-1.02287,True
logfc,2,DataSet_01_139,POLR3A,GPR135,-1.57101,False
logfc,2,DataSet_01_142,LEF1,HSPB1,-0.55558,True
logfc,2,DataSet_01_145,REST,VCAN,-1.06243,True
logfc,2,DataSet_01_147,EHF,IL19,-1.88643,True
logfc,2,DataSet_01_148,MYBL2,MMP9,-1.48879,True
logfc,2,DataSet_01_149,ETS2,CXCL10,-0.79667,True
logfc,2,DataSet_01_150,TFAP2C,CDKN1A,-2.60495,True
logfc,2,DataSet_01_151,TEAD4,ZBED2,-1.65466,True
logfc,2,DataSet_01_153,LIN28B,AGPAT9,-2.19643,False
logfc,2,DataSet_01_154,STAT1,SPI1,-1.19679,True
logfc,2,DataSet_01_155,HSF1,HSPB1,-2.24628,True
logfc,2,DataSet_01_156,HIF1A,VEGFA,-0.45061,True
logfc,2,DataSet_01_162,ELK1,GADD45G,-1.75092,True
logfc,2,DataSet_01_164,JUN,IL6,-4.14747,True
logfc,2,DataSet_01_165,MAF,ID1,-8.42084,True
logfc,2,DataSet_01_166,NFATC3,ZFHX2,-1.78219,True
logfc,2,DataSet_01_168,STAT3,CDKN2B,-1.81131,True
logfc,2,DataSet_01_169,HOXB7,IL15,-2.6076,True
logfc,2,DataSet_01_170,HOXB7,ROS1,-2.05133,True
logfc,2,DataSet_01_171,FOSL1,TXNIP,-1.41081,True
logfc,2,DataSet_01_173,ESRRG,HMGCS1,-1.14912,True
logfc,2,DataSet_01_175,TP53,CCND1,-0.58349,True
logfc,2,DataSet_01_176,NR2F2,AXIN1,-0.91551,True
logfc,2,DataSet_01_177,NR2F2,AXIN1,-1.05668,True
logfc,2,DataSet_01_180,STAT3,SPP1,-0.94711,True
logfc,2,DataSet_01_183,TP63,TAGLN,-1.01145,True
logfc,2,DataSet_01_184,STAT3,MUC1,-1.33919,True
logfc,2,DataSet_01_185,TCF4,IGF2,-1.96251,True
logfc,2,DataSet_01_189,SPDEF,CAV1,-1.03593,True
logfc,2,DataSet_01_192,AR,MYC,-0.88226,True
logfc,2,DataSet_01_196,TP63,KIT,-1.3266,True
logfc,2,DataSet_01_198,TP63,KRT14,-1.73695,True
logfc,2,DataSet_01_200,TP63,IL3,-1.22588,True
logfc,2,DataSet_01_203,XBP1,ACTA1,-2.59759,True
logfc,2,DataSet_01_204,XBP1,TNFRSF11A,-1.44931,True
logfc,2,DataSet_01_211,REST,CD40LG,-1.89623,True
logfc,2,DataSet_01_213,SOX11,ASAP2,-1.65471,True
logfc,2,DataSet_01_214,BCLAF1,ABCA12,-1.26748,True
logfc,2,DataSet_01_217,TAL1,HBE1,-2.22141,True
logfc,2,DataSet_01_218,PTEN,IL1B,-1.7973,False
logfc,2,DataSet_01_220,HIF1A,FN1,-0.52716,True
logfc,2,DataSet_01_222,KLF9,NFE2,-2.78267,True
logfc,2,DataSet_01_223,FOXM1,ACTA2,-1.8895,True
logfc,2,DataSet_01_224,HIF1A,PTGS2,-1.20905,True
logfc,2,DataSet_01_226,KLF2,UCP1,-1.72766,True
logfc,2,DataSet_01_228,HIF1A,VEGFA,-0.17853,True
logfc,2,DataSet_01_233,FOXA1,IGF1,-1.42019,True
logfc,2,DataSet_01_238,NFYB,ALPP,-2.43501,True
logfc,2,DataSet_01_244,ETS1,FN1,-2.6395,True
logfc,2,DataSet_01_246,TLX1,CCR4,-1.52782,True
logfc,2,DataSet_01_247,GATA6,BSG,-1.14774,True
logfc,2,DataSet_01_248,SMAD2,LPIN1,-1.46096,True
logfc,2,DataSet_01_255,YBX1,CA9,-1.44472,True
logfc,2,DataSet_01_256,YBX1,CSF2,-1.4077,True
logfc,2,DataSet_01_257,YBX1,GSN,-1.33626,True
logfc,2,DataSet_01_258,YBX1,GADD45G,-1.48838,True
logfc,2,DataSet_01_260,SOX4,LEF1,-2.9071,True
logfc,2,DataSet_01_261,NFKB2,CSF2,-1.0942,True
logfc,2,DataSet_01_267,FOXO3,GNRHR,-1.85094,True
logfc,2,DataSet_01_269,SIX4,KPNA3,-3.3036,True
logfc,2,DataSet_01_276,PTEN,BGLAP,-0.19172,False
logfc,2,DataSet_01_277,SALL4,IFITM3,-1.98007,True
logfc,2,DataSet_01_280,ESRRA,TSC22D3,-1.9072,True
logfc,2,DataSet_01_281,MSX1,BMP2,-4.13994,True
logfc,2,DataSet_01_282,IRF7,EDN1,-0.62289,True
logfc,2,DataSet_01_283,AHR,MMP1,-1.79474,True
logfc,2,DataSet_01_293,POSTN,DKK1,-3.35286,False
logfc,2,DataSet_01_295,TFAP4,TLE2,-3.08592,True
logfc,2,DataSet_01_299,SOX7,NOS1AP,-1.88341,True
logfc,2,DataSet_01_300,SOX17,EBF1,-2.07837,True
logfc,2,DataSet_01_301,PTEN,IL17A,-1.97313,False
logfc,2,DataSet_01_302,PTEN,CEBPA,-1.59701,False
logfc,2,DataSet_01_303,PTEN,IL5,-2.51856,False
logfc,2,DataSet_01_304,ETV5,SIX1,-1.13048,True
logfc,2,DataSet_01_305,HOXA5,PI3,-1.47101,True
logfc,2,DataSet_01_306,NR2E1,PSRC1,-1.1036,True
logfc,2,DataSet_01_308,SOX9,GADD45A,-1.0733,True
logfc,2,DataSet_01_309,SOX9,GADD45A,-1.0733,True
logfc,2,DataSet_01_312,TFAP2C,PHGDH,-1.3919,True
logfc,2,DataSet_01_313,OVOL2,PTGS2,-1.56472,False
logfc,2,DataSet_01_318,ELK3,SDPR,-2.82256,True
logfc,2,DataSet_01_324,MYC,CCND1,-0.65389,True
logfc,2,DataSet_01_327,TP63,SERPINE1,-2.09014,True
logfc,2,DataSet_01_330,TP63,SERPINE1,-2.09014,True
logfc,2,DataSet_01_332,TOX,CD5,-1.1606,True
logfc,2,DataSet_01_333,HOXC6,THBS2,-2.31329,True
logfc,2,DataSet_01_336,GRHL3,ALDH3B2,-3.13879,True
logfc,2,DataSet_01_337,REST,IL1B,-1.41965,True
logfc,2,DataSet_01_338,REST,GPRC5A,-1.05834,True
logfc,2,DataSet_01_339,KLF4,CDK1,-0.53831,True
logfc,2,DataSet_01_340,KLF7,ITGB3,-1.53261,True
logfc,2,DataSet_01_342,KLF7,PSG7,-1.869,True
logfc,2,DataSet_01_347,GATA3,IGFBP3,-1.35032,True
logfc,2,DataSet_01_348,HIF1A,NOS2,-1.95459,True
logfc,2,DataSet_01_349,SOX2,SERPINE1,-1.61238,True
logfc,2,DataSet_01_354,ELK1,ZNF354C,-1.41834,True
logfc,2,DataSet_01_356,ETV4,IL1R2,-1.64145,True
logfc,2,DataSet_01_357,CDX2,GATA3,-1.33043,True
logfc,2,DataSet_01_360,SOX17,LTB,-1.73515,True
logfc,2,DataSet_02_001,DROSHA,LOC440434,-1.07964,False
logfc,2,DataSet_02_007,PTBP1,NEK11,-1.13465,False
logfc,2,DataSet_02_009,POLR2G,GCKR,-2.18057,False
logfc,2,DataSet_02_012,SRSF4,ABCB1,-1.48938,False
logfc,2,DataSet_02_013,SRSF9,ADAP2,-2.36923,False
logfc,2,DataSet_02_015,HOXB9,ZAP70,-1.13409,True
logfc,2,DataSet_02_016,JUND,MUC4,-1.24868,True
logfc,2,DataSet_02_018,STAT2,FGD2,-1.70695,True
logfc,2,DataSet_02_023,STAT1,F3,-1.73697,True
logfc,2,DataSet_02_025,USF2,LGALS3BP,-1.94981,True
logfc,2,DataSet_02_026,USF1,CX3CL1,-1.85244,True
logfc,2,DataSet_02_032,NFE2L1,ALOX5,-1.56167,True
logfc,2,DataSet_02_033,TEAD2,SNRPN,-2.60666,True
logfc,2,DataSet_02_039,RELA,AR,-1.41504,True
logfc,2,DataSet_02_040,TEAD4,ZFP91-CNTF,-1.58232,True
logfc,2,DataSet_02_042,SP2,MCF2L,-2.02106,True
logfc,2,DataSet_02_044,ZC3H11A,PRSS45,-1.69188,False
logfc,2,DataSet_02_048,SMAD5,DENND1C,-1.81523,True
logfc,2,DataSet_02_051,HDAC8,PPAPDC1B,-1.18231,False
logfc,2,DataSet_02_053,TLE2,NXPH1,-2.72247,False
logfc,2,DataSet_02_054,ATF3,HNF1A,-1.80735,True
logfc,2,DataSet_02_055,DLX1,C17orf97,-1.24793,True
logfc,2,DataSet_02_058,HMBOX1,PAWR,-1.35755,False
logfc,2,DataSet_02_061,RFX5,KIAA1683,-1.58967,True
logfc,2,DataSet_02_063,TRIM28,GADD45B,-1.45996,True
logfc,2,DataSet_02_071,TFDP1,LILRA6,-2.45317,True
logfc,2,DataSet_02_075,HMGA1,LCK,-1.98751,True
logfc,2,DataSet_02_078,SIX5,GIMAP1,-1.39232,False
logfc,2,DataSet_02_079,HMGN1,PTPRZ1,-1.48543,False
logfc,2,DataSet_02_082,ZBTB33,LRRN3,-1.43741,True
logfc,2,DataSet_02_088,ILF2,GFPT2,-2.66297,False
logfc,2,DataSet_02_090,SRSF9,DPF1,-1.01367,False
logfc,2,DataSet_02_091,HNRNPK,AGXT,-1.57811,False
logfc,2,DataSet_02_096,HNRNPL,SLC5A11,-2.41504,False
logfc,2,DataSet_02_097,U2AF1,CP,-1.29544,False
logfc,2,DataSet_02_099,PSIP1,CHRNA3,-2.0,False
logfc,2,DataSet_02_100,RBM17,BIRC3,-1.95341,False
logfc,2,DataSet_02_101,RBFOX2,SATB1,-1.90442,False
logfc,2,DataSet_02_103,FIP1L1,UGT2B4,-1.32443,False
logfc,2,DataSet_02_104,HDGF,COL20A1,-3.16993,True
logfc,2,DataSet_02_105,U2AF2,GPC2,-1.05821,False
logfc,2,DataSet_02_107,SSB,ARHGDIG,-2.37851,False
logfc,2,DataSet_02_108,ZNF622,TLX1,-2.926,False
logfc,2,DataSet_02_110,GTF2F1,SCG3,-3.0,False
logfc,2,DataSet_02_111,RBM39,ZFP91-CNTF,-1.54432,False
logfc,2,DataSet_02_114,XRCC5,DSCR9,-1.34792,False
logfc,2,DataSet_02_115,PCBP1,CHRND,-2.85798,False
logfc,2,DataSet_02_117,SUB1,MYB,-3.04439,False
logfc,2,DataSet_02_120,PTBP1,LIPE,-1.35364,False
logfc,2,DataSet_02_121,RBM34,ADCY4,-1.51457,False
logfc,2,DataSet_02_123,PCBP2,TGFB2,-1.06711,False
logfc,2,DataSet_02_124,FUS,ALB,-1.83521,False
logfc,2,DataSet_02_126,SNRNP70,HIST2H2AC,-2.09882,False
logfc,2,DataSet_02_128,PRPF4,RASGRP2,-1.62149,False
logfc,2,DataSet_02_130,POLR2G,RNASE4,-2.20163,False
logfc,2,DataSet_02_131,PTBP1,ADAMTS13,-1.76553,False
logfc,2,DataSet_02_133,SRSF7,GRIK5,-1.83289,False
logfc,2,DataSet_02_136,HNRNPK,DPEP2,-1.71945,False
logfc,2,DataSet_02_137,PCBP1,WBSCR27,-2.6845,False
logfc,2,DataSet_02_138,RBM17,DNAH10,-1.53051,False
logfc,2,DataSet_02_139,RBFOX2,ACTA2,-2.04836,False
logfc,2,DataSet_02_140,TAF15,DCTPP1,-1.00969,False
logfc,2,DataSet_02_141,RBM34,CHST7,-1.73697,False
logfc,2,DataSet_02_144,PTBP1,NGEF,-2.1375,False
logfc,2,DataSet_02_145,DROSHA,ADAM33,-1.58496,False
logfc,2,DataSet_02_147,FIP1L1,SYS1-DBNDD2,-2.20811,False
logfc,2,DataSet_02_148,ILF3,KLF2,-1.19265,False
logfc,2,DataSet_02_151,RBM39,TCL1A,-1.71049,False
logfc,2,DataSet_02_152,ILF2,STRA6,-2.05063,False
logfc,2,DataSet_02_154,SRSF4,DYDC2,-1.40808,False
logfc,2,DataSet_02_155,FUS,GCK,-2.32193,False
logfc,2,DataSet_02_156,HNRNPUL1,GALR3,-1.62803,False
logfc,2,DataSet_02_157,GTF2F1,CTSE,-3.45943,False
logfc,2,DataSet_02_158,PSIP1,TGFB2,-2.36257,False
logfc,2,DataSet_02_159,XRCC5,DUOX1,-1.078,False
logfc,2,DataSet_02_160,HNRNPL,ATP2C2,-2.0,False
logfc,2,DataSet_02_161,SUB1,SCNN1A,-3.80735,False
logfc,2,DataSet_02_164,SSB,C20orf195,-1.24101,False
logfc,2,DataSet_02_168,RBM22,GATM,-1.21573,False
logfc,2,DataSet_02_170,U2AF2,PPIL6,-1.60666,False
logfc,2,DataSet_02_172,ZFX,NOTUM,-1.76553,True
logfc,2,DataSet_02_175,LMNA,ABRA,-1.0,False
logfc,2,DataSet_02_185,CTCF,CRYAA,-1.26303,True
logfc,2,DataSet_02_190,RAD21,FBLN5,-2.75489,False
logfc,2,DataSet_02_192,MAX,CYP2A6,-1.07529,True
logfc,2,DataSet_02_195,LMNB1,TRIM63,-1.03847,False
logfc,2,DataSet_02_206,ZFX,MYBPH,-2.39232,True
logfc,2,DataSet_03_002,AKT1,BMP4,-0.4426957,False
logfc,2,DataSet_03_004,AR,INS,-1.78958,True
logfc,2,DataSet_03_005,AR,IFNG,-1.510195,True
logfc,2,DataSet_03_007,AR,VEGFA,-0.3802072,True
logfc,2,DataSet_03_013,ARID1A,NANOS1,-1.253013,True
logfc,2,DataSet_03_017,ATF3,GAL,-1.190417,True
logfc,2,DataSet_03_018,ATF4,ANKRD1,-2.475462,True
logfc,2,DataSet_03_021,BAG1,AGR2,-2.333704,False
logfc,2,DataSet_03_022,BATF3,CD244,-0.805012,False
logfc,2,DataSet_03_026,BCL6,LCN2,-1.070222,True
logfc,2,DataSet_03_031,CASP8AP2,CALD1,-1.077442,False
logfc,2,DataSet_03_035,CCNB1,BAX,-1.009049,False
logfc,2,DataSet_03_049,CEBPB,CEBPA,-2.392704,True
logfc,2,DataSet_03_056,CTCF,F2R,-1.004206,True
logfc,2,DataSet_03_059,CTNNB1,BRCA1,-1.302954,True
logfc,2,DataSet_03_060,E2F1,PTGS2,-0.7043208,True
logfc,2,DataSet_03_063,E2F7,TPCN2,-1.453073,True
logfc,2,DataSet_03_065,EP300,CYP11A1,-1.74505,True
logfc,2,DataSet_03_066,ERBB2,BAX,-0.5420093,False
logfc,2,DataSet_03_073,ETS1,EGR1,-1.223214,True
logfc,2,DataSet_03_074,ETS1,MMP10,-1.191667,True
logfc,2,DataSet_03_075,ETV6,ELOVL7,-1.245988,True
logfc,2,DataSet_03_078,FLI1,KIT,-1.498236,True
logfc,2,DataSet_03_080,FOXA1,MYB,-1.408682,True
logfc,2,DataSet_03_085,FOXD1,CDC20,-1.840012,True
logfc,2,DataSet_03_087,FOXF2,PPP1R15A,-1.014571,True
logfc,2,DataSet_03_089,FOXK1,FGG,-1.167453,False
logfc,2,DataSet_03_090,FOXM1,CCNB1,-2.531473,True
logfc,2,DataSet_03_091,FOXM1,CYP1A1,-0.8479969,True
logfc,2,DataSet_03_093,FOXM1,NPPA,-0.588815,True
logfc,2,DataSet_03_096,FOXO1,ACP5,-3.494476,True
logfc,2,DataSet_03_100,GATA2,GFI1,-1.421988,True
logfc,2,DataSet_03_108,GATA6,KLF1,-1.111825,True
logfc,2,DataSet_03_110,GATA6,NKX2-2,-1.084017,True
logfc,2,DataSet_03_113,GRHL3,XKRX,-1.838214,True
logfc,2,DataSet_03_114,HDAC3,PSENEN,-0.9728123,True
logfc,2,DataSet_03_116,HES6,IFIT3,-1.137362,True
logfc,2,DataSet_03_117,HES6,CXCL10,-1.003823,True
logfc,2,DataSet_03_119,HIF1A,CXCR4,-0.9794377,True
logfc,2,DataSet_03_122,HINFP,CYP1B1,-1.048923,True
logfc,2,DataSet_03_123,HINFP,TSPAN7,-1.663569,True
logfc,2,DataSet_03_124,HMGA1,TGFBI,-1.676222,True
logfc,2,DataSet_03_127,HOXB7,UGDH,-1.273878,True
logfc,2,DataSet_03_128,HOXC4,SYT11,-1.791702,False
logfc,2,DataSet_03_129,HSF1,HSPB1,-0.88935,True
logfc,2,DataSet_03_143,JUN,IL6,-1.444525,True
logfc,2,DataSet_03_148,KLF5,NGFR,-1.282815,True
logfc,2,DataSet_03_149,KLF5,KLF1,-1.806991,True
logfc,2,DataSet_03_150,KLF5,FGF18,-1.357914,True
logfc,2,DataSet_03_151,KLF5,MAFB,-1.894253,True
logfc,2,DataSet_03_155,MAFB,CXCL1,-2.156667,True
logfc,2,DataSet_03_165,MITF,CDH1,-1.097026,True
logfc,2,DataSet_03_168,MITF,PMAIP1,-1.347842,True
logfc,2,DataSet_03_173,MYB,CCNA2,-1.039333,True
logfc,2,DataSet_03_178,MYC,CDKN2A,0.08269203,True
logfc,2,DataSet_03_189,NCOA1,APPBP2,-3.938316,True
logfc,2,DataSet_03_190,NCOA2,NF2,-2.814458,True
logfc,2,DataSet_03_191,NCOA3,MYCN,-1.081353,True
logfc,2,DataSet_03_192,NCOR1,LAMA1,-0.7950583,True
logfc,2,DataSet_03_199,NMI,AGR3,-1.827561,False
logfc,2,DataSet_03_200,NPAT,CA9,-1.300555,False
logfc,2,DataSet_03_201,NPAT,BIRC3,-1.463756,False
logfc,2,DataSet_03_202,NR2F2,FABP2,-1.57998,True
logfc,2,DataSet_03_205,PARK7,CCNA2,-1.049202,True
logfc,2,DataSet_03_207,PBX1,ANXA1,-0.8889322,True
logfc,2,DataSet_03_208,PBX1,CCNA1,-1.060419,True
logfc,2,DataSet_03_209,PBX1,TIMP3,-1.128183,True
logfc,2,DataSet_03_211,PHB,DUSP2,-3.304458,False
logfc,2,DataSet_03_214,PPARG,IL2,-0.73,True
logfc,2,DataSet_03_217,PRRX1,C7orf33,-1.515383,True
logfc,2,DataSet_03_220,RBL2,ASCL1,-1.07476,False
logfc,2,DataSet_03_221,RCHY1,RIPK1,-4.331123,False
logfc,2,DataSet_03_222,RELA,IL6,-1.069643,True
logfc,2,DataSet_03_223,RELA,IL6,-1.407143,True
logfc,2,DataSet_03_225,RELB,VEGFA,-1.689628,True
logfc,2,DataSet_03_228,REST,FST,-0.859603,True
logfc,2,DataSet_03_229,SATB1,HSP90AA1,-1.403187,True
logfc,2,DataSet_03_232,SKP2,ID1,-1.03153,False
logfc,2,DataSet_03_235,SMARCA4,BRCA1,-2.780415,True
logfc,2,DataSet_03_236,SMARCC1,ACTG2,-2.595727,True
logfc,2,DataSet_03_237,SOX11,CYP4F2,-2.310093,True
logfc,2,DataSet_03_238,SOX11,KRTAP7-1,-3.16829,True
logfc,2,DataSet_03_239,SOX11,TMSB15A,-2.062192,True
logfc,2,DataSet_03_241,SOX2,TNFSF10,-1.112079,True
logfc,2,DataSet_03_242,SOX2,KLF4,-1.383073,True
logfc,2,DataSet_03_244,SOX2,SPP1,-4.220582,True
logfc,2,DataSet_03_246,SOX4,MUC2,-1.274622,True
logfc,2,DataSet_03_249,SP1,CDKN2B,-0.8604229,True
logfc,2,DataSet_03_251,SP1,COL1A2,-2.87129,True
logfc,2,DataSet_03_253,SPIB,CXCL10,-1.279451,True
logfc,2,DataSet_03_255,SSRP1,CYSLTR2,-1.78415,True
logfc,2,DataSet_03_256,STAT1,ASCL1,-0.9928977,True
logfc,2,DataSet_03_258,STAT3,SST,-1.740636,True
logfc,2,DataSet_03_259,STAT3,HGF,-0.5413977,True
logfc,2,DataSet_03_260,STAT3,CDH1,-1.017612,True
logfc,2,DataSet_03_261,STAT3,IGFBP1,-1.134741,True
logfc,2,DataSet_03_262,STAT3,CYP7A1,-0.2263499,True
logfc,2,DataSet_03_264,STAT6,GC,-1.959358,True
logfc,2,DataSet_03_267,TCF7L1,FRG2C,-2.415711,True
logfc,2,DataSet_03_271,TET2,NFIA,-1.06816,False
logfc,2,DataSet_03_273,TET3,DHRS11,-1.0768,False
logfc,2,DataSet_03_274,TFAP2C,CDH3,-1.886637,True
logfc,2,DataSet_03_275,TFE3,VWA5B1,-1.442686,True
logfc,2,DataSet_03_277,TP53,MYC,-0.592954,True
logfc,2,DataSet_03_284,TWIST2,STARD7,-1.464506,True
logfc,2,DataSet_03_287,ZHX2,CDKL5,-1.334718,True
logfc,2,DataSet_03_294,ZNF750,DSCAM,-1.876558,False
logfc,2,DataSet_04_002,CDC5L,USP43,-1.514573,False
logfc,2,DataSet_04_003,CHCHD3,TNS4,-1.115477,False
logfc,2,DataSet_04_004,CIZ1,KATNB1,-1.251779,False
logfc,2,DataSet_04_006,DDX59,CTRC,-1.192645,False
logfc,2,DataSet_04_010,FUBP1,RPS6KA2,-2.070389,False
logfc,2,DataSet_04_011,FUBP3,CYP2D6,-1.222392,False
logfc,2,DataSet_04_012,MARK2,E2F5,-1.302204,False
logfc,2,DataSet_04_015,NKRF,EXOSC7,-1.79059,True
logfc,2,DataSet_04_016,NUP35,ZNF385B,-1.938599,False
logfc,2,DataSet_04_018,RPS3,FAM9C,-2.584963,False
logfc,2,DataSet_04_019,SMAD2,CD274,-1.058894,True
logfc,2,DataSet_04_020,SMAD4,FCER2,-1.652077,True
logfc,2,DataSet_04_022,STAT1,AFP,-1.66172,True
logfc,2,DataSet_04_024,YBX1,GHR,-1.807355,True
logfc,2,DataSet_04_026,ANXA2,ZNF229,-1.554589,False
logfc,2,DataSet_04_028,CIZ1,ADCY10,-1.0,False
logfc,2,DataSet_04_032,FUBP1,GMDS,-1.269764,False
logfc,2,DataSet_04_036,SMAD2,PAPPA,-1.584963,True
logfc,2,DataSet_04_037,SMAD4,SLC5A5,-1.321928,True
logfc,2,DataSet_04_039,SRPK2,KTI12,-1.39256,False
logfc,2,DataSet_04_041,YBX1,MAFA,-2.078003,True
