exp,tf,in_filtered_279,profile_id,biosample,knock_method,platform,own_logfc,own_gene_measured,regulon_size,has_self_edge,self_edge_weight,frac_regulon_default,n_studymates,max_jaccard,base_rate10,base_rate5,self_edge_sign_decision,ulm_unmasked_frac,ulm_unmasked_hit10,ulm_unmasked_hit5,ulm_masked_frac,ulm_masked_hit10,ulm_masked_hit5,ulm_masked_symmetric_frac,ulm_masked_symmetric_hit10,ulm_masked_symmetric_hit5,ulm_noselfedge_frac,ulm_noselfedge_hit10,ulm_noselfedge_hit5,ulm_noother_frac,ulm_noother_hit10,ulm_noother_hit5,propagated_unmasked_frac,propagated_unmasked_hit10,propagated_unmasked_hit5,propagated_masked_frac,propagated_masked_hit10,propagated_masked_hit5
DataSet_03_001,ABL1,False,GSE31912,MCF7,siRNA,GPL570,-0.572925,True,10,False,,0.0,77,0.23076923,0.09381898454746136,0.04856512141280353,,0.7702349869451697,False,False,0.7689295039164491,False,False,0.28067885117493474,False,False,0.7702349869451697,False,False,0.7689295039164491,False,False,0.0391644908616188,True,True,0.0835509138381201,True,False
DataSet_01_283,AHR,True,GSE70200,THP-1,siRNA,GPL16686,-1.92282,True,191,True,1.0,0.5968586387434555,0,0.16888888,0.0640176600441501,0.019867549668874173,default activation,0.031331592689295036,True,True,0.037859007832898174,True,True,0.06657963446475196,True,False,0.0391644908616188,True,True,0.031331592689295036,True,True,0.02610966057441253,True,True,0.11879895561357702,False,False
DataSet_01_192,AR,True,GSE49196,R1-D567,siRNA,GPL10904,-1.3753,True,493,True,1.0,0.6815415821501014,0,0.17023446,0.15959821428571427,0.10044642857142858,default activation,0.360313315926893,False,False,0.4386422976501306,False,False,0.43342036553524804,False,False,0.46866840731070497,False,False,0.34073107049608353,False,False,0.0026109660574412533,True,True,0.7101827676240209,False,False
DataSet_01_278,AR,False,GSE68993,CWR22Pc,shRNA,GPL16686,-0.59184,True,493,True,1.0,0.6815415821501014,1,0.17023446,0.15959821428571427,0.10044642857142858,default activation,0.01174934725848564,True,True,0.010443864229765013,True,True,0.009138381201044387,True,True,0.01174934725848564,True,True,0.010443864229765013,True,True,0.013054830287206266,True,True,0.031331592689295036,True,True
DataSet_01_323,AR,False,GSE86547,CWR22Rv1,shRNA,GPL16686,-0.899,True,493,True,1.0,0.6815415821501014,0,0.17023446,0.15959821428571427,0.10044642857142858,default activation,0.17232375979112272,False,False,0.19451697127937337,False,False,0.0391644908616188,True,True,0.21409921671018275,False,False,0.16057441253263707,False,False,0.0026109660574412533,True,True,0.0391644908616188,True,True
DataSet_03_004,AR,True,GSE11428,abl cells,siRNA,GPL570,-1.84288,True,493,True,1.0,0.6815415821501014,0,0.17023446,0.15959821428571427,0.10044642857142858,default activation,0.9373368146214099,False,False,0.9503916449086162,False,False,0.9046997389033943,False,False,0.9477806788511749,False,False,0.9399477806788512,False,False,0.0013054830287206266,True,True,0.07963446475195822,True,False
DataSet_03_005,AR,True,GSE11428,LNCaP,siRNA,GPL570,-1.765544,True,493,True,1.0,0.6815415821501014,0,0.17023446,0.15959821428571427,0.10044642857142858,default activation,0.7767624020887729,False,False,0.8185378590078329,False,False,0.6631853785900783,False,False,0.8172323759791122,False,False,0.783289817232376,False,False,0.0013054830287206266,True,True,0.8694516971279374,False,False
DataSet_03_006,AR,False,GSE115270,MCF7,siRNA,GPL15207,-0.616825,True,493,True,1.0,0.6815415821501014,0,0.17023446,0.15959821428571427,0.10044642857142858,default activation,0.9007832898172323,False,False,0.912532637075718,False,False,0.7741514360313316,False,False,0.9151436031331592,False,False,0.8981723237597912,False,False,0.10704960835509138,False,False,0.9778067885117493,False,False
DataSet_03_007,AR,True,GSE32892,VCaP,siRNA,GPL570,-2.045341,True,493,True,1.0,0.6815415821501014,0,0.17023446,0.15959821428571427,0.10044642857142858,default activation,0.26240208877284593,False,False,0.36945169712793735,False,False,0.1122715404699739,False,False,0.39033942558746737,False,False,0.2362924281984334,False,False,0.0013054830287206266,True,True,0.013054830287206266,True,True
DataSet_03_008,AR,False,GSE49285,CWR22Rv1,siRNA,GPL10558,-0.3717222,True,493,True,1.0,0.6815415821501014,0,0.17023446,0.15959821428571427,0.10044642857142858,default activation,0.06266318537859007,True,False,0.0731070496083551,True,False,0.037859007832898174,True,True,0.07571801566579635,True,False,0.06005221932114883,True,False,0.0026109660574412533,True,True,0.7519582245430809,False,False
DataSet_03_009,AR,False,GSE49285,LNCaP,siRNA,GPL10558,-0.2238888,True,493,True,1.0,0.6815415821501014,0,0.17023446,0.15959821428571427,0.10044642857142858,default activation,0.0039164490861618795,True,True,0.0039164490861618795,True,True,0.0039164490861618795,True,True,0.0039164490861618795,True,True,0.0039164490861618795,True,True,0.0026109660574412533,True,True,0.005221932114882507,True,True
DataSet_03_010,AR,False,GSE49285,VCaP,siRNA,GPL10558,-0.7184447,True,493,True,1.0,0.6815415821501014,0,0.17023446,0.15959821428571427,0.10044642857142858,default activation,0.7232375979112271,False,False,0.779373368146214,False,False,0.6710182767624021,False,False,0.7780678851174935,False,False,0.7219321148825065,False,False,0.0013054830287206266,True,True,0.40992167101827676,False,False
DataSet_03_011,AR,False,GSE66722,LNCaP,siRNA,GPL19874,0.0,True,493,True,1.0,0.6815415821501014,18,0.17023446,0.15959821428571427,0.10044642857142858,default activation,1.0,False,False,1.0,False,False,1.0,False,False,1.0,False,False,1.0,False,False,0.9895561357702349,False,False,0.9895561357702349,False,False
DataSet_01_108,ARID1A,False,GSE37684,OSE4,shRNA,GPL10558,-0.11945,True,8,False,,0.875,0,0.21428572,0.07547169811320754,0.04661487236403995,,0.04960835509138381,True,True,0.04960835509138381,True,True,0.14360313315926893,False,False,0.04960835509138381,True,True,0.04960835509138381,True,True,0.5052219321148825,False,False,0.5052219321148825,False,False
DataSet_01_109,ARID1A,False,GSE37684,IOSE80pc,shRNA,GPL10558,-0.1374,True,8,False,,0.875,0,0.21428572,0.07547169811320754,0.04661487236403995,,0.005221932114882507,True,True,0.005221932114882507,True,True,0.13577023498694518,False,False,0.005221932114882507,True,True,0.005221932114882507,True,True,0.3342036553524804,False,False,0.3342036553524804,False,False
DataSet_01_114,ARID1A,True,GSE38380,OE33,siRNA,GPL15207,-1.06589,True,8,False,,0.875,0,0.21428572,0.07547169811320754,0.04661487236403995,,0.7898172323759791,False,False,0.7898172323759791,False,False,0.8511749347258486,False,False,0.7898172323759791,False,False,0.7898172323759791,False,False,0.5052219321148825,False,False,0.5065274151436031,False,False
DataSet_01_345,ARID1A,False,GSE86572,iEEC16,shRNA,GPL10558,-0.266,True,8,False,,0.875,0,0.21428572,0.07547169811320754,0.04661487236403995,,0.07571801566579635,True,False,0.07571801566579635,True,False,0.21409921671018275,False,False,0.07571801566579635,True,False,0.07571801566579635,True,False,0.37989556135770236,False,False,0.37989556135770236,False,False
DataSet_03_013,ARID1A,True,GSE129475,SAS cells,siRNA,GPL16686,-1.27036,True,8,False,,0.875,0,0.21428572,0.07547169811320754,0.04661487236403995,,0.5052219321148825,False,False,0.5052219321148825,False,False,0.4804177545691906,False,False,0.5052219321148825,False,False,0.5052219321148825,False,False,0.2898172323759791,False,False,0.29112271540469975,False,False
DataSet_03_014,ARID1A,False,GSE72669,MDA-MB-157,siRNA,GPL16699,-0.3813363,True,8,False,,0.875,0,0.21428572,0.07547169811320754,0.04661487236403995,,0.293733681462141,False,False,0.293733681462141,False,False,0.4869451697127937,False,False,0.293733681462141,False,False,0.293733681462141,False,False,0.5626631853785901,False,False,0.5626631853785901,False,False
DataSet_01_298,ARID1B,False,GSE75207,IRM90,shRNA,GPL6244,-0.7345,True,5,False,,1.0,0,0.11111111,0.06181015452538632,0.03421633554083885,,0.4281984334203655,False,False,0.4281984334203655,False,False,0.52088772845953,False,False,0.4281984334203655,False,False,0.4281984334203655,False,False,0.5522193211488251,False,False,0.587467362924282,False,False
DataSet_02_050,ARID3A,False,ENCSR898UNK,K562,CRISPRi,-,0.0,True,7,False,,0.7142857142857143,0,0.25,0.14033149171270717,0.08839779005524862,,0.5130548302872062,False,False,0.5130548302872062,False,False,0.4660574412532637,False,False,0.5130548302872062,False,False,0.5130548302872062,False,False,0.5574412532637075,False,False,0.5574412532637075,False,False
DataSet_02_193,ARID3A,False,ENCSR169DSM,K562,siRNA,-,0.0,True,7,False,,0.7142857142857143,0,0.25,0.14033149171270717,0.08839779005524862,,0.5509138381201044,False,False,0.5509138381201044,False,False,0.5456919060052219,False,False,0.5509138381201044,False,False,0.5509138381201044,False,False,0.664490861618799,False,False,0.664490861618799,False,False
DataSet_01_240,ARNT,False,GSE61842,hESC HSF1,shRNA,GPL570,-0.00907,True,68,True,1.0,0.6617647058823529,0,0.16888888,0.09966777408637874,0.048726467331118496,default activation,0.7571801566579635,False,False,0.758485639686684,False,False,0.6579634464751958,False,False,0.7597911227154047,False,False,0.7571801566579635,False,False,0.9295039164490861,False,False,0.9295039164490861,False,False
DataSet_01_307,ARNT,False,GSE76090,WA09/H9,shRNA,GPL10558,-0.15258,True,68,True,1.0,0.6617647058823529,0,0.16888888,0.09966777408637874,0.048726467331118496,default activation,0.09530026109660575,True,False,0.12140992167101827,False,False,0.18276762402088773,False,False,0.1174934725848564,False,False,0.09530026109660575,True,False,0.08485639686684072,True,False,0.1279373368146214,False,False
DataSet_01_315,ARNT,False,GSE80347,HSC3,siRNA,GPL2895,-0.06857,True,68,True,1.0,0.6617647058823529,0,0.16888888,0.09966777408637874,0.048726467331118496,default activation,0.7571801566579635,False,False,0.758485639686684,False,False,0.8420365535248042,False,False,0.7597911227154047,False,False,0.7571801566579635,False,False,0.643603133159269,False,False,0.6488250652741514,False,False
DataSet_01_317,ARNT,False,GSE80995,CTB,shRNA,GPL10558,-0.63717,True,68,True,1.0,0.6617647058823529,0,0.16888888,0.09966777408637874,0.048726467331118496,default activation,0.48433420365535246,False,False,0.6488250652741514,False,False,0.41906005221932113,False,False,0.6462140992167101,False,False,0.4856396866840731,False,False,0.08093994778067885,True,False,0.15796344647519583,False,False
DataSet_03_016,ASCL1,False,GSE21216,DMS79,siRNA,GPL570,-0.7814057,True,69,True,1.0,0.4927536231884058,0,0.07692308,0.09161147902869757,0.046357615894039736,default activation,0.6422976501305483,False,False,0.6788511749347258,False,False,0.835509138381201,False,False,0.6827676240208878,False,False,0.6409921671018277,False,False,0.1566579634464752,False,False,0.5039164490861618,False,False
DataSet_01_206,ATF2,False,GSE50165,K562,siRNA,GPL6884,0.03513,True,119,True,1.0,0.4957983193277311,0,0.13366337,0.17770419426048564,0.10596026490066225,default activation,0.779373368146214,False,False,0.7754569190600522,False,False,0.5313315926892951,False,False,0.7911227154046997,False,False,0.779373368146214,False,False,0.8342036553524804,False,False,0.8289817232375979,False,False
DataSet_01_033,ATF3,True,GSE18457,HCT116,siRNA,GPL4133,-1.92622,True,108,True,-1.0,0.4444444444444444,0,0.14754099,0.08970099667774087,0.047619047619047616,PMID,0.23368146214099217,False,False,0.14490861618798956,False,False,0.2650130548302872,False,False,0.14882506527415143,False,False,0.2310704960835509,False,False,0.06135770234986945,True,False,0.4073107049608355,False,False
DataSet_02_054,ATF3,True,ENCSR123IMQ,K562,CRISPRi,-,-1.86056,True,108,True,-1.0,0.4444444444444444,0,0.14754099,0.08970099667774087,0.047619047619047616,PMID,0.46866840731070497,False,False,0.38642297650130547,False,False,0.3368146214099217,False,False,0.39033942558746737,False,False,0.46736292428198434,False,False,0.06788511749347259,True,False,0.10574412532637076,False,False
DataSet_02_180,ATF3,False,ENCSR045TQN,K562,siRNA,-,-0.33537,True,108,True,-1.0,0.4444444444444444,0,0.14754099,0.08970099667774087,0.047619047619047616,PMID,0.6462140992167101,False,False,0.6305483028720626,False,False,0.6070496083550914,False,False,0.6305483028720626,False,False,0.6462140992167101,False,False,0.41383812010443866,False,False,0.5496083550913838,False,False
DataSet_03_017,ATF3,True,GSE74362,HCT116,knockout,GPL10558,-1.260501,True,108,True,-1.0,0.4444444444444444,0,0.14754099,0.08970099667774087,0.047619047619047616,PMID,0.8159268929503917,False,False,0.6109660574412533,False,False,0.32114882506527415,False,False,0.6161879895561357,False,False,0.814621409921671,False,False,0.01174934725848564,True,True,0.04960835509138381,True,True
DataSet_03_018,ATF4,True,GSE136614,A375,siRNA,GPL570,-2.426447,True,121,True,1.0,0.0,0,0.18134715,0.1479028697571744,0.09381898454746136,regulon,0.006527415143603133,True,True,0.009138381201044387,True,True,0.0039164490861618795,True,True,0.009138381201044387,True,True,0.006527415143603133,True,True,0.09007832898172324,True,False,0.16449086161879894,False,False
DataSet_01_058,BACH1,True,GSE28050,HEK293T,esiRNA,GPL570,-2.42937,True,15,False,,0.4,0,0.15,0.17940199335548174,0.10520487264673312,,0.0013054830287206266,True,True,0.0013054830287206266,True,True,0.0026109660574412533,True,True,0.0013054830287206266,True,True,0.0013054830287206266,True,True,0.018276762402088774,True,True,0.07571801566579635,True,False
DataSet_01_059,BACH1,True,GSE28050,HEK293T,siRNA,GPL570,-2.50171,True,15,False,,0.4,0,0.15,0.17940199335548174,0.10520487264673312,,0.0013054830287206266,True,True,0.0013054830287206266,True,True,0.0013054830287206266,True,True,0.0013054830287206266,True,True,0.0013054830287206266,True,True,0.016971279373368148,True,True,0.048302872062663184,True,True
DataSet_02_017,BACH1,False,ENCSR190RZZ,K562,CRISPRi,-,0.0,True,15,False,,0.4,0,0.15,0.17940199335548174,0.10520487264673312,,0.8537859007832899,False,False,0.8537859007832899,False,False,0.8942558746736292,False,False,0.8537859007832899,False,False,0.8537859007832899,False,False,0.3668407310704961,False,False,0.3668407310704961,False,False
DataSet_02_188,BACH1,False,ENCSR793ISR,K562,siRNA,-,0.0,True,15,False,,0.4,0,0.15,0.17940199335548174,0.10520487264673312,,0.8825065274151436,False,False,0.8825065274151436,False,False,0.8825065274151436,False,False,0.8825065274151436,False,False,0.8825065274151436,False,False,0.4321148825065274,False,False,0.4321148825065274,False,False
DataSet_01_009,BCL11A,False,GSE13284,CD34-derived erythroid progenitors,siRNA,GPL570,-0.10769,True,15,False,,0.26666666666666666,0,0.15151516,0.09050772626931568,0.04194260485651214,,0.6331592689295039,False,False,0.6331592689295039,False,False,0.6148825065274152,False,False,0.6331592689295039,False,False,0.6331592689295039,False,False,0.758485639686684,False,False,0.7963446475195822,False,False
DataSet_03_024,BCL6,False,GSE31912,MCF7,siRNA,GPL570,-0.6081177,True,99,True,-1.0,0.494949494949495,77,0.14965986,0.10631229235880399,0.04318936877076412,PMID,0.283289817232376,False,False,0.22193211488250653,False,False,0.2310704960835509,False,False,0.2206266318537859,False,False,0.2819843342036554,False,False,0.6684073107049608,False,False,0.7389033942558747,False,False
DataSet_03_025,BCL6,False,GSE45838,OCI-Ly7 DLBCL,siRNA,GPL570,-0.3602478,True,99,True,-1.0,0.494949494949495,0,0.14965986,0.10631229235880399,0.04318936877076412,PMID,0.23237597911227154,False,False,0.20496083550913838,False,False,0.14882506527415143,False,False,0.20365535248041775,False,False,0.23368146214099217,False,False,0.38903394255874674,False,False,0.5691906005221932,False,False
DataSet_03_026,BCL6,True,GSE45838,Pfeiffer DLBCL,siRNA,GPL570,-1.080475,True,99,True,-1.0,0.494949494949495,0,0.14965986,0.10631229235880399,0.04318936877076412,PMID,0.0026109660574412533,True,True,0.0013054830287206266,True,True,0.01174934725848564,True,True,0.0013054830287206266,True,True,0.0026109660574412533,True,True,0.006527415143603133,True,True,0.031331592689295036,True,True
DataSet_03_027,BCL6,False,GSE77053,U87,siRNA,GPL10558,-0.4753435,True,99,True,-1.0,0.494949494949495,0,0.14965986,0.10631229235880399,0.04318936877076412,PMID,0.2754569190600522,False,False,0.23237597911227154,False,False,0.30156657963446476,False,False,0.23368146214099217,False,False,0.2754569190600522,False,False,0.20757180156657964,False,False,0.30809399477806787,False,False
DataSet_01_214,BCLAF1,True,GSE52990,RKO,shRNA,GPL570,-1.2932,True,8,True,1.0,0.875,0,0.07692308,0.07743362831858407,0.02654867256637168,default activation,0.020887728459530026,True,True,0.5274151436031331,False,False,0.6462140992167101,False,False,0.5496083550913838,False,False,0.020887728459530026,True,True,0.057441253263707574,True,False,0.2963446475195822,False,False
DataSet_02_112,BCLAF1,False,ENCSR481AYC,HepG2,shRNA,-,-0.91208,True,8,True,1.0,0.875,0,0.07692308,0.07743362831858407,0.02654867256637168,default activation,0.0783289817232376,True,False,0.13838120104438642,False,False,0.17754569190600522,False,False,0.12402088772845953,False,False,0.0783289817232376,True,False,0.5352480417754569,False,False,0.6109660574412533,False,False
DataSet_02_142,BCLAF1,False,ENCSR410ZPU,K562,shRNA,-,-0.57968,True,8,True,1.0,0.875,0,0.07692308,0.07743362831858407,0.02654867256637168,default activation,0.06788511749347259,True,False,0.11096605744125326,False,False,0.14360313315926893,False,False,0.11096605744125326,False,False,0.06788511749347259,True,False,0.40600522193211486,False,False,0.46344647519582244,False,False
DataSet_02_186,BHLHE40,False,ENCSR626SFM,K562,siRNA,-,-0.12051,True,40,True,-1.0,0.5,0,0.28070176,0.08830022075055188,0.03200883002207505,PMID,0.44386422976501305,False,False,0.4255874673629243,False,False,0.4699738903394256,False,False,0.42297650130548303,False,False,0.44386422976501305,False,False,0.9190600522193212,False,False,0.9216710182767625,False,False
DataSet_02_202,BRCA1,False,ENCSR205BWT,K562,siRNA,-,-0.39409,True,61,True,-1.0,0.3442622950819672,0,0.09243698,0.14806629834254142,0.08176795580110498,PMID,0.8328981723237598,False,False,0.8172323759791122,False,False,0.7545691906005222,False,False,0.8185378590078329,False,False,0.8315926892950392,False,False,0.006527415143603133,True,True,0.024804177545691905,True,True
DataSet_03_028,BRCA1,False,GSE31912,MCF7,siRNA,GPL570,-0.7290177,True,61,True,-1.0,0.3442622950819672,77,0.09243698,0.14806629834254142,0.08176795580110498,PMID,0.4046997389033943,False,False,0.25326370757180156,False,False,0.4177545691906005,False,False,0.2597911227154047,False,False,0.402088772845953,False,False,0.0013054830287206266,True,True,0.0039164490861618795,True,True
DataSet_01_119,BRD4,False,GSE39580,HEK293,shRNA,GPL6480,-0.06175,True,11,False,,0.9090909090909091,0,0.08,0.10386740331491713,0.04088397790055249,,0.46475195822454307,False,False,0.46475195822454307,False,False,0.31592689295039167,False,False,0.46475195822454307,False,False,0.46475195822454307,False,False,0.0835509138381201,True,False,0.08485639686684072,True,False
DataSet_01_311,BRD4,False,GSE78704,Ovcar8,siRNA,GPL570,-0.6449,True,11,False,,0.9090909090909091,0,0.08,0.10386740331491713,0.04088397790055249,,0.0013054830287206266,True,True,0.0013054830287206266,True,True,0.0013054830287206266,True,True,0.0013054830287206266,True,True,0.0013054830287206266,True,True,0.09399477806788512,True,False,0.09660574412532637,True,False
DataSet_01_357,CDX2,True,GSE30181,COLO320,siRNA,GPL4133,-1.29555,True,77,True,1.0,0.0,0,0.23232323,0.08167770419426049,0.03200883002207505,PMID,0.6879895561357703,False,False,0.7493472584856397,False,False,0.6984334203655352,False,False,0.7480417754569191,False,False,0.6866840731070496,False,False,0.9412532637075718,False,False,0.9765013054830287,False,False
DataSet_03_047,CEBPA,False,GSE31912,MCF7,siRNA,GPL570,-0.4981593,True,228,True,1.0,0.0,77,0.25852272,0.10485651214128035,0.052980132450331126,PMID,0.04308093994778068,True,True,0.05483028720626632,True,False,0.06657963446475196,True,False,0.05483028720626632,True,False,0.04177545691906005,True,True,0.0039164490861618795,True,True,0.014360313315926894,True,True
DataSet_03_048,CEBPB,False,GSE31912,MCF7,siRNA,GPL570,-0.1236617,True,444,True,1.0,0.6734234234234234,77,0.26153848,0.16574585635359115,0.09281767955801105,PMID,0.0587467362924282,True,False,0.06135770234986945,True,False,0.0783289817232376,True,False,0.06135770234986945,True,False,0.0587467362924282,True,False,0.35509138381201044,False,False,0.5404699738903395,False,False
DataSet_03_049,CEBPB,True,GSE41473,hESC,siRNA,GPL571,-2.360576,True,444,True,1.0,0.6734234234234234,0,0.26153848,0.16574585635359115,0.09281767955801105,PMID,0.0013054830287206266,True,True,0.0013054830287206266,True,True,0.0013054830287206266,True,True,0.0013054830287206266,True,True,0.0013054830287206266,True,True,0.009138381201044387,True,True,0.024804177545691905,True,True
DataSet_01_074,CEBPD,True,GSE31534,A375,siRNA,GPL570,-1.47847,True,94,True,-1.0,0.6276595744680851,11,0.16602316,0.1569060773480663,0.07513812154696133,PMID,0.23237597911227154,False,False,0.12532637075718014,False,False,0.21018276762402088,False,False,0.12924281984334204,False,False,0.22845953002610966,False,False,0.02610966057441253,True,True,0.04046997389033943,True,True
DataSet_03_050,CEBPD,False,GSE31912,MCF7,siRNA,GPL570,-0.4348297,True,94,True,-1.0,0.6276595744680851,77,0.16602316,0.1569060773480663,0.07513812154696133,PMID,0.5861618798955613,False,False,0.49216710182767626,False,False,0.48825065274151436,False,False,0.4934725848563969,False,False,0.5848563968668408,False,False,0.1227154046997389,False,False,0.23759791122715404,False,False
DataSet_01_075,CEBPZ,True,GSE31534,A375,siRNA,GPL570,-1.47229,True,18,False,,0.6666666666666666,11,0.1,0.07751937984496124,0.03433001107419712,,0.5221932114882507,False,False,0.5221932114882507,False,False,0.3681462140992167,False,False,0.5221932114882507,False,False,0.5221932114882507,False,False,0.6240208877284595,False,False,0.6919060052219321,False,False
DataSet_02_005,CEBPZ,False,ENCSR637EFF,K562,CRISPRedit,-,-0.39931,True,18,False,,0.6666666666666666,0,0.1,0.07751937984496124,0.03433001107419712,,0.06135770234986945,True,False,0.06135770234986945,True,False,0.20365535248041775,False,False,0.06135770234986945,True,False,0.06135770234986945,True,False,0.33159268929503916,False,False,0.34203655352480417,False,False
DataSet_02_118,CEBPZ,False,ENCSR929PXS,HepG2,shRNA,-,-0.56864,True,18,False,,0.6666666666666666,0,0.1,0.07751937984496124,0.03433001107419712,,0.7676240208877284,False,False,0.7676240208877284,False,False,0.7728459530026109,False,False,0.7676240208877284,False,False,0.7676240208877284,False,False,0.8655352480417755,False,False,0.8877284595300261,False,False
DataSet_02_176,CEBPZ,False,ENCSR977SOT,K562,siRNA,-,-0.63195,True,18,False,,0.6666666666666666,0,0.1,0.07751937984496124,0.03433001107419712,,0.45300261096605743,False,False,0.45300261096605743,False,False,0.45430809399477806,False,False,0.45300261096605743,False,False,0.45300261096605743,False,False,0.5378590078328982,False,False,0.5522193211488251,False,False
DataSet_01_004,CREB1,False,GSE12056,K562,shRNA,GPL570,-0.95018,True,444,True,1.0,0.0,0,0.16926272,0.12777777777777777,0.07,PMID,0.3289817232375979,False,False,0.34986945169712796,False,False,0.2258485639686684,False,False,0.34856396866840733,False,False,0.3289817232375979,False,False,0.13968668407310705,False,False,0.5221932114882507,False,False
DataSet_01_194,CREB1,False,GSE49673,H3118 MEC,shRNA,GPL570,-0.04391,True,444,True,1.0,0.0,0,0.16926272,0.12777777777777777,0.07,PMID,0.20234986945169714,False,False,0.20496083550913838,False,False,0.21801566579634465,False,False,0.21018276762402088,False,False,0.20234986945169714,False,False,0.2545691906005222,False,False,0.2584856396866841,False,False
DataSet_01_195,CREB1,False,GSE49673,HSY,shRNA,GPL570,-0.15104,True,444,True,1.0,0.0,0,0.16926272,0.12777777777777777,0.07,PMID,0.5026109660574413,False,False,0.5091383812010444,False,False,0.48825065274151436,False,False,0.5117493472584856,False,False,0.5026109660574413,False,False,0.8550913838120104,False,False,0.8642297650130548,False,False
DataSet_01_272,CREB1,False,GSE68413,JURKAT,shRNA,GPL10558,0.03079,True,444,True,1.0,0.0,0,0.16926272,0.12777777777777777,0.07,PMID,0.09660574412532637,True,False,0.0926892950391645,True,False,0.1671018276762402,False,False,0.09399477806788512,True,False,0.09660574412532637,True,False,0.9621409921671018,False,False,0.9503916449086162,False,False
DataSet_01_273,CREB1,False,GSE68413,Molt4,shRNA,GPL10558,0.27466,True,444,True,1.0,0.0,0,0.16926272,0.12777777777777777,0.07,PMID,0.02741514360313316,True,True,0.020887728459530026,True,True,0.0391644908616188,True,True,0.022193211488250653,True,True,0.02610966057441253,True,True,0.6906005221932114,False,False,0.26631853785900783,False,False
DataSet_01_274,CREB1,False,GSE68413,Nalm6,shRNA,GPL10558,0.14128,True,444,True,1.0,0.0,0,0.16926272,0.12777777777777777,0.07,PMID,0.5704960835509139,False,False,0.5456919060052219,False,False,0.5248041775456919,False,False,0.5430809399477807,False,False,0.5718015665796344,False,False,0.9543080939947781,False,False,0.9412532637075718,False,False
DataSet_01_275,CREB1,False,GSE68413,RS4;11,shRNA,GPL10558,0.0099,True,444,True,1.0,0.0,0,0.16926272,0.12777777777777777,0.07,PMID,0.09007832898172324,True,False,0.08877284595300261,True,False,0.0835509138381201,True,False,0.08877284595300261,True,False,0.09007832898172324,True,False,0.7663185378590078,False,False,0.7088772845953003,False,False
DataSet_03_055,CREBBP,False,GSE31912,MCF7,siRNA,GPL570,-0.3238227,True,36,False,,0.5555555555555556,77,0.11111111,0.1280353200883002,0.04746136865342163,,0.5156657963446475,False,False,0.5104438642297651,False,False,0.42950391644908614,False,False,0.5156657963446475,False,False,0.5104438642297651,False,False,0.0013054830287206266,True,True,0.0013054830287206266,True,True
DataSet_02_041,CTBP1,False,ENCSR171RTN,K562,CRISPRi,-,-0.36928,True,10,False,,0.0,0,0.23809524,0.08167770419426049,0.04194260485651214,,0.6018276762402088,False,False,0.6018276762402088,False,False,0.5221932114882507,False,False,0.6018276762402088,False,False,0.6018276762402088,False,False,0.6553524804177546,False,False,0.6814621409921671,False,False
DataSet_02_185,CTCF,True,ENCSR067CAG,K562,siRNA,-,-1.26009,True,137,True,1.0,0.44525547445255476,0,0.08196721,0.06541019955654102,0.024390243902439025,default activation,0.8720626631853786,False,False,0.8942558746736292,False,False,0.9268929503916449,False,False,0.8955613577023499,False,False,0.8707571801566579,False,False,0.44386422976501305,False,False,0.6488250652741514,False,False
DataSet_03_056,CTCF,True,GSE125436,LNCaP,siRNA,GPL16686,-2.009543,True,137,True,1.0,0.44525547445255476,0,0.08196721,0.06541019955654102,0.024390243902439025,default activation,0.013054830287206266,True,True,0.08746736292428199,True,False,0.04046997389033943,True,True,0.09007832898172324,True,False,0.010443864229765013,True,True,0.0039164490861618795,True,True,0.07571801566579635,True,False
DataSet_03_057,CTCF,False,GSE93363,Immortalized prostate epithelial cells,shRNA,GPL17586,-0.093535,True,137,True,1.0,0.44525547445255476,0,0.08196721,0.06541019955654102,0.024390243902439025,default activation,0.26370757180156656,False,False,0.27284595300261094,False,False,0.27154046997389036,False,False,0.27284595300261094,False,False,0.26370757180156656,False,False,0.10835509138381201,False,False,0.13054830287206268,False,False
DataSet_04_005,CTCF,False,ENCSR613LSQ,K562,CRISPR,-,-0.6526849,True,137,True,1.0,0.44525547445255476,0,0.08196721,0.06541019955654102,0.024390243902439025,default activation,0.4751958224543081,False,False,0.5443864229765013,False,False,0.577023498694517,False,False,0.5483028720626631,False,False,0.4751958224543081,False,False,0.4934725848563969,False,False,0.7140992167101827,False,False
DataSet_04_029,CTCF,False,ENCSR871XPX,HepG2,CRISPR,-,-0.3007541,True,137,True,1.0,0.44525547445255476,0,0.08196721,0.06541019955654102,0.024390243902439025,default activation,0.1462140992167102,False,False,0.1566579634464752,False,False,0.12532637075718014,False,False,0.1566579634464752,False,False,0.1462140992167102,False,False,0.13577023498694518,False,False,0.16840731070496084,False,False
DataSet_03_058,CTNNB1,False,GSE31912,MCF7,siRNA,GPL570,-0.1649253,True,331,True,-1.0,0.0,77,0.23450135,0.14696132596685083,0.08287292817679558,PMID,0.12402088772845953,False,False,0.12140992167101827,False,False,0.26631853785900783,False,False,0.12010443864229765,False,False,0.1227154046997389,False,False,0.05352480417754569,True,False,0.13968668407310705,False,False
DataSet_03_059,CTNNB1,True,GSE66722,LNCaP,siRNA,GPL19874,-3.872987,True,331,True,-1.0,0.0,18,0.23450135,0.14696132596685083,0.08287292817679558,PMID,0.9516971279373369,False,False,0.7976501305483029,False,False,0.8851174934725848,False,False,0.783289817232376,False,False,0.9634464751958225,False,False,0.0013054830287206266,True,True,0.1919060052219321,False,False
DataSet_02_055,DLX1,True,ENCSR862UHT,K562,CRISPRi,-,-1.25001,True,10,False,,0.5,0,0.22222222,0.07836644591611479,0.03090507726269316,,0.6971279373368147,False,False,0.6971279373368147,False,False,0.7297650130548303,False,False,0.6971279373368147,False,False,0.6971279373368147,False,False,0.4046997389033943,False,False,0.4425587467362924,False,False
DataSet_03_060,E2F1,True,GSE22209,HeLa,siRNA,GPL10379,-1.801817,True,306,True,1.0,0.0,0,0.21303259,0.39005524861878454,0.318232044198895,PMID,0.010443864229765013,True,True,0.009138381201044387,True,True,0.0195822454308094,True,True,0.022193211488250653,True,True,0.0026109660574412533,True,True,0.0013054830287206266,True,True,0.07441253263707572,True,False
DataSet_03_061,E2F1,False,GSE31912,MCF7,siRNA,GPL570,-0.4975563,True,306,True,1.0,0.0,77,0.21303259,0.39005524861878454,0.318232044198895,PMID,0.4765013054830287,False,False,0.5326370757180157,False,False,0.5352480417754569,False,False,0.5339425587467362,False,False,0.4765013054830287,False,False,0.0026109660574412533,True,True,0.005221932114882507,True,True
DataSet_02_200,E2F4,False,ENCSR874ZXG,K562,siRNA,-,-0.77106,True,157,False,,0.6560509554140127,0,0.21303259,0.40507726269315675,0.3509933774834437,,0.8955613577023499,False,False,0.8955613577023499,False,False,0.783289817232376,False,False,0.8955613577023499,False,False,0.8955613577023499,False,False,0.6227154046997389,False,False,0.7806788511749347,False,False
DataSet_03_062,E2F5,False,GSE31912,MCF7,siRNA,GPL570,-0.5261093,True,12,False,,0.4166666666666667,77,0.12727273,0.16777041942604856,0.10485651214128035,,0.195822454308094,False,False,0.195822454308094,False,False,0.35117493472584854,False,False,0.195822454308094,False,False,0.195822454308094,False,False,0.08616187989556136,True,False,0.10966057441253264,False,False
DataSet_02_205,E2F6,False,ENCSR820EGA,K562,siRNA,-,-0.63179,True,40,False,,0.675,0,0.08163265,0.08167770419426049,0.03090507726269316,,0.9308093994778068,False,False,0.9308093994778068,False,False,0.9425587467362925,False,False,0.9308093994778068,False,False,0.9308093994778068,False,False,0.9073107049608355,False,False,0.9216710182767625,False,False
DataSet_03_063,E2F7,True,GSE58074,SCC25,siRNA,GPL10558,-1.445059,True,7,False,,0.0,1,0.16666667,0.09492273730684327,0.04304635761589404,,0.7506527415143603,False,False,0.7506527415143603,False,False,0.741514360313316,False,False,0.7506527415143603,False,False,0.7506527415143603,False,False,0.6357702349869452,False,False,0.6370757180156658,False,False
DataSet_04_007,E4F1,False,ENCSR916PCG,K562,CRISPR,-,-0.324756,True,10,True,1.0,0.8,0,0.15384616,0.11823204419889503,0.06298342541436464,default activation,0.2950391644908616,False,False,0.4073107049608355,False,False,0.4086161879895561,False,False,0.4046997389033943,False,False,0.2950391644908616,False,False,0.5939947780678851,False,False,0.6736292428198434,False,False
DataSet_04_030,E4F1,False,ENCSR308EYT,HepG2,CRISPR,-,-0.2392662,True,10,True,1.0,0.8,0,0.15384616,0.11823204419889503,0.06298342541436464,default activation,0.3563968668407311,False,False,0.4621409921671018,False,False,0.42297650130548303,False,False,0.4621409921671018,False,False,0.3563968668407311,False,False,0.4386422976501306,False,False,0.49477806788511747,False,False
DataSet_03_064,EBF1,False,GSE42680,Fully differentiated adipocytes,siRNA,GPL11532,-0.9739408,True,34,True,1.0,0.5882352941176471,0,0.09677419,0.06512141280353201,0.03532008830022075,PMID,0.009138381201044387,True,True,0.10704960835509138,False,False,0.05352480417754569,True,False,0.1031331592689295,False,False,0.009138381201044387,True,True,0.15926892950391644,False,False,0.7467362924281984,False,False
DataSet_01_242,EGR2,False,GSE62090,A673,siRNA,GPL19264,-0.2155,True,73,True,1.0,0.726027397260274,0,0.092857145,0.0861878453038674,0.03535911602209945,default activation,0.8459530026109661,False,False,0.8785900783289817,False,False,0.6462140992167101,False,False,0.8785900783289817,False,False,0.8459530026109661,False,False,0.95822454308094,False,False,0.9856396866840731,False,False
DataSet_01_243,EGR2,False,GSE62090,SK-N-MC,siRNA,GPL19264,0.15428,True,73,True,1.0,0.726027397260274,0,0.092857145,0.0861878453038674,0.03535911602209945,default activation,0.9556135770234987,False,False,0.9490861618798956,False,False,0.7467362924281984,False,False,0.9530026109660574,False,False,0.9556135770234987,False,False,0.9869451697127938,False,False,0.9778067885117493,False,False
DataSet_01_034,EGR3,True,GSE18913,HUVEC,siRNA,GPL570,-1.91759,True,32,False,,0.8125,0,0.093023255,0.1138121546961326,0.06961325966850829,,0.050913838120104436,True,False,0.04960835509138381,True,True,0.02349869451697128,True,True,0.050913838120104436,True,False,0.04960835509138381,True,True,0.06657963446475196,True,False,0.16318537859007834,False,False
DataSet_01_212,EGR3,False,GSE52108,M12,shRNA,GPL570,0.52107,True,32,False,,0.8125,0,0.093023255,0.1138121546961326,0.06961325966850829,,0.4112271540469974,False,False,0.40992167101827676,False,False,0.34203655352480417,False,False,0.4112271540469974,False,False,0.40992167101827676,False,False,0.4073107049608355,False,False,0.3472584856396867,False,False
DataSet_01_132,EGR4,True,GSE40558,SBC-5,siRNA,GPL6480,-1.1066,True,15,False,,0.4666666666666667,0,0.10526316,0.06070640176600441,0.03532008830022075,,0.05221932114882506,True,False,0.05221932114882506,True,False,0.05483028720626632,True,False,0.05221932114882506,True,False,0.05221932114882506,True,False,0.0783289817232376,True,False,0.0783289817232376,True,False
DataSet_01_147,EHF,True,GSE43157,Corneal epithelial cells,siRNA,GPL6244,-1.91277,True,13,False,,0.6153846153846154,0,0.125,0.09933774834437085,0.05408388520971302,,0.391644908616188,False,False,0.391644908616188,False,False,0.33159268929503916,False,False,0.391644908616188,False,False,0.391644908616188,False,False,0.02610966057441253,True,True,0.04177545691906005,True,True
DataSet_01_071,ELF5,True,GSE30405,HCC1937,siRNA,GPL6244,-1.7665,True,10,False,,0.9,0,0.07317073,0.08719646799116998,0.04415011037527594,,0.4216710182767624,False,False,0.4216710182767624,False,False,0.2258485639686684,False,False,0.4216710182767624,False,False,0.4216710182767624,False,False,0.3302872062663185,False,False,0.33159268929503916,False,False
DataSet_01_162,ELK1,True,GSE46333,CD4+ T cells,siRNA,GPL14550,-1.74762,True,58,False,,0.0,6,0.11258278,0.15248618784530388,0.07845303867403315,,0.2950391644908616,False,False,0.2950391644908616,False,False,0.6579634464751958,False,False,0.2950391644908616,False,False,0.2950391644908616,False,False,0.1370757180156658,False,False,0.15013054830287206,False,False
DataSet_01_354,ELK1,True,GSE18849,MDA-MB231,siRNA,GPL4133,-1.46354,True,58,False,,0.0,1,0.11258278,0.15248618784530388,0.07845303867403315,,0.5248041775456919,False,False,0.5248041775456919,False,False,0.47389033942558745,False,False,0.5248041775456919,False,False,0.5248041775456919,False,False,0.9543080939947781,False,False,0.9725848563968669,False,False
DataSet_01_318,ELK3,True,GSE83325,MDA-MB231,shRNA,GPL15207,-2.82074,True,27,False,,0.6666666666666666,0,0.1,0.08388520971302428,0.03532008830022075,,0.44386422976501305,False,False,0.44386422976501305,False,False,0.556135770234987,False,False,0.44386422976501305,False,False,0.44386422976501305,False,False,0.5796344647519582,False,False,0.5953002610966057,False,False
DataSet_01_297,EP300,False,GSE74742,KYSE150,siRNA,GPL17586,0.0,True,73,False,,0.3972602739726027,0,0.13768116,0.08950276243093923,0.036464088397790057,,0.8498694516971279,False,False,0.8498694516971279,False,False,0.8054830287206266,False,False,0.8498694516971279,False,False,0.8485639686684073,False,False,0.24804177545691905,False,False,0.24804177545691905,False,False
DataSet_03_065,EP300,True,GSE66722,LNCaP,siRNA,GPL19874,-1.72724,True,73,False,,0.3972602739726027,18,0.13768116,0.08950276243093923,0.036464088397790057,,0.5365535248041775,False,False,0.5313315926892951,False,False,0.8681462140992167,False,False,0.5365535248041775,False,False,0.5313315926892951,False,False,0.016971279373368148,True,True,0.030026109660574413,True,True
DataSet_02_034,ERF,False,ENCSR268DNJ,K562,CRISPRi,-,-0.8763,True,19,True,1.0,0.7368421052631579,0,0.10714286,0.0430939226519337,0.013259668508287293,default activation,0.0391644908616188,True,True,0.048302872062663184,True,True,0.08746736292428199,True,False,0.04699738903394256,True,True,0.0391644908616188,True,True,0.2402088772845953,False,False,0.2689295039164491,False,False
DataSet_03_067,ERF,False,GSE31912,MCF7,siRNA,GPL570,-0.6383057,True,19,True,1.0,0.7368421052631579,77,0.10714286,0.0430939226519337,0.013259668508287293,default activation,0.10966057441253264,False,False,0.30548302872062666,False,False,0.7336814621409922,False,False,0.2950391644908616,False,False,0.10966057441253264,False,False,0.2584856396866841,False,False,0.5731070496083551,False,False
DataSet_01_017,ERG,True,GSE14801,HUVEC,siRNA,GPL570,-2.34525,True,56,True,1.0,0.0,0,0.09090909,0.09966777408637874,0.046511627906976744,PMID,0.1618798955613577,False,False,0.26631853785900783,False,False,0.18798955613577023,False,False,0.26631853785900783,False,False,0.16057441253263707,False,False,0.14882506527415143,False,False,0.4621409921671018,False,False
DataSet_01_028,ERG,False,GSE16671,VCaP,shRNA,GPL6883,0.11648,True,56,True,1.0,0.0,0,0.09090909,0.09966777408637874,0.046511627906976744,PMID,0.6018276762402088,False,False,0.5744125326370757,False,False,0.3289817232375979,False,False,0.5744125326370757,False,False,0.6018276762402088,False,False,0.9399477806788512,False,False,0.9151436031331592,False,False
DataSet_01_216,ERG,False,GSE53994,VCaP,siRNA,GPL10558,-0.84468,True,56,True,1.0,0.0,0,0.09090909,0.09966777408637874,0.046511627906976744,PMID,0.3302872062663185,False,False,0.4608355091383812,False,False,0.3381201044386423,False,False,0.4621409921671018,False,False,0.3276762402088773,False,False,0.0731070496083551,True,False,0.20365535248041775,False,False
DataSet_01_316,ERG,False,GSE80395,HeLa,siRNA,GPL10558,-0.02152,True,56,True,1.0,0.0,0,0.09090909,0.09966777408637874,0.046511627906976744,PMID,0.16057441253263707,False,False,0.16318537859007834,False,False,0.1409921671018277,False,False,0.16057441253263707,False,False,0.16057441253263707,False,False,0.5691906005221932,False,False,0.5731070496083551,False,False
DataSet_01_001,ESR1,False,GSE10061,MCF7,siRNA,GPL3921,-0.71385,True,600,True,1.0,0.7,0,0.20630373,0.16981132075471697,0.09100998890122086,PMID,0.37597911227154046,False,False,0.41383812010443866,False,False,0.674934725848564,False,False,0.42428198433420367,False,False,0.36945169712793735,False,False,0.9451697127937336,False,False,0.9921671018276762,False,False
DataSet_01_111,ESR1,False,GSE37820,MCF7,siRNA,GPL570,-0.37329,True,600,True,1.0,0.7,0,0.20630373,0.16981132075471697,0.09100998890122086,PMID,0.0039164490861618795,True,True,0.0039164490861618795,True,True,0.0013054830287206266,True,True,0.0039164490861618795,True,True,0.0039164490861618795,True,True,0.0039164490861618795,True,True,0.01174934725848564,True,True
DataSet_03_068,ESR1,False,GSE31912,MCF7,siRNA,GPL570,-0.2699822,True,600,True,1.0,0.7,77,0.20630373,0.16981132075471697,0.09100998890122086,PMID,0.006527415143603133,True,True,0.009138381201044387,True,True,0.014360313315926894,True,True,0.009138381201044387,True,True,0.005221932114882507,True,True,0.0039164490861618795,True,True,0.014360313315926894,True,True
DataSet_03_069,ESR1,False,GSE73550,Endometrial stromal cell,siRNA,GPL571,-0.129601,True,600,True,1.0,0.7,0,0.20630373,0.16981132075471697,0.09100998890122086,PMID,0.014360313315926894,True,True,0.014360313315926894,True,True,0.009138381201044387,True,True,0.014360313315926894,True,True,0.014360313315926894,True,True,0.0026109660574412533,True,True,0.006527415143603133,True,True
DataSet_03_070,ESR1,False,GSE73550,Endometrial stromal cell,siRNA,GPL6244,-0.044205,True,600,True,1.0,0.7,0,0.20630373,0.16981132075471697,0.09100998890122086,PMID,0.0926892950391645,True,False,0.0926892950391645,True,False,0.04177545691906005,True,True,0.0926892950391645,True,False,0.0926892950391645,True,False,0.01174934725848564,True,True,0.018276762402088774,True,True
DataSet_03_071,ESR1,False,GSE95165,MCF7,siRNA,GPL10558,-0.2253937,True,600,True,1.0,0.7,1,0.20630373,0.16981132075471697,0.09100998890122086,PMID,0.031331592689295036,True,True,0.031331592689295036,True,True,0.1227154046997389,False,False,0.031331592689295036,True,True,0.031331592689295036,True,True,0.010443864229765013,True,True,0.014360313315926894,True,True
DataSet_01_229,ESR2,False,GSE57379,BT549,siRNA,GPL11532,-0.01667,True,196,True,1.0,0.7142857142857143,0,0.20630373,0.08719646799116998,0.039735099337748346,default activation,0.9281984334203656,False,False,0.9281984334203656,False,False,0.9007832898172323,False,False,0.9281984334203656,False,False,0.9281984334203656,False,False,0.9686684073107049,False,False,0.9686684073107049,False,False
DataSet_01_115,ESRRA,False,GSE38690,HCT116,shRNA,GPL10739,-0.22577,True,49,True,1.0,0.0,0,0.18181819,0.07743362831858407,0.030973451327433628,regulon,0.3877284595300261,False,False,0.4621409921671018,False,False,0.5443864229765013,False,False,0.46344647519582244,False,False,0.3877284595300261,False,False,0.38642297650130547,False,False,0.46866840731070497,False,False
DataSet_01_280,ESRRA,True,GSE69661,293T,shRNA,GPL17077,-1.91149,True,49,True,1.0,0.0,0,0.18181819,0.07743362831858407,0.030973451327433628,regulon,0.1409921671018277,False,False,0.2950391644908616,False,False,0.2989556135770235,False,False,0.2885117493472585,False,False,0.1409921671018277,False,False,0.283289817232376,False,False,0.4255874673629243,False,False
DataSet_03_072,ESRRA,False,GSE31912,MCF7,siRNA,GPL570,-0.3153857,True,49,True,1.0,0.0,77,0.18181819,0.07743362831858407,0.030973451327433628,regulon,0.42689295039164493,False,False,0.5261096605744126,False,False,0.7023498694516971,False,False,0.5248041775456919,False,False,0.42689295039164493,False,False,0.25326370757180156,False,False,0.2963446475195822,False,False
DataSet_01_173,ESRRG,True,GSE46463,Trophoblast cells,siRNA,GPL10558,-1.14821,True,26,True,1.0,0.5384615384615384,0,0.18181819,0.04966887417218543,0.017660044150110375,default activation,0.12532637075718014,False,False,0.26762402088772846,False,False,0.26762402088772846,False,False,0.26762402088772846,False,False,0.1227154046997389,False,False,0.04569190600522193,True,True,0.3472584856396867,False,False
DataSet_01_076,ETS1,True,GSE31534,A375,siRNA,GPL570,-1.41362,True,206,True,1.0,0.0,11,0.21111111,0.15725359911406422,0.09966777408637874,PMID,0.43994778067885115,False,False,0.5313315926892951,False,False,0.6736292428198434,False,False,0.5300261096605744,False,False,0.43733681462140994,False,False,0.0639686684073107,True,False,0.13446475195822455,False,False
DataSet_01_244,ETS1,True,GSE62135,ALLSIL,siRNA,GPL19197,-2.27346,True,206,True,1.0,0.0,0,0.21111111,0.15725359911406422,0.09966777408637874,PMID,0.031331592689295036,True,True,0.05613577023498695,True,False,0.04177545691906005,True,True,0.0639686684073107,True,False,0.02741514360313316,True,True,0.007832898172323759,True,True,0.06266318537859007,True,False
DataSet_03_073,ETS1,True,GSE122918,WI38,siRNA,GPL17586,-1.201786,True,206,True,1.0,0.0,2,0.21111111,0.15725359911406422,0.09966777408637874,PMID,0.02741514360313316,True,True,0.04177545691906005,True,True,0.04046997389033943,True,True,0.04046997389033943,True,True,0.02610966057441253,True,True,0.028720626631853787,True,True,0.0587467362924282,True,False
DataSet_03_074,ETS1,True,GSE144397,WI38,siRNA,GPL17586,-1.195833,True,206,True,1.0,0.0,2,0.21111111,0.15725359911406422,0.09966777408637874,PMID,0.033942558746736295,True,True,0.05483028720626632,True,False,0.048302872062663184,True,True,0.05483028720626632,True,False,0.033942558746736295,True,True,0.04308093994778068,True,True,0.07571801566579635,True,False
DataSet_01_149,ETS2,True,GSE43459,H441,siRNA,GPL6244,-1.04667,True,105,True,1.0,0.0,0,0.21111111,0.10154525386313466,0.046357615894039736,regulon,0.8433420365535248,False,False,0.9569190600522193,False,False,0.95822454308094,False,False,0.95822454308094,False,False,0.839425587467363,False,False,0.6357702349869452,False,False,0.9673629242819843,False,False
DataSet_01_035,ETV1,False,GSE19396,GIST882,shRNA,GPL6947,-0.99858,True,21,False,,0.0,0,0.1,0.04983388704318937,0.014396456256921373,,0.8067885117493473,False,False,0.8080939947780679,False,False,0.9060052219321149,False,False,0.8067885117493473,False,False,0.8080939947780679,False,False,0.4621409921671018,False,False,0.6657963446475196,False,False
DataSet_01_036,ETV1,True,GSE19396,GIST48,shRNA,GPL6947,-1.87871,True,21,False,,0.0,0,0.1,0.04983388704318937,0.014396456256921373,,0.9804177545691906,False,False,0.9804177545691906,False,False,0.9660574412532638,False,False,0.9804177545691906,False,False,0.9804177545691906,False,False,0.7036553524804178,False,False,0.8785900783289817,False,False
DataSet_01_161,ETV1,False,GSE46329,LNCaP,shRNA,GPL6947,-0.20792,True,21,False,,0.0,0,0.1,0.04983388704318937,0.014396456256921373,,0.018276762402088774,True,True,0.018276762402088774,True,True,0.013054830287206266,True,True,0.018276762402088774,True,True,0.018276762402088774,True,True,0.08485639686684072,True,False,0.09007832898172324,True,False
DataSet_01_179,ETV1,False,GSE47750,LNCaP,shRNA,GPL10558,-0.20308,True,21,False,,0.0,0,0.1,0.04983388704318937,0.014396456256921373,,0.2154046997389034,False,False,0.2154046997389034,False,False,0.1618798955613577,False,False,0.2154046997389034,False,False,0.2154046997389034,False,False,0.5600522193211488,False,False,0.5939947780678851,False,False
DataSet_01_356,ETV4,True,GSE21209,PC3,shRNA,GPL4133,-1.64145,True,62,True,1.0,0.0,0,0.12101911,0.12693156732891833,0.05739514348785872,PMID,0.8368146214099217,False,False,0.9138381201044387,False,False,0.9712793733681462,False,False,0.9138381201044387,False,False,0.8368146214099217,False,False,0.15535248041775457,False,False,0.22193211488250653,False,False
DataSet_01_304,ETV5,True,GSE75692,hADSC,siRNA,GPL10558,-1.12304,True,23,False,,0.0,0,0.09756097,0.08609271523178808,0.037527593818984545,,0.9738903394255874,False,False,0.9738903394255874,False,False,0.9751958224543081,False,False,0.9738903394255874,False,False,0.9738903394255874,False,False,0.6579634464751958,False,False,0.6984334203655352,False,False
DataSet_01_091,ETV6,True,GSE33820,LOUCY,siRNA,GPL10558,-1.3224,True,27,False,,0.14814814814814814,0,0.09615385,0.07403314917127071,0.027624309392265192,,0.9778067885117493,False,False,0.9765013054830287,False,False,0.9660574412532638,False,False,0.9778067885117493,False,False,0.9765013054830287,False,False,0.8825065274151436,False,False,0.9543080939947781,False,False
DataSet_03_075,ETV6,True,GSE75003,U251,siRNA,GPL570,-2.238372,True,27,False,,0.14814814814814814,1,0.09615385,0.07403314917127071,0.027624309392265192,,0.8590078328981723,False,False,0.860313315926893,False,False,0.9046997389033943,False,False,0.8590078328981723,False,False,0.8590078328981723,False,False,0.11618798955613577,False,False,0.5783289817232375,False,False
DataSet_02_122,EWSR1,False,ENCSR532ZPP,HepG2,shRNA,-,-0.78835,True,58,True,1.0,0.6379310344827587,0,0.31932774,0.15027624309392265,0.06629834254143646,default activation,0.6892950391644909,False,False,0.7310704960835509,False,False,0.5600522193211488,False,False,0.737597911227154,False,False,0.6892950391644909,False,False,0.6031331592689295,False,False,0.6344647519582245,False,False
DataSet_02_167,EWSR1,False,ENCSR831YGP,K562,shRNA,-,-0.96275,True,58,True,1.0,0.6379310344827587,0,0.31932774,0.15027624309392265,0.06629834254143646,default activation,0.9503916449086162,False,False,0.9686684073107049,False,False,0.9464751958224543,False,False,0.9699738903394256,False,False,0.9503916449086162,False,False,0.762402088772846,False,False,0.804177545691906,False,False
DataSet_03_076,FHL2,False,GSE66722,LNCaP,siRNA,GPL19874,-0.6177439,True,7,False,,0.2857142857142857,18,0.2,0.0684326710816777,0.03421633554083885,,0.30809399477806787,False,False,0.30809399477806787,False,False,0.8159268929503917,False,False,0.30809399477806787,False,False,0.30809399477806787,False,False,0.1566579634464752,False,False,0.1919060052219321,False,False
DataSet_01_012,FLI1,True,GSE14543,WE68,shRNA,GPL96,-1.46311,True,93,True,1.0,0.5913978494623656,0,0.31932774,0.10099889012208657,0.03662597114317425,PMID,0.16318537859007834,False,False,0.1866840731070496,False,False,0.24151436031331594,False,False,0.18407310704960836,False,False,0.16318537859007834,False,False,0.6840731070496083,False,False,0.7389033942558747,False,False
DataSet_01_013,FLI1,True,GSE14543,SK-N-MC,shRNA,GPL96,-2.12989,True,93,True,1.0,0.5913978494623656,0,0.31932774,0.10099889012208657,0.03662597114317425,PMID,0.022193211488250653,True,True,0.030026109660574413,True,True,0.05613577023498695,True,False,0.030026109660574413,True,True,0.022193211488250653,True,True,0.007832898172323759,True,True,0.022193211488250653,True,True
DataSet_01_014,FLI1,True,GSE14543,TC252,shRNA,GPL96,-1.62202,True,93,True,1.0,0.5913978494623656,0,0.31932774,0.10099889012208657,0.03662597114317425,PMID,0.11096605744125326,False,False,0.14490861618798956,False,False,0.20887728459530025,False,False,0.14360313315926893,False,False,0.11096605744125326,False,False,0.16449086161879894,False,False,0.40600522193211486,False,False
DataSet_01_015,FLI1,True,GSE14543,STA-ET-1,shRNA,GPL96,-1.08896,True,93,True,1.0,0.5913978494623656,0,0.31932774,0.10099889012208657,0.03662597114317425,PMID,0.22193211488250653,False,False,0.24673629242819844,False,False,0.43733681462140994,False,False,0.2454308093994778,False,False,0.2206266318537859,False,False,0.5509138381201044,False,False,0.6227154046997389,False,False
DataSet_01_016,FLI1,True,GSE14543,STA-ET-7.2,shRNA,GPL96,-1.26522,True,93,True,1.0,0.5913978494623656,0,0.31932774,0.10099889012208657,0.03662597114317425,PMID,0.016971279373368148,True,True,0.0195822454308094,True,True,0.031331592689295036,True,True,0.0195822454308094,True,True,0.016971279373368148,True,True,0.07049608355091384,True,False,0.1409921671018277,False,False
DataSet_03_078,FLI1,True,GSE144625,THP-1,siRNA,GPL26944,-1.915758,True,93,True,1.0,0.5913978494623656,0,0.31932774,0.10099889012208657,0.03662597114317425,PMID,0.9817232375979112,False,False,0.9882506527415144,False,False,0.9778067885117493,False,False,0.9882506527415144,False,False,0.9817232375979112,False,False,0.7323759791122716,False,False,0.9112271540469974,False,False
DataSet_01_099,FOS,True,GSE36586,MCF7,siRNA,GPL14550,-1.23434,True,330,True,-1.0,0.5484848484848485,0,0.31675392,0.14917127071823205,0.07513812154696133,PMID,0.8838120104438643,False,False,0.8681462140992167,False,False,0.9281984334203656,False,False,0.8668407310704961,False,False,0.8838120104438643,False,False,0.8015665796344648,False,False,0.97911227154047,False,False
DataSet_03_079,FOS,False,GSE31912,MCF7,siRNA,GPL570,-0.52856,True,330,True,-1.0,0.5484848484848485,77,0.31675392,0.14917127071823205,0.07513812154696133,PMID,0.8785900783289817,False,False,0.8420365535248042,False,False,0.783289817232376,False,False,0.8420365535248042,False,False,0.8746736292428199,False,False,0.15926892950391644,False,False,0.9947780678851175,False,False
DataSet_01_171,FOSL1,True,GSE46440,BT549,siRNA,GPL11532,-1.41633,True,50,False,,0.56,1,0.19402985,0.08719646799116998,0.039735099337748346,,0.5234986945169713,False,False,0.5195822454308094,False,False,0.6906005221932114,False,False,0.5234986945169713,False,False,0.5195822454308094,False,False,0.9073107049608355,False,False,0.9399477806788512,False,False
DataSet_01_104,FOXA1,False,GSE37314,LNCaP,siRNA,GPL10558,-0.87875,True,69,False,,0.36231884057971014,0,0.19883041,0.1388888888888889,0.07666666666666666,,0.27154046997389036,False,False,0.27154046997389036,False,False,0.14490861618798956,False,False,0.27154046997389036,False,False,0.27154046997389036,False,False,0.8407310704960835,False,False,0.8772845953002611,False,False
DataSet_01_105,FOXA1,True,GSE37314,22RV1,shRNA,GPL10558,-1.75809,True,69,False,,0.36231884057971014,0,0.19883041,0.1388888888888889,0.07666666666666666,,0.04960835509138381,True,True,0.04960835509138381,True,True,0.0587467362924282,True,False,0.04960835509138381,True,True,0.04960835509138381,True,True,0.06657963446475196,True,False,0.21279373368146215,False,False
DataSet_01_233,FOXA1,True,GSE58309,LNCaP,siRNA,GPL6244,-1.43603,True,69,False,,0.36231884057971014,1,0.19883041,0.1388888888888889,0.07666666666666666,,0.14490861618798956,False,False,0.1422976501305483,False,False,0.23368146214099217,False,False,0.14490861618798956,False,False,0.1422976501305483,False,False,0.7310704960835509,False,False,0.7963446475195822,False,False
DataSet_03_080,FOXA1,True,GSE124270,MCF7,siRNA,GPL10558,-1.392308,True,69,False,,0.36231884057971014,1,0.19883041,0.1388888888888889,0.07666666666666666,,0.020887728459530026,True,True,0.020887728459530026,True,True,0.02610966057441253,True,True,0.020887728459530026,True,True,0.020887728459530026,True,True,0.6475195822454308,False,False,0.8198433420365535,False,False
DataSet_03_081,FOXA1,False,GSE25315,MCF7,siRNA,GPL10558,-0.8814193,True,69,False,,0.36231884057971014,0,0.19883041,0.1388888888888889,0.07666666666666666,,0.01174934725848564,True,True,0.01174934725848564,True,True,0.006527415143603133,True,True,0.01174934725848564,True,True,0.01174934725848564,True,True,0.7297650130548303,False,False,0.8498694516971279,False,False
DataSet_03_082,FOXA1,False,GSE25316,MCF7,siRNA,GPL10558,-0.8814193,True,69,False,,0.36231884057971014,0,0.19883041,0.1388888888888889,0.07666666666666666,,0.01174934725848564,True,True,0.01174934725848564,True,True,0.006527415143603133,True,True,0.01174934725848564,True,True,0.01174934725848564,True,True,0.7297650130548303,False,False,0.8498694516971279,False,False
DataSet_03_083,FOXA1,False,GSE27682,LNCaP,siRNA,GPL6102,-0.7233214,True,69,False,,0.36231884057971014,0,0.19883041,0.1388888888888889,0.07666666666666666,,0.050913838120104436,True,False,0.05221932114882506,True,False,0.07049608355091384,True,False,0.050913838120104436,True,False,0.05221932114882506,True,False,0.7467362924281984,False,False,0.9046997389033943,False,False
DataSet_03_084,FOXC1,False,GSE31912,MCF7,siRNA,GPL570,-0.8553087,True,17,False,,0.0,77,0.16216215,0.10927152317880795,0.05187637969094923,,0.5548302872062664,False,False,0.5574412532637075,False,False,0.556135770234987,False,False,0.5548302872062664,False,False,0.5574412532637075,False,False,0.23890339425587467,False,False,0.7467362924281984,False,False
DataSet_01_236,FOXC2,False,GSE60152,Lymphatic endothelial cells,siRNA,GPL6244,-0.5495,True,24,False,,0.625,0,0.16216215,0.12693156732891833,0.06291390728476821,,0.39295039164490864,False,False,0.39295039164490864,False,False,0.3720626631853786,False,False,0.39295039164490864,False,False,0.39295039164490864,False,False,0.05221932114882506,True,False,0.13054830287206268,False,False
DataSet_03_085,FOXD1,True,GSE44305,Fibroblast,siRNA,GPL10558,-2.771563,True,6,False,,0.16666666666666666,6,0.15,0.12030905077262694,0.059602649006622516,,0.31723237597911225,False,False,0.31462140992167104,False,False,0.3328981723237598,False,False,0.31723237597911225,False,False,0.31462140992167104,False,False,0.028720626631853787,True,True,0.2845953002610966,False,False
DataSet_03_086,FOXF2,False,GSE55675,MCF10A,siRNA,GPL18387,-0.7526747,True,12,False,,0.25,0,0.10526316,0.112707182320442,0.045303867403314914,,0.9086161879895561,False,False,0.9099216710182768,False,False,0.9216710182767625,False,False,0.9086161879895561,False,False,0.9086161879895561,False,False,0.7075718015665796,False,False,0.7075718015665796,False,False
DataSet_03_087,FOXF2,True,GSE55675,MDA-MB-231,siRNA,GPL18387,-1.079575,True,12,False,,0.25,0,0.10526316,0.112707182320442,0.045303867403314914,,0.9242819843342036,False,False,0.9242819843342036,False,False,0.9425587467362925,False,False,0.9242819843342036,False,False,0.9242819843342036,False,False,0.8642297650130548,False,False,0.8642297650130548,False,False
DataSet_01_077,FOXM1,True,GSE31534,A375,siRNA,GPL570,-1.52687,True,97,True,1.0,0.0,11,0.12605043,0.15350389321468297,0.08565072302558398,regulon,0.2454308093994778,False,False,0.3877284595300261,False,False,0.2193211488250653,False,False,0.38642297650130547,False,False,0.24151436031331594,False,False,0.12924281984334204,False,False,0.19321148825065274,False,False
DataSet_01_122,FOXM1,False,GSE40051,U87,siRNA,GPL570,-0.17816,True,97,True,1.0,0.0,0,0.12605043,0.15350389321468297,0.08565072302558398,regulon,0.9046997389033943,False,False,0.9046997389033943,False,False,0.9099216710182768,False,False,0.9086161879895561,False,False,0.9046997389033943,False,False,0.8328981723237598,False,False,0.8368146214099217,False,False
DataSet_01_223,FOXM1,True,GSE55204,MCF7,siRNA,GPL96,-3.69268,True,97,True,1.0,0.0,0,0.12605043,0.15350389321468297,0.08565072302558398,regulon,0.04308093994778068,True,True,0.24673629242819844,False,False,0.42428198433420367,False,False,0.2519582245430809,False,False,0.04308093994778068,True,True,0.0013054830287206266,True,True,0.0926892950391645,True,False
DataSet_02_037,FOXM1,False,ENCSR701TVL,K562,CRISPRi,-,-0.11168,True,97,True,1.0,0.0,0,0.12605043,0.15350389321468297,0.08565072302558398,regulon,0.5691906005221932,False,False,0.5744125326370757,False,False,0.45430809399477806,False,False,0.5783289817232375,False,False,0.5691906005221932,False,False,0.17493472584856398,False,False,0.17754569190600522,False,False
DataSet_03_090,FOXM1,True,GSE17543,Vascular smooth muscle cells,siRNA,GPL570,-3.169468,True,97,True,1.0,0.0,0,0.12605043,0.15350389321468297,0.08565072302558398,regulon,0.009138381201044387,True,True,0.01174934725848564,True,True,0.016971279373368148,True,True,0.01174934725848564,True,True,0.009138381201044387,True,True,0.0013054830287206266,True,True,0.0039164490861618795,True,True
DataSet_03_091,FOXM1,True,GSE2222,BT-20 cells,siRNA,GPL96,-2.553802,True,97,True,1.0,0.0,1,0.12605043,0.15350389321468297,0.08565072302558398,regulon,0.04960835509138381,True,True,0.20365535248041775,False,False,0.42297650130548303,False,False,0.20757180156657964,False,False,0.04569190600522193,True,True,0.0013054830287206266,True,True,0.39947780678851175,False,False
DataSet_03_092,FOXM1,False,GSE66714,SUDHL6 DLBCL,siRNA,GPL10558,-0.1170544,True,97,True,1.0,0.0,1,0.12605043,0.15350389321468297,0.08565072302558398,regulon,0.5496083550913838,False,False,0.6109660574412533,False,False,0.9647519582245431,False,False,0.6122715404699739,False,False,0.5496083550913838,False,False,0.6357702349869452,False,False,0.7767624020887729,False,False
DataSet_03_093,FOXM1,True,GSE75243,TE1,siRNA,GPL5175,-1.980335,True,97,True,1.0,0.0,0,0.12605043,0.15350389321468297,0.08565072302558398,regulon,0.020887728459530026,True,True,0.21018276762402088,False,False,0.25326370757180156,False,False,0.21409921671018275,False,False,0.018276762402088774,True,True,0.022193211488250653,True,True,0.34856396866840733,False,False
DataSet_01_106,FOXO1,False,GSE37409,EWS-FLI1,shRNA,GPL570,-0.885,True,265,True,1.0,0.0,0,0.21065989,0.11444444444444445,0.056666666666666664,PMID,0.95822454308094,False,False,0.9660574412532638,False,False,0.9634464751958225,False,False,0.9660574412532638,False,False,0.9569190600522193,False,False,0.293733681462141,False,False,0.5757180156657964,False,False
DataSet_01_270,FOXO1,False,GSE67390,HUVEC,siRNA,GPL10558,-0.96386,True,265,True,1.0,0.0,0,0.21065989,0.11444444444444445,0.056666666666666664,PMID,0.010443864229765013,True,True,0.01174934725848564,True,True,0.010443864229765013,True,True,0.01174934725848564,True,True,0.01174934725848564,True,True,0.42950391644908614,False,False,0.7245430809399478,False,False
DataSet_01_321,FOXO1,False,GSE86066,RS4;11,shRNA,GPL6244,-0.00202,True,265,True,1.0,0.0,0,0.21065989,0.11444444444444445,0.056666666666666664,PMID,0.8289817232375979,False,False,0.8289817232375979,False,False,0.7663185378590078,False,False,0.8289817232375979,False,False,0.8289817232375979,False,False,0.04569190600522193,True,True,0.04569190600522193,True,True
DataSet_01_322,FOXO1,False,GSE86066,018Z,shRNA,GPL6244,0.0721,True,265,True,1.0,0.0,0,0.21065989,0.11444444444444445,0.056666666666666664,PMID,0.8759791122715405,False,False,0.8746736292428199,False,False,0.8472584856396866,False,False,0.8759791122715405,False,False,0.8759791122715405,False,False,0.016971279373368148,True,True,0.016971279373368148,True,True
DataSet_03_094,FOXO1,False,GSE109911,BL41,shRNA,GPL6244,-0.3286175,True,265,True,1.0,0.0,0,0.21065989,0.11444444444444445,0.056666666666666664,PMID,0.38642297650130547,False,False,0.42297650130548303,False,False,0.38511749347258484,False,False,0.42297650130548303,False,False,0.38511749347258484,False,False,0.014360313315926894,True,True,0.015665796344647518,True,True
DataSet_03_095,FOXO1,False,GSE109911,Namalwa,shRNA,GPL6244,-0.1014295,True,265,True,1.0,0.0,0,0.21065989,0.11444444444444445,0.056666666666666664,PMID,0.6370757180156658,False,False,0.6449086161879896,False,False,0.6266318537859008,False,False,0.6449086161879896,False,False,0.6383812010443864,False,False,0.0039164490861618795,True,True,0.005221932114882507,True,True
DataSet_03_096,FOXO1,True,GSE142608,primary human dermal lymphatic endothelial cells,siRNA,GPL16699,-3.68757,True,265,True,1.0,0.0,0,0.21065989,0.11444444444444445,0.056666666666666664,PMID,0.08877284595300261,True,False,0.1227154046997389,False,False,0.21671018276762402,False,False,0.12140992167101827,False,False,0.08877284595300261,True,False,0.0039164490861618795,True,True,0.005221932114882507,True,True
DataSet_01_267,FOXO3,True,GSE66404,PANC1,siRNA,GPL17077,-1.83034,True,191,True,1.0,0.3507853403141361,0,0.21065989,0.16997792494481237,0.09933774834437085,PMID,0.20887728459530025,False,False,0.29765013054830286,False,False,0.25718015665796345,False,False,0.3002610966057441,False,False,0.20496083550913838,False,False,0.6932114882506527,False,False,0.8877284595300261,False,False
DataSet_01_088,FOXP1,True,GSE32968,HUVEC,siRNA,GPL6480,-1.35282,True,33,True,1.0,0.6666666666666666,0,0.12195122,0.08657047724750278,0.04328523862375139,default activation,0.07180156657963446,True,False,0.16840731070496084,False,False,0.13185378590078328,False,False,0.16057441253263707,False,False,0.07180156657963446,True,False,0.36161879895561355,False,False,0.5522193211488251,False,False
DataSet_01_208,FOXP1,False,GSE51382,OCI-Ly10,siRNA,GPL570,-0.88367,True,33,True,1.0,0.6666666666666666,0,0.12195122,0.08657047724750278,0.04328523862375139,default activation,0.5953002610966057,False,False,0.6840731070496083,False,False,0.695822454308094,False,False,0.6840731070496083,False,False,0.5953002610966057,False,False,0.8276762402088773,False,False,0.8838120104438643,False,False
DataSet_01_209,FOXP1,False,GSE51382,OCI-Ly1,siRNA,GPL570,-0.91617,True,33,True,1.0,0.6666666666666666,0,0.12195122,0.08657047724750278,0.04328523862375139,default activation,0.03524804177545692,True,True,0.048302872062663184,True,True,0.07702349869451697,True,False,0.04308093994778068,True,True,0.03524804177545692,True,True,0.26370757180156656,False,False,0.2793733681462141,False,False
DataSet_01_210,FOXP1,False,GSE51382,OCI-Ly7,siRNA,GPL570,-0.51081,True,33,True,1.0,0.6666666666666666,0,0.12195122,0.08657047724750278,0.04328523862375139,default activation,0.5809399477806788,False,False,0.6148825065274152,False,False,0.6579634464751958,False,False,0.6109660574412533,False,False,0.5809399477806788,False,False,0.6462140992167101,False,False,0.6814621409921671,False,False
DataSet_01_234,FOXP1,False,GSE58309,LNCaP,siRNA,GPL6244,-0.72432,True,33,True,1.0,0.6666666666666666,1,0.12195122,0.08657047724750278,0.04328523862375139,default activation,0.34203655352480417,False,False,0.4725848563968668,False,False,0.3198433420365535,False,False,0.47127937336814624,False,False,0.34203655352480417,False,False,0.1866840731070496,False,False,0.22323759791122716,False,False
DataSet_03_099,FOXP1,False,GSE31912,MCF7,siRNA,GPL570,-0.422436,True,33,True,1.0,0.6666666666666666,77,0.12195122,0.08657047724750278,0.04328523862375139,default activation,0.5848563968668408,False,False,0.7467362924281984,False,False,0.6866840731070496,False,False,0.7506527415143603,False,False,0.5848563968668408,False,False,0.793733681462141,False,False,0.8838120104438643,False,False
DataSet_01_113,GABPA,False,GSE38332,A549,siRNA,GPL570,-0.20155,True,38,False,,0.0,0,0.08045977,0.08075221238938053,0.032079646017699116,,0.2245430809399478,False,False,0.2245430809399478,False,False,0.37989556135770236,False,False,0.2245430809399478,False,False,0.2245430809399478,False,False,0.5352480417754569,False,False,0.5430809399477807,False,False
DataSet_01_190,GABPA,False,GSE49083,C4-2B,shRNA,GPL10558,9.87959,True,38,False,,0.0,0,0.08045977,0.08075221238938053,0.032079646017699116,,0.9765013054830287,False,False,0.9765013054830287,False,False,0.9751958224543081,False,False,0.9765013054830287,False,False,0.9765013054830287,False,False,0.7885117493472585,False,False,0.7845953002610966,False,False
DataSet_01_191,GABPA,False,GSE49083,LNCaP,shRNA,GPL10558,9.4972,True,38,False,,0.0,0,0.08045977,0.08075221238938053,0.032079646017699116,,0.9778067885117493,False,False,0.9778067885117493,False,False,0.97911227154047,False,False,0.9778067885117493,False,False,0.9778067885117493,False,False,0.7885117493472585,False,False,0.7845953002610966,False,False
DataSet_02_060,GATA1,False,ENCSR850LOZ,K562,CRISPRi,-,-0.9943,True,141,True,1.0,0.0,0,0.17961165,0.08719646799116998,0.03863134657836645,PMID,0.43994778067885115,False,False,0.4608355091383812,False,False,0.5652741514360313,False,False,0.4608355091383812,False,False,0.43994778067885115,False,False,0.8420365535248042,False,False,0.8785900783289817,False,False
DataSet_01_061,GATA2,False,GSE28304,HMVEC,siRNA,GPL570,-0.52569,True,97,True,1.0,0.0,0,0.17961165,0.06319290465631928,0.02328159645232816,PMID,0.618798955613577,False,False,0.6370757180156658,False,False,0.6566579634464752,False,False,0.6409921671018277,False,False,0.618798955613577,False,False,0.5117493472584856,False,False,0.716710182767624,False,False
DataSet_01_193,GATA2,False,GSE49342,LNCaP,siRNA,GPL14550,0.68119,True,97,True,1.0,0.0,0,0.17961165,0.06319290465631928,0.02328159645232816,PMID,0.2245430809399478,False,False,0.21409921671018275,False,False,0.2950391644908616,False,False,0.20887728459530025,False,False,0.2245430809399478,False,False,0.27284595300261094,False,False,0.1762402088772846,False,False
DataSet_02_028,GATA2,False,ENCSR557BMX,K562,CRISPRi,-,-0.38768,True,97,True,1.0,0.0,0,0.17961165,0.06319290465631928,0.02328159645232816,PMID,0.1174934725848564,False,False,0.12663185378590078,False,False,0.12402088772845953,False,False,0.12924281984334204,False,False,0.1174934725848564,False,False,0.3733681462140992,False,False,0.5639686684073107,False,False
DataSet_03_100,GATA2,True,GSE108407,Decidual stromal cells,siRNA,GPL570,-1.408143,True,97,True,1.0,0.0,0,0.17961165,0.06319290465631928,0.02328159645232816,PMID,0.05483028720626632,True,False,0.08485639686684072,True,False,0.06135770234986945,True,False,0.08485639686684072,True,False,0.05483028720626632,True,False,0.010443864229765013,True,True,0.0731070496083551,True,False
DataSet_03_101,GATA2,False,GSE110726,Lymphatic endothelial cells,siRNA,GPL17585,-0.8610377,True,97,True,1.0,0.0,0,0.17961165,0.06319290465631928,0.02328159645232816,PMID,0.7454308093994778,False,False,0.7845953002610966,False,False,0.741514360313316,False,False,0.7963446475195822,False,False,0.7454308093994778,False,False,0.030026109660574413,True,True,0.39295039164490864,False,False
DataSet_01_120,GATA3,False,GSE39623,MCF7,siRNA,GPL6947,-0.81029,True,182,True,1.0,0.7197802197802198,0,0.08766234,0.07982261640798226,0.024390243902439025,PMID,0.37467362924281983,False,False,0.46475195822454307,False,False,0.6984334203655352,False,False,0.46344647519582244,False,False,0.3720626631853786,False,False,0.050913838120104436,True,False,0.17232375979112272,False,False
DataSet_01_163,GATA3,False,GSE46333,CD4+ T cells,siRNA,GPL14550,0.35299,True,182,True,1.0,0.7197802197802198,6,0.08766234,0.07982261640798226,0.024390243902439025,PMID,0.10443864229765012,False,False,0.10443864229765012,False,False,0.1122715404699739,False,False,0.1031331592689295,False,False,0.10443864229765012,False,False,0.08485639686684072,True,False,0.07571801566579635,True,False
DataSet_01_347,GATA3,True,GSE76581,OEC-M1,siRNA,GPL21185,-1.49625,True,182,True,1.0,0.7197802197802198,1,0.08766234,0.07982261640798226,0.024390243902439025,PMID,0.7571801566579635,False,False,0.8093994778067886,False,False,0.6462140992167101,False,False,0.8133159268929504,False,False,0.7558746736292428,False,False,0.03524804177545692,True,True,0.36553524804177545,False,False
DataSet_03_102,GATA3,False,GSE31912,MCF7,siRNA,GPL570,-0.4223427,True,182,True,1.0,0.7197802197802198,77,0.08766234,0.07982261640798226,0.024390243902439025,PMID,0.46475195822454307,False,False,0.5156657963446475,False,False,0.7193211488250653,False,False,0.5143603133159269,False,False,0.4660574412532637,False,False,0.5195822454308094,False,False,0.8707571801566579,False,False
DataSet_03_103,GATA3,False,GSE95165,MCF7,siRNA,GPL10558,-0.2760869,True,182,True,1.0,0.7197802197802198,1,0.08766234,0.07982261640798226,0.024390243902439025,PMID,0.6736292428198434,False,False,0.6892950391644909,False,False,0.7284595300261096,False,False,0.6866840731070496,False,False,0.6736292428198434,False,False,0.7154046997389034,False,False,0.8433420365535248,False,False
DataSet_03_104,GATA4,False,GSE110788,HUH6,siRNA,GPL10558,-0.4232333,True,137,True,1.0,0.6131386861313869,0,0.17877094,0.12292358803986711,0.044296788482835,default activation,0.03524804177545692,True,True,0.07702349869451697,True,False,0.13577023498694518,False,False,0.07963446475195822,True,False,0.033942558746736295,True,True,0.005221932114882507,True,True,0.08093994778067885,True,False
DataSet_03_105,GATA4,False,GSE51706,AGS,siRNA,GPL570,0.1391811,True,137,True,1.0,0.6131386861313869,6,0.17877094,0.12292358803986711,0.044296788482835,default activation,0.2206266318537859,False,False,0.2154046997389034,False,False,0.11618798955613577,False,False,0.2154046997389034,False,False,0.2206266318537859,False,False,0.9360313315926893,False,False,0.9268929503916449,False,False
DataSet_03_106,GATA4,False,GSE51706,KatoIII,siRNA,GPL570,-0.09400658,True,137,True,1.0,0.6131386861313869,6,0.17877094,0.12292358803986711,0.044296788482835,default activation,0.016971279373368148,True,True,0.0195822454308094,True,True,0.028720626631853787,True,True,0.016971279373368148,True,True,0.016971279373368148,True,True,0.057441253263707574,True,False,0.0783289817232376,True,False
DataSet_03_107,GATA4,False,GSE51706,YCC3,siRNA,GPL570,-0.5560015,True,137,True,1.0,0.6131386861313869,6,0.17877094,0.12292358803986711,0.044296788482835,default activation,0.2989556135770235,False,False,0.32506527415143605,False,False,0.2793733681462141,False,False,0.3289817232375979,False,False,0.2963446475195822,False,False,0.2349869451697128,False,False,0.7245430809399478,False,False
DataSet_01_247,GATA6,True,GSE62316,HT29,siRNA,GPL16686,-1.15245,True,84,True,1.0,0.6904761904761905,0,0.12690355,0.13178294573643412,0.07641196013289037,default activation,0.06135770234986945,True,False,0.10443864229765012,False,False,0.06788511749347259,True,False,0.10704960835509138,False,False,0.06005221932114883,True,False,0.0195822454308094,True,True,0.15796344647519583,False,False
DataSet_03_108,GATA6,True,GSE51706,AGS,siRNA,GPL570,-1.123892,True,84,True,1.0,0.6904761904761905,6,0.12690355,0.13178294573643412,0.07641196013289037,default activation,0.2689295039164491,False,False,0.3289817232375979,False,False,0.16449086161879894,False,False,0.3342036553524804,False,False,0.26762402088772846,False,False,0.3198433420365535,False,False,0.643603133159269,False,False
DataSet_03_109,GATA6,False,GSE51706,KatoIII,siRNA,GPL570,-0.8342581,True,84,True,1.0,0.6904761904761905,6,0.12690355,0.13178294573643412,0.07641196013289037,default activation,0.7702349869451697,False,False,0.8198433420365535,False,False,0.664490861618799,False,False,0.8198433420365535,False,False,0.7702349869451697,False,False,0.18276762402088773,False,False,0.5404699738903395,False,False
DataSet_03_110,GATA6,True,GSE51706,YCC3,siRNA,GPL570,-1.090599,True,84,True,1.0,0.6904761904761905,6,0.12690355,0.13178294573643412,0.07641196013289037,default activation,0.006527415143603133,True,True,0.013054830287206266,True,True,0.03524804177545692,True,True,0.013054830287206266,True,True,0.006527415143603133,True,True,0.0026109660574412533,True,True,0.010443864229765013,True,True
DataSet_01_143,GLI2,False,GSE42903,U2OS,siRNA,GPL6244,-0.36754,True,145,False,,0.07586206896551724,0,0.11904762,0.22958057395143489,0.152317880794702,,0.5326370757180157,False,False,0.5313315926892951,False,False,0.5104438642297651,False,False,0.5326370757180157,False,False,0.5313315926892951,False,False,0.8067885117493473,False,False,0.8903394255874674,False,False
DataSet_01_289,GRHL2,False,GSE71017,OVCA429,shRNA,GPL16686,-0.27854,True,10,True,1.0,0.8,0,0.14285715,0.10619469026548672,0.051991150442477874,default activation,0.009138381201044387,True,True,0.0195822454308094,True,True,0.10052219321148825,False,False,0.016971279373368148,True,True,0.009138381201044387,True,True,0.005221932114882507,True,True,0.006527415143603133,True,True
DataSet_01_363,GRHL2,False,GSE90132,A2780s,CRISPRko,GPL4133,0.07649,True,10,True,1.0,0.8,0,0.14285715,0.10619469026548672,0.051991150442477874,default activation,0.4556135770234987,False,False,0.4073107049608355,False,False,0.31462140992167104,False,False,0.4073107049608355,False,False,0.4556135770234987,False,False,0.1618798955613577,False,False,0.13446475195822455,False,False
DataSet_01_364,GRHL2,False,GSE90132,SKOV3,shRNA,GPL4133,-0.03762,True,10,True,1.0,0.8,0,0.14285715,0.10619469026548672,0.051991150442477874,default activation,0.08877284595300261,True,False,0.10052219321148825,False,False,0.13446475195822455,False,False,0.09007832898172324,True,False,0.08877284595300261,True,False,0.13315926892950392,False,False,0.15404699738903394,False,False
DataSet_01_336,GRHL3,True,GSE94465,NHEK,siRNA,GPL6244,-3.45616,True,28,False,,1.0,0,0.19672132,0.06961325966850829,0.036464088397790057,,0.2010443864229765,False,False,0.2010443864229765,False,False,0.2010443864229765,False,False,0.2010443864229765,False,False,0.2010443864229765,False,False,0.028720626631853787,True,True,0.10966057441253264,False,False
DataSet_03_113,GRHL3,True,GSE37049,Primary neonatal keratinocytes,siRNA,GPL6244,-1.841626,True,28,False,,1.0,0,0.19672132,0.06961325966850829,0.036464088397790057,,0.195822454308094,False,False,0.19451697127937337,False,False,0.2597911227154047,False,False,0.195822454308094,False,False,0.19451697127937337,False,False,0.14490861618798956,False,False,0.2741514360313316,False,False
DataSet_03_114,HDAC3,True,GSE31912,MCF7,siRNA,GPL570,-1.015974,True,27,False,,0.5185185185185185,77,0.10526316,0.11147902869757174,0.04856512141280353,,0.7741514360313316,False,False,0.7741514360313316,False,False,0.8550913838120104,False,False,0.7741514360313316,False,False,0.7741514360313316,False,False,0.7049608355091384,False,False,0.7676240208877284,False,False
DataSet_03_115,HDAC5,False,GSE31912,MCF7,siRNA,GPL570,-0.1492163,True,9,False,,0.0,77,0.10526316,0.12251655629139073,0.056291390728476824,,0.304177545691906,False,False,0.304177545691906,False,False,0.4556135770234987,False,False,0.304177545691906,False,False,0.304177545691906,False,False,0.4464751958224543,False,False,0.4464751958224543,False,False
DataSet_02_104,HDGF,True,ENCSR634KHL,HepG2,shRNA,-,-3.16823,True,7,False,,0.2857142857142857,0,0.23076923,0.10927152317880795,0.056291390728476824,,0.3133159268929504,False,False,0.3133159268929504,False,False,0.3381201044386423,False,False,0.3133159268929504,False,False,0.3133159268929504,False,False,0.3433420365535248,False,False,0.3577023498694517,False,False
DataSet_01_266,HES1,False,GSE65872,CUTLL1,shRNA,GPL10558,0.7269,True,91,True,1.0,0.5274725274725275,0,0.12587413,0.08388520971302428,0.02869757174392936,default activation,0.7950391644908616,False,False,0.7441253263707572,False,False,0.8472584856396866,False,False,0.7428198433420365,False,False,0.8067885117493473,False,False,0.9947780678851175,False,False,0.9738903394255874,False,False
DataSet_03_116,HES6,True,GSE22692,A172,siRNA,GPL6947,-1.285988,True,9,False,,0.4444444444444444,0,0.16666667,0.07292817679558011,0.04088397790055249,,0.37467362924281983,False,False,0.36945169712793735,False,False,0.47911227154047,False,False,0.37467362924281983,False,False,0.36945169712793735,False,False,0.31723237597911225,False,False,0.6814621409921671,False,False
DataSet_03_117,HES6,True,GSE22692,LN405,siRNA,GPL6947,-1.006761,True,9,False,,0.4444444444444444,0,0.16666667,0.07292817679558011,0.04088397790055249,,0.22845953002610966,False,False,0.2258485639686684,False,False,0.3838120104438642,False,False,0.22845953002610966,False,False,0.2258485639686684,False,False,0.05613577023498695,True,False,0.31592689295039167,False,False
DataSet_01_205,HIC1,False,GSE50061,HBL100,shRNA,GPL17077,0.42471,True,21,True,1.0,0.47619047619047616,0,0.125,0.13922651933701657,0.056353591160221,default activation,1.0,False,False,1.0,False,False,0.9986945169712794,False,False,1.0,False,False,1.0,False,False,0.9882506527415144,False,False,0.9856396866840731,False,False
DataSet_03_118,HIC1,False,GSE141642,PC3,CRISPR,GPL21185,-0.156872,True,21,True,1.0,0.47619047619047616,0,0.125,0.13922651933701657,0.056353591160221,default activation,0.6253263707571801,False,False,0.643603133159269,False,False,0.7741514360313316,False,False,0.6514360313315927,False,False,0.6253263707571801,False,False,0.2206266318537859,False,False,0.2349869451697128,False,False
DataSet_01_086,HIF1A,True,GSE3188,MCF7,siRNA,GPL570,-2.143,True,447,True,-1.0,0.5525727069351231,0,0.16429496,0.19577308120133483,0.13348164627363737,PMID,0.0013054830287206266,True,True,0.0013054830287206266,True,True,0.0013054830287206266,True,True,0.0013054830287206266,True,True,0.0013054830287206266,True,True,0.0013054830287206266,True,True,0.007832898172323759,True,True
DataSet_01_087,HIF1A,False,GSE3188,MCF7,siRNA,GPL2507,-0.54765,True,447,True,-1.0,0.5525727069351231,0,0.16429496,0.19577308120133483,0.13348164627363737,PMID,0.0013054830287206266,True,True,0.0013054830287206266,True,True,0.0013054830287206266,True,True,0.0013054830287206266,True,True,0.0013054830287206266,True,True,0.0013054830287206266,True,True,0.0026109660574412533,True,True
DataSet_01_156,HIF1A,True,GSE44943,HepG2,shRNA,GPL6244,-2.85412,True,447,True,-1.0,0.5525727069351231,0,0.16429496,0.19577308120133483,0.13348164627363737,PMID,0.1422976501305483,False,False,0.031331592689295036,True,True,0.02349869451697128,True,True,0.04699738903394256,True,True,0.12402088772845953,False,False,0.0013054830287206266,True,True,0.9268929503916449,False,False
DataSet_01_220,HIF1A,True,GSE54360,HepG2,shRNA,GPL6244,-1.23384,True,447,True,-1.0,0.5525727069351231,0,0.16429496,0.19577308120133483,0.13348164627363737,PMID,0.01174934725848564,True,True,0.007832898172323759,True,True,0.006527415143603133,True,True,0.009138381201044387,True,True,0.009138381201044387,True,True,0.0026109660574412533,True,True,0.037859007832898174,True,True
DataSet_01_224,HIF1A,True,GSE55212,HuH7,shRNA,GPL14951,-1.95443,True,447,True,-1.0,0.5525727069351231,0,0.16429496,0.19577308120133483,0.13348164627363737,PMID,0.028720626631853787,True,True,0.016971279373368148,True,True,0.016971279373368148,True,True,0.016971279373368148,True,True,0.030026109660574413,True,True,0.0013054830287206266,True,True,0.9099216710182768,False,False
DataSet_01_228,HIF1A,True,GSE56989,Primary human macrophages,siRNA,GPL6244,-1.68165,True,447,True,-1.0,0.5525727069351231,0,0.16429496,0.19577308120133483,0.13348164627363737,PMID,0.014360313315926894,True,True,0.005221932114882507,True,True,0.005221932114882507,True,True,0.007832898172323759,True,True,0.007832898172323759,True,True,0.0013054830287206266,True,True,0.024804177545691905,True,True
DataSet_01_348,HIF1A,True,GSE76581,OEC-M1,siRNA,GPL21185,-2.45837,True,447,True,-1.0,0.5525727069351231,1,0.16429496,0.19577308120133483,0.13348164627363737,PMID,0.0013054830287206266,True,True,0.0013054830287206266,True,True,0.0013054830287206266,True,True,0.0013054830287206266,True,True,0.0013054830287206266,True,True,0.0013054830287206266,True,True,0.007832898172323759,True,True
DataSet_03_119,HIF1A,True,GSE31912,MCF7,siRNA,GPL570,-1.099027,True,447,True,-1.0,0.5525727069351231,77,0.16429496,0.19577308120133483,0.13348164627363737,PMID,0.18407310704960836,False,False,0.11879895561357702,False,False,0.08877284595300261,True,False,0.12663185378590078,False,False,0.17493472584856398,False,False,0.0026109660574412533,True,True,0.9164490861618799,False,False
DataSet_03_120,HIF3A,False,GSE128846,Hep3B,siRNA,GPL19109,-0.285,True,6,False,,0.0,0,0.15384616,0.16243093922651933,0.09613259668508287,,0.4804177545691906,False,False,0.4804177545691906,False,False,0.37467362924281983,False,False,0.4804177545691906,False,False,0.4804177545691906,False,False,0.381201044386423,False,False,0.40339425587467365,False,False
DataSet_03_121,HIF3A,False,GSE128847,Hep3B,siRNA,GPL19109,-0.285,True,6,False,,0.0,0,0.15384616,0.16243093922651933,0.09613259668508287,,0.4804177545691906,False,False,0.4804177545691906,False,False,0.37467362924281983,False,False,0.4804177545691906,False,False,0.4804177545691906,False,False,0.381201044386423,False,False,0.40339425587467365,False,False
DataSet_02_036,HINFP,False,ENCSR713AEC,K562,CRISPRi,-,0.0,True,10,True,1.0,0.9,0,0.11111111,0.11172566371681415,0.03982300884955752,default activation,0.09138381201044386,True,False,0.09138381201044386,True,False,0.1031331592689295,False,False,0.09660574412532637,True,False,0.09138381201044386,True,False,0.5626631853785901,False,False,0.5626631853785901,False,False
DataSet_03_122,HINFP,True,GSE69148,hTERT-RPE1,siRNA,GPL20234,-1.047697,True,10,True,1.0,0.9,4,0.11111111,0.11172566371681415,0.03982300884955752,default activation,0.27284595300261094,False,False,0.7467362924281984,False,False,0.7597911227154047,False,False,0.7493472584856397,False,False,0.27154046997389036,False,False,0.4595300261096606,False,False,0.825065274151436,False,False
DataSet_03_123,HINFP,True,GSE69148,U2OS,siRNA,GPL20234,-1.642653,True,10,True,1.0,0.9,4,0.11111111,0.11172566371681415,0.03982300884955752,default activation,0.13185378590078328,False,False,0.6579634464751958,False,False,0.664490861618799,False,False,0.6684073107049608,False,False,0.13185378590078328,False,False,0.2754569190600522,False,False,0.5626631853785901,False,False
DataSet_01_158,HMGA1,False,GSE45483,MDA-MB231,shRNA,GPL5175,-0.49659,True,73,True,1.0,0.6164383561643836,0,0.125,0.14380530973451328,0.0586283185840708,default activation,0.1031331592689295,False,False,0.1801566579634465,False,False,0.13838120104438642,False,False,0.17493472584856398,False,False,0.1031331592689295,False,False,0.283289817232376,False,False,0.39425587467362927,False,False
DataSet_02_075,HMGA1,True,ENCSR069OUL,K562,CRISPRi,-,-1.97429,True,73,True,1.0,0.6164383561643836,0,0.125,0.14380530973451328,0.0586283185840708,default activation,0.7493472584856397,False,False,0.8263707571801566,False,False,0.7780678851174935,False,False,0.8289817232375979,False,False,0.7493472584856397,False,False,0.4451697127937337,False,False,0.566579634464752,False,False
DataSet_03_124,HMGA1,True,GSE35525,MDA-MB-231,siRNA,GPL570,-1.659763,True,73,True,1.0,0.6164383561643836,0,0.125,0.14380530973451328,0.0586283185840708,default activation,0.031331592689295036,True,True,0.06657963446475196,True,False,0.08616187989556136,True,False,0.06527415143603134,True,False,0.031331592689295036,True,True,0.02610966057441253,True,True,0.037859007832898174,True,True
DataSet_03_125,HMGA2,False,GSE118857,MDA-MB-231,siRNA,GPL6884,-0.26651,True,43,True,1.0,0.627906976744186,0,0.125,0.09713024282560706,0.04415011037527594,default activation,0.10966057441253264,False,False,0.12532637075718014,False,False,0.10443864229765012,False,False,0.12532637075718014,False,False,0.10966057441253264,False,False,0.10182767624020887,False,False,0.11618798955613577,False,False
DataSet_01_002,HNF1A,False,GSE103128,HuH7,shRNA,GPL18180,0.16428,True,151,True,1.0,0.0,0,0.17021276,0.1545253863134658,0.10816777041942605,regulon,0.0013054830287206266,True,True,0.0013054830287206266,True,True,0.0013054830287206266,True,True,0.0013054830287206266,True,True,0.0013054830287206266,True,True,0.0026109660574412533,True,True,0.0026109660574412533,True,True
DataSet_01_103,HNF1B,True,GSE37290,RMG2,shRNA,GPL570,-1.0585,True,65,True,1.0,0.6307692307692307,0,0.1724138,0.09381898454746136,0.06070640176600441,default activation,0.018276762402088774,True,True,0.020887728459530026,True,True,0.010443864229765013,True,True,0.0195822454308094,True,True,0.018276762402088774,True,True,0.13968668407310705,False,False,0.293733681462141,False,False
DataSet_01_320,HNF4G,False,GSE85242,22RV1,shRNA,GPL10558,-0.22266,True,11,False,,0.5454545454545454,0,0.125,0.08278145695364239,0.05077262693156733,,0.0039164490861618795,True,True,0.0039164490861618795,True,True,0.018276762402088774,True,True,0.0039164490861618795,True,True,0.0039164490861618795,True,True,0.2154046997389034,False,False,0.2245430809399478,False,False
DataSet_01_110,HOXA1,False,GSE37690,IMR90,siRNA,GPL13607,0.0,True,27,True,1.0,0.7037037037037037,0,0.10606061,0.09271523178807947,0.046357615894039736,default activation,0.293733681462141,False,False,0.293733681462141,False,False,0.35900783289817234,False,False,0.304177545691906,False,False,0.293733681462141,False,False,0.6618798955613577,False,False,0.6618798955613577,False,False
DataSet_01_358,HOXA10,False,GSE35801,Endometrial stromal cells,siRNA,GPL15226,0.0,True,50,True,1.0,0.54,0,0.125,0.11479028697571744,0.046357615894039736,default activation,0.21279373368146215,False,False,0.21279373368146215,False,False,0.1409921671018277,False,False,0.21148825065274152,False,False,0.21279373368146215,False,False,0.04046997389033943,True,True,0.04046997389033943,True,True
DataSet_01_305,HOXA5,True,GSE75840,MCF10A,shRNA,GPL10558,-1.5133,True,16,False,,0.5625,0,0.10526316,0.08057395143487858,0.03532008830022075,,0.4308093994778068,False,False,0.42950391644908614,False,False,0.26631853785900783,False,False,0.4308093994778068,False,False,0.42950391644908614,False,False,0.17493472584856398,False,False,0.8159268929503917,False,False
DataSet_02_064,HOXB4,False,ENCSR359VJC,K562,CRISPRi,-,0.0,True,11,True,1.0,0.5454545454545454,0,0.08,0.08167770419426049,0.04415011037527594,default activation,0.2819843342036554,False,False,0.2819843342036554,False,False,0.3394255874673629,False,False,0.26370757180156656,False,False,0.2819843342036554,False,False,0.5691906005221932,False,False,0.5691906005221932,False,False
DataSet_01_169,HOXB7,True,GSE46393,MIA PaCa-2,siRNA,GPL10332,-3.53249,True,23,False,,0.5217391304347826,0,0.10344828,0.08960176991150443,0.0420353982300885,,0.1122715404699739,False,False,0.10704960835509138,False,False,0.06135770234986945,True,False,0.1122715404699739,False,False,0.10704960835509138,False,False,0.04960835509138381,True,True,0.11488250652741515,False,False
DataSet_01_170,HOXB7,True,GSE46393,Capan-1,siRNA,GPL10332,-2.7728,True,23,False,,0.5217391304347826,0,0.10344828,0.08960176991150443,0.0420353982300885,,0.9647519582245431,False,False,0.9647519582245431,False,False,0.9621409921671018,False,False,0.9647519582245431,False,False,0.9647519582245431,False,False,0.11096605744125326,False,False,0.6044386422976501,False,False
DataSet_03_127,HOXB7,True,GSE31912,MCF7,siRNA,GPL570,-1.154571,True,23,False,,0.5217391304347826,77,0.10344828,0.08960176991150443,0.0420353982300885,,0.4621409921671018,False,False,0.4608355091383812,False,False,0.5822454308093995,False,False,0.4621409921671018,False,False,0.4608355091383812,False,False,0.1422976501305483,False,False,0.5195822454308094,False,False
DataSet_02_015,HOXB9,True,ENCSR810RIC,K562,CRISPRi,-,-1.13412,True,6,False,,0.0,0,0.16666667,0.09271523178807947,0.037527593818984545,,0.19973890339425587,False,False,0.19973890339425587,False,False,0.185378590078329,False,False,0.19973890339425587,False,False,0.19973890339425587,False,False,0.293733681462141,False,False,0.3028720626631854,False,False
DataSet_01_333,HOXC6,True,GSE9182,LNCaP,siRNA,GPL96,-2.32533,True,12,False,,0.6666666666666666,0,0.13333334,0.12693156732891833,0.07505518763796909,,0.3342036553524804,False,False,0.33159268929503916,False,False,0.29765013054830286,False,False,0.3342036553524804,False,False,0.3328981723237598,False,False,0.13315926892950392,False,False,0.36161879895561355,False,False
DataSet_01_112,HSF1,True,GSE38058,HSC3,siRNA,GPL570,-1.08589,True,98,True,1.0,0.6224489795918368,0,0.14159292,0.1309655937846837,0.06770255271920089,default activation,0.2402088772845953,False,False,0.381201044386423,False,False,0.3733681462140992,False,False,0.3838120104438642,False,False,0.23890339425587467,False,False,0.08877284595300261,True,False,0.5652741514360313,False,False
DataSet_01_155,HSF1,True,GSE44867,A375,shRNA,GPL570,-3.16222,True,98,True,1.0,0.6224489795918368,0,0.14159292,0.1309655937846837,0.06770255271920089,default activation,0.007832898172323759,True,True,0.02610966057441253,True,True,0.013054830287206266,True,True,0.02741514360313316,True,True,0.006527415143603133,True,True,0.007832898172323759,True,True,0.028720626631853787,True,True
DataSet_01_178,HSF1,False,GSE47693,KYN2,shRNA,GPL6884,-0.79593,True,98,True,1.0,0.6224489795918368,0,0.14159292,0.1309655937846837,0.06770255271920089,default activation,0.40992167101827676,False,False,0.4621409921671018,False,False,0.17101827676240208,False,False,0.4621409921671018,False,False,0.40992167101827676,False,False,0.8825065274151436,False,False,0.8968668407310705,False,False
DataSet_01_186,HSF1,False,GSE48672,PC3,siRNA,GPL10558,-0.02676,True,98,True,1.0,0.6224489795918368,1,0.14159292,0.1309655937846837,0.06770255271920089,default activation,0.6514360313315927,False,False,0.6684073107049608,False,False,0.7976501305483029,False,False,0.6710182767624021,False,False,0.6514360313315927,False,False,0.09138381201044386,True,False,0.09921671018276762,True,False
DataSet_02_073,HSF1,False,ENCSR734VBC,K562,CRISPRi,-,-0.5654,True,98,True,1.0,0.6224489795918368,0,0.14159292,0.1309655937846837,0.06770255271920089,default activation,0.25326370757180156,False,False,0.28720626631853785,False,False,0.31723237597911225,False,False,0.2819843342036554,False,False,0.25326370757180156,False,False,0.10443864229765012,False,False,0.11488250652741515,False,False
DataSet_03_129,HSF1,True,GSE51498,HepG2,siRNA,GPL6244,-1.158558,True,98,True,1.0,0.6224489795918368,0,0.14159292,0.1309655937846837,0.06770255271920089,default activation,0.0039164490861618795,True,True,0.009138381201044387,True,True,0.005221932114882507,True,True,0.009138381201044387,True,True,0.0039164490861618795,True,True,0.02349869451697128,True,True,0.12924281984334204,False,False
DataSet_01_078,HSF2,True,GSE31534,A375,siRNA,GPL570,-1.50714,True,25,True,1.0,0.6,11,0.15625,0.10287610619469026,0.049778761061946904,default activation,0.10052219321148825,False,False,0.28720626631853785,False,False,0.34595300261096606,False,False,0.28067885117493474,False,False,0.10052219321148825,False,False,0.030026109660574413,True,True,0.08746736292428199,True,False
DataSet_01_187,HSF2,False,GSE48672,PC3,siRNA,GPL10558,-0.12857,True,25,True,1.0,0.6,1,0.15625,0.10287610619469026,0.049778761061946904,default activation,0.6214099216710183,False,False,0.7767624020887729,False,False,0.7898172323759791,False,False,0.7806788511749347,False,False,0.6227154046997389,False,False,0.25326370757180156,False,False,0.4516971279373368,False,False
DataSet_03_130,HSF2,False,GSE31912,MCF7,siRNA,GPL570,-0.3711207,True,25,True,1.0,0.6,77,0.15625,0.10287610619469026,0.049778761061946904,default activation,0.26240208877284593,False,False,0.3785900783289817,False,False,0.283289817232376,False,False,0.37597911227154046,False,False,0.26240208877284593,False,False,0.2597911227154047,False,False,0.34203655352480417,False,False
DataSet_03_132,HTATIP2,False,GSE66722,LNCaP,siRNA,GPL19874,1.186701,True,16,True,1.0,0.75,18,0.15,0.08719646799116998,0.039735099337748346,default activation,0.6031331592689295,False,False,0.42950391644908614,False,False,0.1122715404699739,False,False,0.4425587467362924,False,False,0.6031331592689295,False,False,0.2206266318537859,False,False,0.16449086161879894,False,False
DataSet_01_117,ID1,True,GSE38944,A549,siRNA,GPL570,-1.33333,True,77,True,1.0,0.7142857142857143,0,0.19791667,0.09534368070953436,0.04212860310421286,default activation,0.7924281984334204,False,False,0.8211488250652742,False,False,0.7911227154046997,False,False,0.835509138381201,False,False,0.7911227154046997,False,False,0.8851174934725848,False,False,0.9138381201044387,False,False
DataSet_01_118,ID1,True,GSE38944,H1650,siRNA,GPL570,-2.39931,True,77,True,1.0,0.7142857142857143,0,0.19791667,0.09534368070953436,0.04212860310421286,default activation,0.0835509138381201,True,False,0.16579634464751958,False,False,0.17232375979112272,False,False,0.16971279373368145,False,False,0.08093994778067885,True,False,0.005221932114882507,True,True,0.10835509138381201,False,False
DataSet_01_133,ID1,False,GSE40614,GSC2,shRNA,GPL6883,0.88554,True,77,True,1.0,0.7142857142857143,0,0.19791667,0.09534368070953436,0.04212860310421286,default activation,0.8093994778067886,False,False,0.7402088772845953,False,False,0.762402088772846,False,False,0.7402088772845953,False,False,0.814621409921671,False,False,0.9882506527415144,False,False,0.9451697127937336,False,False
DataSet_01_134,ID1,False,GSE40614,GSC8,shRNA,GPL6883,1.11922,True,77,True,1.0,0.7142857142857143,0,0.19791667,0.09534368070953436,0.04212860310421286,default activation,0.8616187989556136,False,False,0.7989556135770235,False,False,0.7023498694516971,False,False,0.8002610966057441,False,False,0.8642297650130548,False,False,0.9986945169712794,False,False,0.9934725848563969,False,False
DataSet_03_133,ID1,False,GSE31912,MCF7,siRNA,GPL570,-0.7555343,True,77,True,1.0,0.7142857142857143,77,0.19791667,0.09534368070953436,0.04212860310421286,default activation,0.9242819843342036,False,False,0.9699738903394256,False,False,0.9843342036553525,False,False,0.9699738903394256,False,False,0.9242819843342036,False,False,0.050913838120104436,True,False,0.9621409921671018,False,False
DataSet_01_138,IKZF1,True,GSE41796,JURKAT,shRNA,GPL10332,-1.02215,True,51,False,,0.3137254901960784,1,0.12,0.11699779249448124,0.04856512141280353,,0.9673629242819843,False,False,0.9673629242819843,False,False,0.9960835509138382,False,False,0.9673629242819843,False,False,0.9673629242819843,False,False,0.3981723237597911,False,False,0.49738903394255873,False,False
DataSet_01_137,IKZF2,False,GSE41796,JURKAT,shRNA,GPL10332,-0.3455,True,5,False,,0.6,1,0.22222222,0.05518763796909492,0.024282560706401765,,0.5992167101827677,False,False,0.5992167101827677,False,False,0.6788511749347258,False,False,0.5992167101827677,False,False,0.5992167101827677,False,False,0.6840731070496083,False,False,0.6906005221932114,False,False
DataSet_01_100,IRF2,False,GSE36988,Primary CD34+ hematopoietic stem/progenitor cells (HSPCs),shRNA,GPL15394,-0.49995,True,58,True,1.0,0.5689655172413793,2,0.26086956,0.13245033112582782,0.07836644591611479,default activation,0.7819843342036553,False,False,0.8237597911227154,False,False,0.8785900783289817,False,False,0.8276762402088773,False,False,0.7819843342036553,False,False,0.6214099216710183,False,False,0.6579634464751958,False,False
DataSet_01_262,IRF4,False,GSE64269,BL2,shRNA,GPL18405,-0.97619,True,59,True,1.0,0.3898305084745763,0,0.2,0.07292817679558011,0.03756906077348066,default activation,0.5953002610966057,False,False,0.8080939947780679,False,False,0.45691906005221933,False,False,0.8120104438642297,False,False,0.5887728459530026,False,False,0.1566579634464752,False,False,0.9295039164490861,False,False
DataSet_03_134,IRF4,False,GSE22036,Cutaneous T cell lymphoma HuT-102 cells,siRNA,GPL570,-0.3101675,True,59,True,1.0,0.3898305084745763,0,0.2,0.07292817679558011,0.03756906077348066,default activation,0.9712793733681462,False,False,0.9712793733681462,False,False,0.9686684073107049,False,False,0.9738903394255874,False,False,0.9712793733681462,False,False,0.9712793733681462,False,False,0.9712793733681462,False,False
DataSet_01_101,IRF6,True,GSE36988,Primary CD34+ hematopoietic stem/progenitor cells (HSPCs),shRNA,GPL15394,-1.60997,True,15,True,1.0,0.8,2,0.1,0.07505518763796909,0.02869757174392936,default activation,0.1279373368146214,False,False,0.5469973890339426,False,False,0.7702349869451697,False,False,0.5535248041775457,False,False,0.1279373368146214,False,False,0.5639686684073107,False,False,0.6357702349869452,False,False
DataSet_01_282,IRF7,True,GSE70190,Primary human bronchial epithelial cells,siRNA,GPL20609,-1.8021,True,31,False,,0.0,0,0.3148148,0.0640176600441501,0.03200883002207505,,0.3198433420365535,False,False,0.3237597911227154,False,False,0.5248041775456919,False,False,0.3198433420365535,False,False,0.3237597911227154,False,False,0.0013054830287206266,True,True,0.02610966057441253,True,True
DataSet_01_227,IRX1,False,GSE55958,143B,shRNA,GPL15491,0.9612,True,20,True,1.0,0.1,0,0.0625,0.10706401766004416,0.05849889624724062,default activation,0.922976501305483,False,False,0.8629242819843342,False,False,0.881201044386423,False,False,0.8668407310704961,False,False,0.922976501305483,False,False,0.9503916449086162,False,False,0.922976501305483,False,False
DataSet_03_137,JARID2,False,GSE52921,CD34+ cells,siRNA,GPL13667,0.0,True,17,True,1.0,0.7058823529411765,0,0.07692308,0.06291390728476821,0.019867549668874173,default activation,0.5300261096605744,False,False,0.5300261096605744,False,False,0.5234986945169713,False,False,0.5483028720626631,False,False,0.5300261096605744,False,False,0.0926892950391645,True,False,0.0926892950391645,True,False
DataSet_01_164,JUN,True,GSE46333,CD4+ T cells,siRNA,GPL14550,-3.11636,True,637,True,1.0,0.4835164835164835,6,0.41348314,0.2335928809788654,0.1646273637374861,PMID,0.024804177545691905,True,True,0.028720626631853787,True,True,0.022193211488250653,True,True,0.028720626631853787,True,True,0.024804177545691905,True,True,0.006527415143603133,True,True,0.009138381201044387,True,True
DataSet_01_172,JUN,False,GSE46440,BT549,siRNA,GPL11532,-0.77807,True,637,True,1.0,0.4835164835164835,1,0.41348314,0.2335928809788654,0.1646273637374861,PMID,0.8524804177545692,False,False,0.8629242819843342,False,False,0.7297650130548303,False,False,0.8668407310704961,False,False,0.8498694516971279,False,False,0.7402088772845953,False,False,0.9960835509138382,False,False
DataSet_01_230,JUN,False,GSE57529,LP6,shRNA,GPL5175,-0.37104,True,637,True,1.0,0.4835164835164835,0,0.41348314,0.2335928809788654,0.1646273637374861,PMID,0.022193211488250653,True,True,0.0195822454308094,True,True,0.014360313315926894,True,True,0.022193211488250653,True,True,0.0195822454308094,True,True,0.0026109660574412533,True,True,0.0026109660574412533,True,True
DataSet_01_291,JUN,False,GSE71977,BT549,siRNA,GPL11532,-0.61763,True,637,True,1.0,0.4835164835164835,0,0.41348314,0.2335928809788654,0.1646273637374861,PMID,0.9686684073107049,False,False,0.9699738903394256,False,False,0.9477806788511749,False,False,0.9699738903394256,False,False,0.9673629242819843,False,False,0.97911227154047,False,False,0.9960835509138382,False,False
DataSet_03_140,JUN,False,GSE122918,WI38,siRNA,GPL17586,-0.3678571,True,637,True,1.0,0.4835164835164835,2,0.41348314,0.2335928809788654,0.1646273637374861,PMID,0.20757180156657964,False,False,0.21018276762402088,False,False,0.2689295039164491,False,False,0.21409921671018275,False,False,0.20496083550913838,False,False,0.0039164490861618795,True,True,0.006527415143603133,True,True
DataSet_03_141,JUN,False,GSE144397,WI38,siRNA,GPL17586,-0.3678571,True,637,True,1.0,0.4835164835164835,2,0.41348314,0.2335928809788654,0.1646273637374861,PMID,0.2650130548302872,False,False,0.2793733681462141,False,False,0.3772845953002611,False,False,0.28067885117493474,False,False,0.26370757180156656,False,False,0.005221932114882507,True,True,0.006527415143603133,True,True
DataSet_03_142,JUN,False,GSE31912,MCF7,siRNA,GPL570,-0.133376,True,637,True,1.0,0.4835164835164835,77,0.41348314,0.2335928809788654,0.1646273637374861,PMID,0.03524804177545692,True,True,0.0391644908616188,True,True,0.06135770234986945,True,False,0.04046997389033943,True,True,0.033942558746736295,True,True,0.009138381201044387,True,True,0.009138381201044387,True,True
DataSet_03_143,JUN,True,GSE71886,Ma-Mel-15,siRNA,GPL10558,-1.909138,True,637,True,1.0,0.4835164835164835,1,0.41348314,0.2335928809788654,0.1646273637374861,PMID,0.013054830287206266,True,True,0.013054830287206266,True,True,0.014360313315926894,True,True,0.0195822454308094,True,True,0.009138381201044387,True,True,0.0013054830287206266,True,True,0.007832898172323759,True,True
DataSet_02_016,JUND,True,ENCSR389OCD,K562,CRISPRi,-,-1.25221,True,104,True,1.0,0.5,0,0.21910113,0.15486725663716813,0.09734513274336283,PMID,0.018276762402088774,True,True,0.024804177545691905,True,True,0.037859007832898174,True,True,0.024804177545691905,True,True,0.018276762402088774,True,True,0.15274151436031333,False,False,0.18929503916449086,False,False
DataSet_03_144,JUND,False,GSE118123,PC3,siRNA,GPL570,-0.843076,True,104,True,1.0,0.5,0,0.21910113,0.15486725663716813,0.09734513274336283,PMID,0.9725848563968669,False,False,0.9921671018276762,False,False,0.9908616187989556,False,False,0.9921671018276762,False,False,0.9725848563968669,False,False,0.2310704960835509,False,False,0.891644908616188,False,False
DataSet_03_145,JUND,False,GSE31912,MCF7,siRNA,GPL570,-0.3783467,True,104,True,1.0,0.5,77,0.21910113,0.15486725663716813,0.09734513274336283,PMID,0.02349869451697128,True,True,0.030026109660574413,True,True,0.04699738903394256,True,True,0.028720626631853787,True,True,0.02349869451697128,True,True,0.11488250652741515,False,False,0.1370757180156658,False,False
DataSet_02_184,KAT2B,False,ENCSR576FFB,K562,siRNA,-,-0.49869,True,15,False,,0.4666666666666667,0,0.11111111,0.0706401766004415,0.04194260485651214,,0.6122715404699739,False,False,0.6096605744125326,False,False,0.7402088772845953,False,False,0.6122715404699739,False,False,0.6096605744125326,False,False,0.016971279373368148,True,True,0.03263707571801567,True,True
DataSet_01_226,KLF2,True,GSE55667,RPMI8226,shRNA,GPL570,-1.74897,True,66,True,1.0,0.5454545454545454,0,0.11111111,0.08066298342541436,0.0430939226519337,default activation,0.4451697127937337,False,False,0.5757180156657964,False,False,0.489556135770235,False,False,0.5809399477806788,False,False,0.44386422976501305,False,False,0.8198433420365535,False,False,0.9099216710182768,False,False
DataSet_02_029,KLF2,False,ENCSR620DOP,K562,CRISPRi,-,-0.60176,True,66,True,1.0,0.5454545454545454,0,0.11111111,0.08066298342541436,0.0430939226519337,default activation,0.16579634464751958,False,False,0.185378590078329,False,False,0.1174934725848564,False,False,0.1814621409921671,False,False,0.16579634464751958,False,False,0.19973890339425587,False,False,0.21671018276762402,False,False
DataSet_01_221,KLF3,False,GSE54437,K562,shRNA,GPL10558,0.04916,True,14,True,1.0,0.8571428571428571,0,0.125,0.07947019867549669,0.026490066225165563,default activation,0.9986945169712794,False,False,0.9986945169712794,False,False,0.9986945169712794,False,False,0.9986945169712794,False,False,0.9986945169712794,False,False,0.9986945169712794,False,False,0.9986945169712794,False,False
DataSet_01_339,KLF4,True,GSE94468,HCE,siRNA,GPL6244,-1.46365,True,128,True,1.0,0.2421875,0,0.11971831,0.08287292817679558,0.03425414364640884,PMID,0.8133159268929504,False,False,0.8746736292428199,False,False,0.8590078328981723,False,False,0.8759791122715405,False,False,0.8133159268929504,False,False,0.8890339425587467,False,False,0.9386422976501305,False,False
DataSet_01_341,KLF4,False,GSE94470,HCE,siRNA,GPL16686,-0.63562,True,128,True,1.0,0.2421875,1,0.11971831,0.08287292817679558,0.03425414364640884,PMID,0.9543080939947781,False,False,0.9634464751958225,False,False,0.9360313315926893,False,False,0.9647519582245431,False,False,0.9530026109660574,False,False,0.9190600522193212,False,False,0.9503916449086162,False,False
DataSet_03_148,KLF5,True,GSE33824,SW480,siRNA,GPL4133,-1.296036,True,76,True,1.0,0.5657894736842105,0,0.10810811,0.1539313399778516,0.06755260243632337,default activation,0.0026109660574412533,True,True,0.01174934725848564,True,True,0.0039164490861618795,True,True,0.010443864229765013,True,True,0.0026109660574412533,True,True,0.057441253263707574,True,False,0.11618798955613577,False,False
DataSet_03_149,KLF5,True,GSE51706,AGS,siRNA,GPL570,-1.755019,True,76,True,1.0,0.5657894736842105,6,0.10810811,0.1539313399778516,0.06755260243632337,default activation,0.03524804177545692,True,True,0.06135770234986945,True,False,0.2402088772845953,False,False,0.06135770234986945,True,False,0.03524804177545692,True,True,0.037859007832898174,True,True,0.13315926892950392,False,False
DataSet_03_150,KLF5,True,GSE51706,KatoIII,siRNA,GPL570,-1.362161,True,76,True,1.0,0.5657894736842105,6,0.10810811,0.1539313399778516,0.06755260243632337,default activation,0.5574412532637075,False,False,0.6449086161879896,False,False,0.716710182767624,False,False,0.6475195822454308,False,False,0.556135770234987,False,False,0.7193211488250653,False,False,0.7976501305483029,False,False
DataSet_03_151,KLF5,True,GSE51706,YCC3,siRNA,GPL570,-1.889237,True,76,True,1.0,0.5657894736842105,6,0.10810811,0.1539313399778516,0.06755260243632337,default activation,0.2193211488250653,False,False,0.34203655352480417,False,False,0.4112271540469974,False,False,0.3394255874673629,False,False,0.21801566579634465,False,False,0.4177545691906005,False,False,0.7676240208877284,False,False
DataSet_01_340,KLF7,True,GSE94469,HCE,siRNA,GPL6244,-1.53167,True,11,True,1.0,0.6363636363636364,0,0.18181819,0.05303867403314917,0.027624309392265192,default activation,0.4556135770234987,False,False,0.7872062663185379,False,False,0.8002610966057441,False,False,0.7819843342036553,False,False,0.4556135770234987,False,False,0.7023498694516971,False,False,0.8524804177545692,False,False
DataSet_01_342,KLF7,True,GSE94470,HCE,siRNA,GPL16686,-1.84779,True,11,True,1.0,0.6363636363636364,1,0.18181819,0.05303867403314917,0.027624309392265192,default activation,0.05613577023498695,True,False,0.4830287206266319,False,False,0.4869451697127937,False,False,0.47911227154047,False,False,0.05613577023498695,True,False,0.1475195822454308,False,False,0.45300261096605743,False,False
DataSet_01_222,KLF9,True,GSE54699,HepG2,siRNA,GPL10558,-2.95993,True,25,False,,0.4,0,0.11111111,0.08057395143487858,0.04415011037527594,,0.43733681462140994,False,False,0.43733681462140994,False,False,0.4804177545691906,False,False,0.43733681462140994,False,False,0.43733681462140994,False,False,0.06135770234986945,True,False,0.17232375979112272,False,False
DataSet_01_142,LEF1,True,GSE42637,BL2,siRNA,GPL570,-1.61584,True,116,True,1.0,0.0,0,0.17302799,0.18101545253863136,0.10816777041942605,PMID,0.028720626631853787,True,True,0.10966057441253264,False,False,0.13577023498694518,False,False,0.11618798955613577,False,False,0.0195822454308094,True,True,0.0039164490861618795,True,True,0.10052219321148825,False,False
DataSet_01_165,MAF,True,GSE46333,CD4+ T cells,siRNA,GPL14550,-8.52636,True,62,True,1.0,0.6774193548387096,6,0.11494253,0.06740331491712707,0.022099447513812154,PMID,0.02741514360313316,True,True,0.04699738903394256,True,True,0.057441253263707574,True,False,0.04699738903394256,True,True,0.02610966057441253,True,True,0.057441253263707574,True,False,0.1514360313315927,False,False
DataSet_03_154,MAF,False,GSE16356,Lymphatic endothelial cells,siRNA,GPL570,-0.4095168,True,62,True,1.0,0.6774193548387096,0,0.11494253,0.06740331491712707,0.022099447513812154,PMID,0.07571801566579635,True,False,0.12532637075718014,False,False,0.15013054830287206,False,False,0.12402088772845953,False,False,0.07571801566579635,True,False,0.8459530026109661,False,False,0.9177545691906005,False,False
DataSet_03_155,MAFB,True,GSE84617,Monocyte-derived M-CSF macrophages,siRNA,GPL13497,-2.11,True,46,True,1.0,0.8260869565217391,0,0.10891089,0.05518763796909492,0.023178807947019868,default activation,0.06788511749347259,True,False,0.1618798955613577,False,False,0.21671018276762402,False,False,0.15926892950391644,False,False,0.06788511749347259,True,False,0.1618798955613577,False,False,0.2245430809399478,False,False
DataSet_02_189,MAFG,False,ENCSR136ZPD,K562,siRNA,-,-0.59955,True,9,True,1.0,0.7777777777777778,0,0.2,0.10816777041942605,0.04194260485651214,default activation,0.6318537859007833,False,False,0.7336814621409922,False,False,0.7506527415143603,False,False,0.741514360313316,False,False,0.6318537859007833,False,False,0.27154046997389036,False,False,0.3224543080939948,False,False
DataSet_02_183,MAFK,False,ENCSR640PVZ,K562,siRNA,-,-0.40503,True,22,False,,0.6818181818181818,0,0.14285715,0.13024282560706402,0.06512141280353201,,0.9007832898172323,False,False,0.9007832898172323,False,False,0.8994778067885117,False,False,0.9007832898172323,False,False,0.9007832898172323,False,False,0.7323759791122716,False,False,0.7336814621409922,False,False
DataSet_02_192,MAX,True,ENCSR675SDG,K562,siRNA,-,-1.07684,True,49,True,1.0,0.7346938775510204,0,0.18181819,0.07955801104972375,0.027624309392265192,default activation,0.2989556135770235,False,False,0.3877284595300261,False,False,0.3785900783289817,False,False,0.38903394255874674,False,False,0.2989556135770235,False,False,0.2793733681462141,False,False,0.5378590078328982,False,False
DataSet_03_158,MAX,False,GSE31912,MCF7,siRNA,GPL570,-0.7435967,True,49,True,1.0,0.7346938775510204,77,0.18181819,0.07955801104972375,0.027624309392265192,default activation,0.41906005221932113,False,False,0.6227154046997389,False,False,0.7180156657963447,False,False,0.6240208877284595,False,False,0.41906005221932113,False,False,0.04699738903394256,True,True,0.13446475195822455,False,False
DataSet_02_199,MAZ,False,ENCSR129WCZ,K562,siRNA,-,-0.87247,True,48,True,1.0,0.6041666666666666,0,0.08411215,0.076158940397351,0.02759381898454746,default activation,0.9295039164490861,False,False,0.943864229765013,False,False,0.9751958224543081,False,False,0.9464751958224543,False,False,0.9295039164490861,False,False,0.8407310704960835,False,False,0.8668407310704961,False,False
DataSet_03_159,MBD2,False,GSE41003,HeLa,siRNA,GPL6244,-0.557146,True,87,True,1.0,0.9310344827586207,1,0.10067114,0.06622516556291391,0.023178807947019868,default activation,0.11096605744125326,False,False,0.1906005221932115,False,False,0.20496083550913838,False,False,0.19321148825065274,False,False,0.11096605744125326,False,False,0.007832898172323759,True,True,0.09007832898172324,True,False
DataSet_04_013,MECP2,False,ENCSR665DMA,K562,CRISPR,-,-0.6693635,True,34,False,,0.0,0,0.093457945,0.16574585635359115,0.08950276243093923,,0.5156657963446475,False,False,0.5156657963446475,False,False,0.13315926892950392,False,False,0.5156657963446475,False,False,0.5156657963446475,False,False,0.09530026109660575,True,False,0.18276762402088773,False,False
DataSet_04_033,MECP2,False,ENCSR266XKN,HepG2,CRISPR,-,-0.423964,True,34,False,,0.0,0,0.093457945,0.16574585635359115,0.08950276243093923,,0.370757180156658,False,False,0.36945169712793735,False,False,0.4177545691906005,False,False,0.370757180156658,False,False,0.36945169712793735,False,False,0.6788511749347258,False,False,0.7140992167101827,False,False
DataSet_01_265,MEF2A,False,GSE65857,SPC04,shRNA,GPL10558,-0.01976,True,114,True,1.0,0.7105263157894737,1,0.16201118,0.0739514348785872,0.026490066225165563,default activation,0.19973890339425587,False,False,0.19973890339425587,False,False,0.2010443864229765,False,False,0.19973890339425587,False,False,0.19973890339425587,False,False,0.391644908616188,False,False,0.3968668407310705,False,False
DataSet_03_162,MEF2D,False,GSE37123,Huh7,shRNA,GPL6480,-0.290221,True,29,True,1.0,0.4827586206896552,0,0.1484375,0.07734806629834254,0.026519337016574586,default activation,0.793733681462141,False,False,0.8107049608355091,False,False,0.45822454308093996,False,False,0.825065274151436,False,False,0.7950391644908616,False,False,0.7245430809399478,False,False,0.7362924281984334,False,False
DataSet_03_163,MEF2D,False,GSE37123,Huh7,siRNA,GPL6480,-0.257575,True,29,True,1.0,0.4827586206896552,0,0.1484375,0.07734806629834254,0.026519337016574586,default activation,0.9986945169712794,False,False,0.9986945169712794,False,False,0.97911227154047,False,False,0.9986945169712794,False,False,0.9986945169712794,False,False,0.7989556135770235,False,False,0.8107049608355091,False,False
DataSet_02_030,MEIS2,False,ENCSR733TFF,K562,CRISPRi,-,-0.73146,True,9,False,,0.0,0,0.16666667,0.12030905077262694,0.05849889624724062,,0.09921671018276762,True,False,0.09921671018276762,True,False,0.06266318537859007,True,False,0.09921671018276762,True,False,0.09921671018276762,True,False,0.3577023498694517,False,False,0.37467362924281983,False,False
DataSet_01_024,MITF,False,GSE16249,NZM15,siRNA,GPL570,-0.91966,True,109,True,1.0,0.5779816513761468,2,0.09770115,0.08351893095768374,0.0334075723830735,PMID,0.010443864229765013,True,True,0.015665796344647518,True,True,0.013054830287206266,True,True,0.015665796344647518,True,True,0.010443864229765013,True,True,0.07441253263707572,True,False,0.8929503916449086,False,False
DataSet_01_025,MITF,True,GSE16249,NZM12,siRNA,GPL570,-1.04766,True,109,True,1.0,0.5779816513761468,2,0.09770115,0.08351893095768374,0.0334075723830735,PMID,0.0039164490861618795,True,True,0.006527415143603133,True,True,0.01174934725848564,True,True,0.005221932114882507,True,True,0.0039164490861618795,True,True,0.048302872062663184,True,True,0.3668407310704961,False,False
DataSet_01_079,MITF,True,GSE31534,A375,siRNA,GPL570,-3.45338,True,109,True,1.0,0.5779816513761468,11,0.09770115,0.08351893095768374,0.0334075723830735,PMID,0.15535248041775457,False,False,0.3720626631853786,False,False,0.5835509138381201,False,False,0.37597911227154046,False,False,0.1475195822454308,False,False,0.006527415143603133,True,True,0.24151436031331594,False,False
DataSet_01_207,MITF,False,GSE50649,COLO829,shRNA,GPL6244,-0.84891,True,109,True,1.0,0.5779816513761468,0,0.09770115,0.08351893095768374,0.0334075723830735,PMID,0.007832898172323759,True,True,0.010443864229765013,True,True,0.013054830287206266,True,True,0.010443864229765013,True,True,0.007832898172323759,True,True,0.5757180156657964,False,False,0.7101827676240209,False,False
DataSet_02_085,MITF,False,ENCSR905SEH,K562,CRISPRi,-,-0.6983,True,109,True,1.0,0.5779816513761468,0,0.09770115,0.08351893095768374,0.0334075723830735,PMID,0.0731070496083551,True,False,0.07702349869451697,True,False,0.05221932114882506,True,False,0.07702349869451697,True,False,0.0731070496083551,True,False,0.1422976501305483,False,False,0.15796344647519583,False,False
DataSet_03_165,MITF,True,GSE71798,MZ7,siRNA,GPL10558,-1.083814,True,109,True,1.0,0.5779816513761468,0,0.09770115,0.08351893095768374,0.0334075723830735,PMID,0.009138381201044387,True,True,0.009138381201044387,True,True,0.010443864229765013,True,True,0.009138381201044387,True,True,0.009138381201044387,True,True,0.7558746736292428,False,False,0.8224543080939948,False,False
DataSet_03_166,MITF,False,GSE71881,Ma-Mel-15,siRNA,GPL10558,-0.3236058,True,109,True,1.0,0.5779816513761468,0,0.09770115,0.08351893095768374,0.0334075723830735,PMID,0.014360313315926894,True,True,0.014360313315926894,True,True,0.009138381201044387,True,True,0.014360313315926894,True,True,0.014360313315926894,True,True,0.5757180156657964,False,False,0.6631853785900783,False,False
DataSet_03_167,MITF,False,GSE71886,Ma-Mel-15,siRNA,GPL10558,-0.823363,True,109,True,1.0,0.5779816513761468,1,0.09770115,0.08351893095768374,0.0334075723830735,PMID,0.009138381201044387,True,True,0.009138381201044387,True,True,0.007832898172323759,True,True,0.009138381201044387,True,True,0.009138381201044387,True,True,0.5078328981723238,False,False,0.6945169712793734,False,False
DataSet_03_168,MITF,True,GSE75810,SK-MEL-5,siRNA,GPL16043,-1.354155,True,109,True,1.0,0.5779816513761468,0,0.09770115,0.08351893095768374,0.0334075723830735,PMID,0.05613577023498695,True,False,0.07571801566579635,True,False,0.2519582245430809,False,False,0.06788511749347259,True,False,0.05483028720626632,True,False,0.1475195822454308,False,False,0.2793733681462141,False,False
DataSet_01_003,MLXIP,False,GSE11242,HA1ER,shRNA,GPL4133,0.26215,True,5,False,,0.6,0,0.1,0.11933701657458563,0.057458563535911604,,0.6827676240208878,False,False,0.6827676240208878,False,False,0.6814621409921671,False,False,0.6827676240208878,False,False,0.6827676240208878,False,False,0.8289817232375979,False,False,0.8289817232375979,False,False
DataSet_01_092,MLXIP,False,GSE33967,Nalm6,shRNA,GPL6244,-0.02543,True,5,False,,0.6,0,0.1,0.11933701657458563,0.057458563535911604,,0.6892950391644909,False,False,0.6892950391644909,False,False,0.685378590078329,False,False,0.6892950391644909,False,False,0.6892950391644909,False,False,0.6618798955613577,False,False,0.6618798955613577,False,False
DataSet_01_281,MSX1,True,GSE69992,Dental Pulp Cells,siRNA,GPL17077,-4.25376,True,26,True,-1.0,0.2692307692307692,0,0.1388889,0.08830022075055188,0.04415011037527594,PMID,0.14882506527415143,False,False,0.03263707571801567,True,True,0.02349869451697128,True,True,0.031331592689295036,True,True,0.14360313315926893,False,False,0.006527415143603133,True,True,0.05483028720626632,True,False
DataSet_03_169,MTA2,False,GSE65915,SGC-7901,siRNA,GPL18943,0.03567358,True,6,True,1.0,0.6666666666666666,0,0.09090909,0.06622516556291391,0.03642384105960265,default activation,0.7663185378590078,False,False,0.7571801566579635,False,False,0.7441253263707572,False,False,0.7859007832898173,False,False,0.7663185378590078,False,False,0.5522193211488251,False,False,0.5404699738903395,False,False
DataSet_01_310,MTF1,False,GSE76510,Caco-2,siRNA,GPL10558,-0.34855,True,32,True,1.0,0.6875,0,0.06,0.09823399558498896,0.046357615894039736,default activation,0.0013054830287206266,True,True,0.0013054830287206266,True,True,0.0013054830287206266,True,True,0.0013054830287206266,True,True,0.0013054830287206266,True,True,0.0391644908616188,True,True,0.050913838120104436,True,False
DataSet_02_173,MXI1,False,ENCSR631RKH,K562,siRNA,-,-0.76799,True,8,True,1.0,0.75,0,0.15384616,0.04746136865342163,0.025386313465783666,default activation,0.20757180156657964,False,False,0.34464751958224543,False,False,0.34986945169712796,False,False,0.3381201044386423,False,False,0.20757180156657964,False,False,0.3472584856396867,False,False,0.5078328981723238,False,False
DataSet_01_044,MYB,True,GSE21943,Primary CD14-myeloblasts,siRNA,GPL96,-1.99639,True,177,True,1.0,0.6440677966101694,0,0.13513513,0.15478841870824053,0.06904231625835189,PMID,0.024804177545691905,True,True,0.031331592689295036,True,True,0.024804177545691905,True,True,0.030026109660574413,True,True,0.024804177545691905,True,True,0.006527415143603133,True,True,0.0195822454308094,True,True
DataSet_01_048,MYB,False,GSE25678,CD34-derived erythroid progenitors,shRNA,GPL8019,-0.94457,True,177,True,1.0,0.6440677966101694,0,0.13513513,0.15478841870824053,0.06904231625835189,PMID,0.9464751958224543,False,False,0.9543080939947781,False,False,0.95822454308094,False,False,0.9556135770234987,False,False,0.9464751958224543,False,False,0.8368146214099217,False,False,0.902088772845953,False,False
DataSet_01_102,MYB,False,GSE36988,Primary CD34+ hematopoietic stem/progenitor cells (HSPCs),shRNA,GPL15394,-0.73791,True,177,True,1.0,0.6440677966101694,2,0.13513513,0.15478841870824053,0.06904231625835189,PMID,0.9634464751958225,False,False,0.9647519582245431,False,False,0.9673629242819843,False,False,0.9647519582245431,False,False,0.9634464751958225,False,False,0.8694516971279374,False,False,0.9046997389033943,False,False
DataSet_03_170,MYB,False,GSE13110,CD34+ progenitor cells,siRNA,GPL96,-0.9445076,True,177,True,1.0,0.6440677966101694,0,0.13513513,0.15478841870824053,0.06904231625835189,PMID,0.27023498694516973,False,False,0.2885117493472585,False,False,0.3524804177545692,False,False,0.29112271540469975,False,False,0.2689295039164491,False,False,0.737597911227154,False,False,0.7819843342036553,False,False
DataSet_03_171,MYB,False,GSE49286,DU145,siRNA,GPL10558,-0.6296667,True,177,True,1.0,0.6440677966101694,0,0.13513513,0.15478841870824053,0.06904231625835189,PMID,0.47389033942558745,False,False,0.5731070496083551,False,False,0.5091383812010444,False,False,0.5718015665796344,False,False,0.47389033942558745,False,False,0.0026109660574412533,True,True,0.0195822454308094,True,True
DataSet_03_172,MYB,False,GSE49286,LNCaP,siRNA,GPL10558,-0.6683333,True,177,True,1.0,0.6440677966101694,0,0.13513513,0.15478841870824053,0.06904231625835189,PMID,0.030026109660574413,True,True,0.05221932114882506,True,False,0.13577023498694518,False,False,0.05613577023498695,True,False,0.02349869451697128,True,True,0.0039164490861618795,True,True,0.016971279373368148,True,True
DataSet_03_173,MYB,True,GSE49286,PC-3M,siRNA,GPL10558,-2.037667,True,177,True,1.0,0.6440677966101694,0,0.13513513,0.15478841870824053,0.06904231625835189,PMID,0.05221932114882506,True,False,0.08746736292428199,True,False,0.09399477806788512,True,False,0.10182767624020887,False,False,0.04960835509138381,True,True,0.0039164490861618795,True,True,0.05221932114882506,True,False
DataSet_03_174,MYB,False,GSE49286,VCaP,siRNA,GPL10558,-0.504,True,177,True,1.0,0.6440677966101694,0,0.13513513,0.15478841870824053,0.06904231625835189,PMID,0.4281984334203655,False,False,0.4804177545691906,False,False,0.43342036553524804,False,False,0.4830287206266319,False,False,0.4255874673629243,False,False,0.097911227154047,True,False,0.19712793733681463,False,False
DataSet_03_175,MYB,False,GSE60299,CD34+ cells,siRNA,GPL13667,0.0,True,177,True,1.0,0.6440677966101694,0,0.13513513,0.15478841870824053,0.06904231625835189,PMID,0.024804177545691905,True,True,0.024804177545691905,True,True,0.02349869451697128,True,True,0.024804177545691905,True,True,0.024804177545691905,True,True,0.02349869451697128,True,True,0.02349869451697128,True,True
DataSet_01_148,MYBL2,True,GSE43400,CD34+ BM cells,shRNA,GPL15401,-1.52657,True,51,True,1.0,0.6274509803921569,0,0.11320755,0.1712707182320442,0.09171270718232044,PMID,0.0926892950391645,True,False,0.19973890339425587,False,False,0.2963446475195822,False,False,0.19973890339425587,False,False,0.09138381201044386,True,False,0.13446475195822455,False,False,0.2650130548302872,False,False
DataSet_03_176,MYBL2,False,GSE31912,MCF7,siRNA,GPL570,-0.6604487,True,51,True,1.0,0.6274509803921569,77,0.11320755,0.1712707182320442,0.09171270718232044,PMID,0.6266318537859008,False,False,0.7702349869451697,False,False,0.5953002610966057,False,False,0.7715404699738904,False,False,0.6266318537859008,False,False,0.31070496083550914,False,False,0.49738903394255873,False,False
DataSet_01_231,MYC,False,GSE57538,Adipose stem cells,siRNA,GPL13158,-0.24724,True,845,True,-1.0,0.6011834319526628,0,0.15890752,0.3741648106904232,0.29175946547884185,PMID,0.014360313315926894,True,True,0.014360313315926894,True,True,0.015665796344647518,True,True,0.014360313315926894,True,True,0.014360313315926894,True,True,0.009138381201044387,True,True,0.02741514360313316,True,True
DataSet_01_237,MYC,False,GSE60558,HT1080,shRNA,GPL16686,-0.93234,True,845,True,-1.0,0.6011834319526628,0,0.15890752,0.3741648106904232,0.29175946547884185,PMID,0.007832898172323759,True,True,0.006527415143603133,True,True,0.006527415143603133,True,True,0.007832898172323759,True,True,0.007832898172323759,True,True,0.0026109660574412533,True,True,0.02741514360313316,True,True
DataSet_01_324,MYC,True,GSE87693,HCT116,siRNA,GPL20844,-1.68378,True,845,True,-1.0,0.6011834319526628,0,0.15890752,0.3741648106904232,0.29175946547884185,PMID,0.0013054830287206266,True,True,0.0013054830287206266,True,True,0.0013054830287206266,True,True,0.0013054830287206266,True,True,0.0013054830287206266,True,True,0.8172323759791122,False,False,0.9738903394255874,False,False
DataSet_03_177,MYC,False,GSE104175,HT29,siRNA,GPL570,-0.2595187,True,845,True,-1.0,0.6011834319526628,0,0.15890752,0.3741648106904232,0.29175946547884185,PMID,0.0013054830287206266,True,True,0.0013054830287206266,True,True,0.0013054830287206266,True,True,0.0013054830287206266,True,True,0.0013054830287206266,True,True,0.9765013054830287,False,False,0.9869451697127938,False,False
DataSet_03_178,MYC,True,GSE22139,DAOY M2.1,siRNA,GPL570,-1.985984,True,845,True,-1.0,0.6011834319526628,0,0.15890752,0.3741648106904232,0.29175946547884185,PMID,0.0013054830287206266,True,True,0.0013054830287206266,True,True,0.0013054830287206266,True,True,0.0013054830287206266,True,True,0.0013054830287206266,True,True,0.7650130548302873,False,False,0.9843342036553525,False,False
DataSet_03_179,MYC,False,GSE30726,B-cell lymphoma cell line BL41,siRNA,GPL96,-0.55,True,845,True,-1.0,0.6011834319526628,0,0.15890752,0.3741648106904232,0.29175946547884185,PMID,0.0013054830287206266,True,True,0.0013054830287206266,True,True,0.0013054830287206266,True,True,0.0013054830287206266,True,True,0.0013054830287206266,True,True,0.016971279373368148,True,True,0.9908616187989556,False,False
DataSet_03_180,MYC,False,GSE30726,B-cell lymphoma cell line Blue1,siRNA,GPL96,-1.0,True,845,True,-1.0,0.6011834319526628,0,0.15890752,0.3741648106904232,0.29175946547884185,PMID,0.0013054830287206266,True,True,0.0013054830287206266,True,True,0.0013054830287206266,True,True,0.0013054830287206266,True,True,0.0013054830287206266,True,True,0.0013054830287206266,True,True,0.97911227154047,False,False
DataSet_03_181,MYC,False,GSE30726,B-cell lymphoma cell lines Raji,siRNA,GPL96,-0.95,True,845,True,-1.0,0.6011834319526628,0,0.15890752,0.3741648106904232,0.29175946547884185,PMID,0.007832898172323759,True,True,0.0013054830287206266,True,True,0.0013054830287206266,True,True,0.005221932114882507,True,True,0.0026109660574412533,True,True,0.0013054830287206266,True,True,0.06657963446475196,True,False
DataSet_03_182,MYC,False,GSE31912,MCF7,siRNA,GPL570,-0.093548,True,845,True,-1.0,0.6011834319526628,77,0.15890752,0.3741648106904232,0.29175946547884185,PMID,0.04177545691906005,True,True,0.04177545691906005,True,True,0.02349869451697128,True,True,0.04177545691906005,True,True,0.04177545691906005,True,True,0.6279373368146214,False,False,0.891644908616188,False,False
DataSet_01_160,MYCN,False,GSE45967,SKNBE2,siRNA,GPL13158,-0.77346,True,137,True,1.0,0.5401459854014599,2,0.0726257,0.23136818687430477,0.1568409343715239,PMID,0.014360313315926894,True,True,0.018276762402088774,True,True,0.022193211488250653,True,True,0.016971279373368148,True,True,0.014360313315926894,True,True,0.010443864229765013,True,True,0.016971279373368148,True,True
DataSet_01_296,MYCN,False,GSE74626,BE(2)-C,siRNA,GPL570,0.00377,True,137,True,1.0,0.5401459854014599,1,0.0726257,0.23136818687430477,0.1568409343715239,PMID,0.030026109660574413,True,True,0.030026109660574413,True,True,0.0039164490861618795,True,True,0.030026109660574413,True,True,0.030026109660574413,True,True,0.005221932114882507,True,True,0.005221932114882507,True,True
DataSet_03_183,MYCN,False,GSE121529,CHP-134,CRISPR,GPL17077,-0.5620215,True,137,True,1.0,0.5401459854014599,0,0.0726257,0.23136818687430477,0.1568409343715239,PMID,0.04960835509138381,True,True,0.05352480417754569,True,False,0.06527415143603134,True,False,0.05221932114882506,True,False,0.04960835509138381,True,True,0.12402088772845953,False,False,0.5274151436031331,False,False
DataSet_03_184,MYCN,False,GSE121530,CHP-134,CRISPR,GPL17077,-0.5620215,True,137,True,1.0,0.5401459854014599,0,0.0726257,0.23136818687430477,0.1568409343715239,PMID,0.04960835509138381,True,True,0.05352480417754569,True,False,0.06527415143603134,True,False,0.05221932114882506,True,False,0.04960835509138381,True,True,0.12402088772845953,False,False,0.5274151436031331,False,False
DataSet_03_185,MYCN,False,GSE45967,SKNBE2,siRNA,GPL13158,-0.773464,True,137,True,1.0,0.5401459854014599,2,0.0726257,0.23136818687430477,0.1568409343715239,PMID,0.018276762402088774,True,True,0.020887728459530026,True,True,0.02741514360313316,True,True,0.020887728459530026,True,True,0.018276762402088774,True,True,0.010443864229765013,True,True,0.016971279373368148,True,True
DataSet_03_186,MYCN,False,GSE49854,NB1691,siRNA,GPL13158,-0.401916,True,137,True,1.0,0.5401459854014599,2,0.0726257,0.23136818687430477,0.1568409343715239,PMID,0.29112271540469975,False,False,0.34986945169712796,False,False,0.21409921671018275,False,False,0.3524804177545692,False,False,0.2898172323759791,False,False,0.21018276762402088,False,False,0.8459530026109661,False,False
DataSet_03_187,MYCN,False,GSE71060,BE(2)C cells,siRNA,GPL16686,0.0,True,137,True,1.0,0.5401459854014599,0,0.0726257,0.23136818687430477,0.1568409343715239,PMID,0.005221932114882507,True,True,0.005221932114882507,True,True,0.0039164490861618795,True,True,0.005221932114882507,True,True,0.005221932114882507,True,True,0.005221932114882507,True,True,0.005221932114882507,True,True
DataSet_03_188,MYCN,False,GSE71061,BE(2)C cells,siRNA,GPL16686,0.0,True,137,True,1.0,0.5401459854014599,0,0.0726257,0.23136818687430477,0.1568409343715239,PMID,0.016971279373368148,True,True,0.016971279373368148,True,True,0.006527415143603133,True,True,0.016971279373368148,True,True,0.016971279373368148,True,True,0.006527415143603133,True,True,0.006527415143603133,True,True
DataSet_01_094,NANOG,True,GSE34904,H1-hESC,shRNA,GPL10558,-1.55195,True,59,True,1.0,0.4576271186440678,2,0.21875,0.10375275938189846,0.04194260485651214,default activation,0.07702349869451697,True,False,0.20757180156657964,False,False,0.16840731070496084,False,False,0.20234986945169714,False,False,0.0731070496083551,True,False,0.009138381201044387,True,True,0.050913838120104436,True,False
DataSet_03_189,NCOA1,True,GSE66722,LNCaP,siRNA,GPL19874,-3.616286,True,89,False,,0.7865168539325843,18,0.21167883,0.08278145695364239,0.03532008830022075,,0.005221932114882507,True,True,0.005221932114882507,True,True,0.03655352480417755,True,True,0.005221932114882507,True,True,0.005221932114882507,True,True,0.2349869451697128,False,False,0.25718015665796345,False,False
DataSet_03_190,NCOA2,True,GSE66722,LNCaP,siRNA,GPL19874,-2.297202,True,61,True,1.0,0.8360655737704918,18,0.23893805,0.08167770419426049,0.029801324503311258,default activation,0.005221932114882507,True,True,0.010443864229765013,True,True,0.0835509138381201,True,False,0.010443864229765013,True,True,0.005221932114882507,True,True,0.25718015665796345,False,False,0.4608355091383812,False,False
DataSet_03_191,NCOA3,True,GSE66722,LNCaP,siRNA,GPL19874,-1.881659,True,74,True,1.0,0.7162162162162162,18,0.23893805,0.1335540838852097,0.05849889624724062,default activation,0.660574412532637,False,False,0.8746736292428199,False,False,0.720626631853786,False,False,0.8798955613577023,False,False,0.6592689295039165,False,False,0.7114882506527415,False,False,0.8733681462140992,False,False
DataSet_03_192,NCOR1,True,GSE60722,LNCaP,siRNA,GPL570,-1.994582,True,88,True,1.0,0.8181818181818182,0,0.22307692,0.11810154525386314,0.04966887417218543,default activation,0.015665796344647518,True,True,0.12924281984334204,False,False,0.033942558746736295,True,True,0.13185378590078328,False,False,0.013054830287206266,True,True,0.009138381201044387,True,True,0.5626631853785901,False,False
DataSet_03_193,NCOR2,False,GSE31912,MCF7,siRNA,GPL570,-0.1156823,True,69,True,1.0,0.8260869565217391,77,0.22307692,0.09381898454746136,0.04966887417218543,default activation,0.9151436031331592,False,False,0.9216710182767625,False,False,0.9373368146214099,False,False,0.9255874673629243,False,False,0.9151436031331592,False,False,0.7767624020887729,False,False,0.7885117493472585,False,False
DataSet_03_194,NFAT5,False,GSE22956,Primary fibroblast-like synoviocytes,siRNA,GPL6883,-0.9200657,True,52,True,1.0,0.8269230769230769,0,0.06849315,0.07734806629834254,0.030939226519337018,default activation,0.03655352480417755,True,True,0.05483028720626632,True,False,0.050913838120104436,True,False,0.05352480417754569,True,False,0.03655352480417755,True,True,0.08093994778067885,True,False,0.1279373368146214,False,False
DataSet_03_195,NFAT5,False,GSE22956,HUVEC,siRNA,GPL6947,-0.3624065,True,52,True,1.0,0.8269230769230769,0,0.06849315,0.07734806629834254,0.030939226519337018,default activation,0.20234986945169714,False,False,0.23759791122715404,False,False,0.22845953002610966,False,False,0.23759791122715404,False,False,0.20234986945169714,False,False,0.15013054830287206,False,False,0.19321148825065274,False,False
DataSet_02_022,NFATC1,False,ENCSR381TNV,K562,CRISPRi,-,-0.85696,True,118,True,1.0,0.5847457627118644,0,0.24418604,0.1291390728476821,0.056291390728476824,default activation,0.020887728459530026,True,True,0.02349869451697128,True,True,0.010443864229765013,True,True,0.02349869451697128,True,True,0.020887728459530026,True,True,0.06788511749347259,True,False,0.0783289817232376,True,False
DataSet_01_166,NFATC3,True,GSE46333,CD4+ T cells,siRNA,GPL14550,-1.78257,True,40,False,,0.45,6,0.12,0.10596026490066225,0.039735099337748346,,0.6932114882506527,False,False,0.6932114882506527,False,False,0.8733681462140992,False,False,0.6932114882506527,False,False,0.6932114882506527,False,False,0.6227154046997389,False,False,0.6305483028720626,False,False
DataSet_02_032,NFE2L1,True,ENCSR385ZTW,K562,CRISPRi,-,-1.56069,True,9,True,1.0,0.5555555555555556,0,0.2,0.09381898454746136,0.04304635761589404,default activation,0.014360313315926894,True,True,0.030026109660574413,True,True,0.031331592689295036,True,True,0.028720626631853787,True,True,0.014360313315926894,True,True,0.0731070496083551,True,False,0.12924281984334204,False,False
DataSet_01_060,NFE2L2,True,GSE28230,A549,siRNA,GPL4133,-2.87887,True,196,True,1.0,0.6581632653061225,0,0.10486891,0.1847345132743363,0.10619469026548672,default activation,0.0026109660574412533,True,True,0.0026109660574412533,True,True,0.0026109660574412533,True,True,0.0026109660574412533,True,True,0.0026109660574412533,True,True,0.005221932114882507,True,True,0.005221932114882507,True,True
DataSet_01_335,NFE2L2,False,GSE94393,A549,siRNA,GPL15207,-0.76166,True,196,True,1.0,0.6581632653061225,0,0.10486891,0.1847345132743363,0.10619469026548672,default activation,0.005221932114882507,True,True,0.005221932114882507,True,True,0.007832898172323759,True,True,0.005221932114882507,True,True,0.005221932114882507,True,True,0.048302872062663184,True,True,0.07049608355091384,True,False
DataSet_02_174,NFE2L2,False,ENCSR100ODO,K562,siRNA,-,-0.55981,True,196,True,1.0,0.6581632653061225,0,0.10486891,0.1847345132743363,0.10619469026548672,default activation,0.010443864229765013,True,True,0.013054830287206266,True,True,0.007832898172323759,True,True,0.013054830287206266,True,True,0.010443864229765013,True,True,0.11357702349869452,False,False,0.12924281984334204,False,False
DataSet_01_167,NFKB1,False,GSE46333,CD4+ T cells,siRNA,GPL14550,-0.44289,True,418,True,1.0,0.4569377990430622,6,0.5608215,0.2334070796460177,0.16482300884955753,default activation,0.33550913838120106,False,False,0.3368146214099217,False,False,0.29765013054830286,False,False,0.3368146214099217,False,False,0.33550913838120106,False,False,0.902088772845953,False,False,0.9190600522193212,False,False
DataSet_03_196,NFKB1,False,GSE31912,MCF7,siRNA,GPL570,-0.717183,True,418,True,1.0,0.4569377990430622,77,0.5608215,0.2334070796460177,0.16482300884955753,default activation,0.8590078328981723,False,False,0.9242819843342036,False,False,0.8237597911227154,False,False,0.9203655352480418,False,False,0.8590078328981723,False,False,0.0013054830287206266,True,True,0.9556135770234987,False,False
DataSet_03_197,NFKB1,False,GSE75003,U251,siRNA,GPL570,-0.7290067,True,418,True,1.0,0.4569377990430622,1,0.5608215,0.2334070796460177,0.16482300884955753,default activation,0.3093994778067885,False,False,0.3577023498694517,False,False,0.4073107049608355,False,False,0.3537859007832898,False,False,0.30809399477806787,False,False,0.031331592689295036,True,True,0.36945169712793735,False,False
DataSet_01_261,NFKB2,True,GSE64234,L-1236,siRNA,GPL6244,-1.50026,True,73,True,1.0,0.6301369863013698,0,0.33333334,0.1390728476821192,0.0739514348785872,default activation,0.06919060052219321,True,False,0.2780678851174935,False,False,0.2010443864229765,False,False,0.27284595300261094,False,False,0.0639686684073107,True,False,0.0195822454308094,True,True,0.06266318537859007,True,False
DataSet_04_034,NFX1,False,ENCSR548ORV,HepG2,CRISPR,-,-0.6066793,True,5,False,,0.6,0,0.11764706,0.0728476821192053,0.024282560706401765,,0.3472584856396867,False,False,0.3472584856396867,False,False,0.38511749347258484,False,False,0.3472584856396867,False,False,0.3472584856396867,False,False,0.30809399477806787,False,False,0.30809399477806787,False,False
DataSet_01_131,NFYA,False,GSE40215,HeLaS3,shRNA,GPL570,-0.17698,True,93,True,1.0,0.0,0,0.25233644,0.17849223946784923,0.09977827050997783,regulon,0.283289817232376,False,False,0.30809399477806787,False,False,0.25718015665796345,False,False,0.30678851174934724,False,False,0.283289817232376,False,False,0.3302872062663185,False,False,0.4908616187989556,False,False
DataSet_01_287,NFYA,False,GSE70543,HCT1163,shRNA,GPL17889,0.0723,True,93,True,1.0,0.0,0,0.25233644,0.17849223946784923,0.09977827050997783,regulon,0.020887728459530026,True,True,0.020887728459530026,True,True,0.01174934725848564,True,True,0.0195822454308094,True,True,0.020887728459530026,True,True,0.013054830287206266,True,True,0.01174934725848564,True,True
DataSet_01_288,NFYA,False,GSE70543,H322,shRNA,GPL17889,-0.40614,True,93,True,1.0,0.0,0,0.25233644,0.17849223946784923,0.09977827050997783,regulon,0.42297650130548303,False,False,0.46736292428198434,False,False,0.402088772845953,False,False,0.4660574412532637,False,False,0.42297650130548303,False,False,0.028720626631853787,True,True,0.03655352480417755,True,True
DataSet_01_355,NFYA,False,GSE18849,MDA-MB231,siRNA,GPL4133,-0.44441,True,93,True,1.0,0.0,1,0.25233644,0.17849223946784923,0.09977827050997783,regulon,0.19321148825065274,False,False,0.21409921671018275,False,False,0.23237597911227154,False,False,0.2154046997389034,False,False,0.18929503916449086,False,False,0.0195822454308094,True,True,0.03524804177545692,True,True
DataSet_02_076,NFYA,False,ENCSR096VPS,K562,CRISPRi,-,0.0,True,93,True,1.0,0.0,0,0.25233644,0.17849223946784923,0.09977827050997783,regulon,0.018276762402088774,True,True,0.018276762402088774,True,True,0.018276762402088774,True,True,0.018276762402088774,True,True,0.018276762402088774,True,True,0.8772845953002611,False,False,0.8772845953002611,False,False
DataSet_01_238,NFYB,True,GSE61272,U2OS ER-HA-E2F1,siRNA,GPL571,-2.46407,True,40,False,,0.6,0,0.4651163,0.06755260243632337,0.019933554817275746,,0.08746736292428199,True,False,0.08746736292428199,True,False,0.04177545691906005,True,True,0.08746736292428199,True,False,0.08746736292428199,True,False,0.37597911227154046,False,False,0.37597911227154046,False,False
DataSet_02_024,NFYB,False,ENCSR171KMM,K562,CRISPRi,-,-0.75754,True,40,False,,0.6,0,0.4651163,0.06755260243632337,0.019933554817275746,,0.06266318537859007,True,False,0.06266318537859007,True,False,0.04960835509138381,True,True,0.06266318537859007,True,False,0.06266318537859007,True,False,0.34595300261096606,False,False,0.34595300261096606,False,False
DataSet_03_198,NFYB,False,GSE66714,SUDHL6 DLBCL,siRNA,GPL10558,-0.1315985,True,40,False,,0.6,1,0.4651163,0.06755260243632337,0.019933554817275746,,0.97911227154047,False,False,0.97911227154047,False,False,0.9569190600522193,False,False,0.97911227154047,False,False,0.97911227154047,False,False,0.8224543080939948,False,False,0.8224543080939948,False,False
DataSet_04_014,NFYB,False,ENCSR171KMM,K562,CRISPRi,-,0.4774806,True,40,False,,0.6,0,0.4651163,0.06755260243632337,0.019933554817275746,,0.07571801566579635,True,False,0.07571801566579635,True,False,0.06919060052219321,True,False,0.07571801566579635,True,False,0.07571801566579635,True,False,0.1814621409921671,False,False,0.1814621409921671,False,False
DataSet_04_015,NKRF,True,ENCSR231PWH,K562,shRNA,-,-1.789867,True,9,False,,1.0,0,0.15384616,0.09381898454746136,0.05187637969094923,,0.206266318537859,False,False,0.20757180156657964,False,False,0.19451697127937337,False,False,0.206266318537859,False,False,0.206266318537859,False,False,0.13577023498694518,False,False,0.1370757180156658,False,False
DataSet_01_066,NKX2-1,False,GSE28480,HCC4019,siRNA,GPL6947,-0.9115,True,62,True,1.0,0.5483870967741935,0,0.28865978,0.08950276243093923,0.03867403314917127,default activation,0.014360313315926894,True,True,0.04699738903394256,True,True,0.04960835509138381,True,True,0.048302872062663184,True,True,0.013054830287206266,True,True,0.06135770234986945,True,False,0.9425587467362925,False,False
DataSet_01_067,NKX2-1,False,GSE28480,H3255,siRNA,GPL6947,-0.7139,True,62,True,1.0,0.5483870967741935,0,0.28865978,0.08950276243093923,0.03867403314917127,default activation,0.044386422976501305,True,True,0.07441253263707572,True,False,0.0639686684073107,True,False,0.07441253263707572,True,False,0.04308093994778068,True,True,0.1122715404699739,False,False,0.412532637075718,False,False
DataSet_02_065,NONO,False,ENCSR039VEQ,K562,CRISPRi,-,0.0,True,21,True,1.0,0.7619047619047619,0,0.1627907,0.11946902654867257,0.05530973451327434,default activation,0.6775456919060052,False,False,0.6775456919060052,False,False,0.6318537859007833,False,False,0.6775456919060052,False,False,0.6775456919060052,False,False,0.762402088772846,False,False,0.762402088772846,False,False
DataSet_02_093,NONO,False,ENCSR647NYX,HepG2,shRNA,-,0.0,True,21,True,1.0,0.7619047619047619,0,0.1627907,0.11946902654867257,0.05530973451327434,default activation,0.7258485639686684,False,False,0.7258485639686684,False,False,0.7859007832898173,False,False,0.7389033942558747,False,False,0.7258485639686684,False,False,0.4255874673629243,False,False,0.4255874673629243,False,False
DataSet_02_149,NONO,False,ENCSR398HXV,K562,shRNA,-,0.0,True,21,True,1.0,0.7619047619047619,0,0.1627907,0.11946902654867257,0.05530973451327434,default activation,0.12402088772845953,False,False,0.12402088772845953,False,False,0.13577023498694518,False,False,0.12010443864229765,False,False,0.12402088772845953,False,False,0.1801566579634465,False,False,0.1801566579634465,False,False
DataSet_02_077,NR2C2,False,ENCSR808HQN,K562,CRISPRi,-,-0.2724,True,59,True,1.0,0.7796610169491526,0,0.14084508,0.06622516556291391,0.02869757174392936,default activation,0.2885117493472585,False,False,0.2989556135770235,False,False,0.24281984334203655,False,False,0.29112271540469975,False,False,0.2885117493472585,False,False,0.3642297650130548,False,False,0.3772845953002611,False,False
DataSet_01_306,NR2E1,True,GSE75945,PBT003,shRNA,GPL15207,-1.10318,True,17,True,-1.0,0.5882352941176471,0,0.09090909,0.08719646799116998,0.04415011037527594,PMID,0.2349869451697128,False,False,0.097911227154047,True,False,0.06919060052219321,True,False,0.09530026109660575,True,False,0.2349869451697128,False,False,0.5522193211488251,False,False,0.48825065274151436,False,False
DataSet_01_007,NR2F2,True,GSE12846,Primary lymphatic endothelial cells,siRNA,GPL570,-1.34696,True,79,True,1.0,0.6329113924050633,1,0.20175439,0.08888888888888889,0.04111111111111111,default activation,0.26762402088772846,False,False,0.32114882506527415,False,False,0.21279373368146215,False,False,0.3237597911227154,False,False,0.26762402088772846,False,False,0.7924281984334204,False,False,0.8276762402088773,False,False
DataSet_01_089,NR2F2,True,GSE33182,PC3,siRNA,GPL570,-3.82418,True,79,True,1.0,0.6329113924050633,0,0.20175439,0.08888888888888889,0.04111111111111111,default activation,0.45430809399477806,False,False,0.6932114882506527,False,False,0.741514360313316,False,False,0.6932114882506527,False,False,0.45300261096605743,False,False,0.06135770234986945,True,False,0.17885117493472585,False,False
DataSet_01_090,NR2F2,True,GSE33301,HUVEC,siRNA,GPL570,-1.00829,True,79,True,1.0,0.6329113924050633,0,0.20175439,0.08888888888888889,0.04111111111111111,default activation,0.4281984334203655,False,False,0.5469973890339426,False,False,0.5913838120104439,False,False,0.5509138381201044,False,False,0.4281984334203655,False,False,0.608355091383812,False,False,0.7271540469973891,False,False
DataSet_01_176,NR2F2,True,GSE47438,TOV112D,siRNA,GPL6947,-2.13662,True,79,True,1.0,0.6329113924050633,0,0.20175439,0.08888888888888889,0.04111111111111111,default activation,0.018276762402088774,True,True,0.283289817232376,False,False,0.18929503916449086,False,False,0.2963446475195822,False,False,0.018276762402088774,True,True,0.0013054830287206266,True,True,0.23368146214099217,False,False
DataSet_01_177,NR2F2,True,GSE47438,ES2,siRNA,GPL6947,-2.04676,True,79,True,1.0,0.6329113924050633,0,0.20175439,0.08888888888888889,0.04111111111111111,default activation,0.0195822454308094,True,True,0.3342036553524804,False,False,0.2193211488250653,False,False,0.3381201044386423,False,False,0.0195822454308094,True,True,0.009138381201044387,True,True,0.8002610966057441,False,False
DataSet_02_019,NR2F2,False,ENCSR688UTN,K562,CRISPRi,-,-0.60648,True,79,True,1.0,0.6329113924050633,0,0.20175439,0.08888888888888889,0.04111111111111111,default activation,0.3981723237597911,False,False,0.4177545691906005,False,False,0.2245430809399478,False,False,0.4177545691906005,False,False,0.3968668407310705,False,False,0.23368146214099217,False,False,0.2454308093994778,False,False
DataSet_03_202,NR2F2,True,GSE107469,Primary eutopic stromal cells,siRNA,GPL570,-1.622046,True,79,True,1.0,0.6329113924050633,0,0.20175439,0.08888888888888889,0.04111111111111111,default activation,0.0013054830287206266,True,True,0.006527415143603133,True,True,0.0026109660574412533,True,True,0.006527415143603133,True,True,0.0013054830287206266,True,True,0.0195822454308094,True,True,0.03655352480417755,True,True
DataSet_01_141,NR3C1,False,GSE42538,Endometrial stromal cells,siRNA,GPL6244,-0.0275,True,282,True,1.0,0.2907801418439716,0,0.15732087,0.11258278145695365,0.056291390728476824,default activation,0.2885117493472585,False,False,0.29112271540469975,False,False,0.2506527415143603,False,False,0.2924281984334204,False,False,0.28720626631853785,False,False,0.0926892950391645,True,False,0.1031331592689295,False,False
DataSet_01_174,NR4A1,False,GSE46994,PANC1,siRNA,GPL10558,-0.00111,True,106,False,,0.6415094339622641,0,0.12886597,0.06740331491712707,0.026519337016574586,,0.6971279373368147,False,False,0.6971279373368147,False,False,0.779373368146214,False,False,0.6971279373368147,False,False,0.6971279373368147,False,False,0.10052219321148825,False,False,0.10052219321148825,False,False
DataSet_02_084,NR4A1,False,ENCSR357LVC,K562,CRISPRi,-,-0.95483,True,106,False,,0.6415094339622641,0,0.12886597,0.06740331491712707,0.026519337016574586,,0.9164490861618799,False,False,0.9164490861618799,False,False,0.8929503916449086,False,False,0.9164490861618799,False,False,0.9164490861618799,False,False,0.02610966057441253,True,True,0.048302872062663184,True,True
DataSet_03_203,NR4A3,False,GSE86924,1.1B4,siRNA,GPL13497,-0.3285183,True,40,True,1.0,0.725,0,0.0952381,0.11479028697571744,0.05739514348785872,default activation,0.24151436031331594,False,False,0.2819843342036554,False,False,0.4412532637075718,False,False,0.2885117493472585,False,False,0.24151436031331594,False,False,0.26109660574412535,False,False,0.31592689295039167,False,False
DataSet_01_052,NR5A1,False,GSE26529,NCI-H295R,shRNA,GPL6244,-0.1285,True,105,True,1.0,0.6952380952380952,0,0.18571429,0.0640176600441501,0.033112582781456956,default activation,0.007832898172323759,True,True,0.009138381201044387,True,True,0.005221932114882507,True,True,0.009138381201044387,True,True,0.007832898172323759,True,True,0.0391644908616188,True,True,0.08485639686684072,True,False
DataSet_01_182,NR5A2,False,GSE47803,MCF7,siRNA,GPL6947,-0.49334,True,63,True,1.0,0.5714285714285714,0,0.13157895,0.10927152317880795,0.056291390728476824,PMID,0.6514360313315927,False,False,0.7362924281984334,False,False,0.8368146214099217,False,False,0.7362924281984334,False,False,0.6514360313315927,False,False,0.8185378590078329,False,False,0.8890339425587467,False,False
DataSet_02_062,NRF1,False,ENCSR299HUJ,K562,CRISPRi,-,-0.42397,True,88,True,1.0,0.7159090909090909,0,0.10486891,0.10375275938189846,0.04194260485651214,default activation,0.6449086161879896,False,False,0.6631853785900783,False,False,0.48172323759791125,False,False,0.664490861618799,False,False,0.643603133159269,False,False,0.05352480417754569,True,False,0.057441253263707574,True,False
DataSet_01_268,OTX2,False,GSE66671,Neural precursor cells,siRNA,GPL16686,-0.70495,True,43,True,1.0,0.6511627906976745,0,0.09259259,0.13134657836644592,0.056291390728476824,default activation,0.014360313315926894,True,True,0.06005221932114883,True,False,0.04308093994778068,True,True,0.06135770234986945,True,False,0.014360313315926894,True,True,0.0013054830287206266,True,True,0.27154046997389036,False,False
DataSet_03_205,PARK7,True,GSE66722,LNCaP,siRNA,GPL19874,-4.931629,True,7,False,,0.0,18,0.125,0.10816777041942605,0.04746136865342163,,0.49216710182767626,False,False,0.4934725848563969,False,False,0.3968668407310705,False,False,0.49216710182767626,False,False,0.49216710182767626,False,False,0.03524804177545692,True,True,0.13185378590078328,False,False
DataSet_01_072,PAX2,False,GSE30501,TOV21G,shRNA,GPL570,-0.65385,True,24,False,,0.3333333333333333,0,0.11111111,0.0640176600441501,0.023178807947019868,,0.34464751958224543,False,False,0.3433420365535248,False,False,0.27154046997389036,False,False,0.34464751958224543,False,False,0.3433420365535248,False,False,0.1409921671018277,False,False,0.4216710182767624,False,False
DataSet_01_026,PAX3,True,GSE16249,NZM15,siRNA,GPL570,-1.25574,True,113,True,1.0,0.7699115044247787,2,0.08203125,0.11406423034330011,0.05647840531561462,default activation,0.07702349869451697,True,False,0.20365535248041775,False,False,0.12532637075718014,False,False,0.21801566579634465,False,False,0.06266318537859007,True,False,0.0013054830287206266,True,True,0.6892950391644909,False,False
DataSet_01_027,PAX3,True,GSE16249,NZM12,siRNA,GPL570,-1.05249,True,113,True,1.0,0.7699115044247787,2,0.08203125,0.11406423034330011,0.05647840531561462,default activation,0.12924281984334204,False,False,0.19712793733681463,False,False,0.1475195822454308,False,False,0.2010443864229765,False,False,0.1279373368146214,False,False,0.009138381201044387,True,True,0.05483028720626632,True,False
DataSet_01_359,PAX3,False,GSE35862,Rh30,shRNA,GPL6480,-0.23075,True,113,True,1.0,0.7699115044247787,0,0.08203125,0.11406423034330011,0.05647840531561462,default activation,0.0731070496083551,True,False,0.07963446475195822,True,False,0.031331592689295036,True,True,0.07963446475195822,True,False,0.07441253263707572,True,False,0.10182767624020887,False,False,0.22845953002610966,False,False
DataSet_03_206,PAX3,False,GSE31912,MCF7,siRNA,GPL570,0.1763082,True,113,True,1.0,0.7699115044247787,77,0.08203125,0.11406423034330011,0.05647840531561462,default activation,0.7023498694516971,False,False,0.6879895561357703,False,False,0.7493472584856397,False,False,0.6879895561357703,False,False,0.7036553524804178,False,False,0.8681462140992167,False,False,0.7859007832898173,False,False
DataSet_03_207,PBX1,True,GSE28006,MCF7,siRNA,GPL10558,-1.86539,True,62,True,1.0,0.0,0,0.1388889,0.04756637168141593,0.01327433628318584,PMID,0.24151436031331594,False,False,0.7101827676240209,False,False,0.5013054830287206,False,False,0.706266318537859,False,False,0.24151436031331594,False,False,0.04569190600522193,True,True,0.41383812010443866,False,False
DataSet_03_208,PBX1,True,GSE36928,LTED,siRNA,GPL10558,-1.237863,True,62,True,1.0,0.0,0,0.1388889,0.04756637168141593,0.01327433628318584,PMID,0.3720626631853786,False,False,0.6814621409921671,False,False,0.720626631853786,False,False,0.6866840731070496,False,False,0.36945169712793735,False,False,0.020887728459530026,True,True,0.24804177545691905,False,False
DataSet_03_209,PBX1,True,GSE39418,MCF7,siRNA,GPL10558,-1.123829,True,62,True,1.0,0.0,0,0.1388889,0.04756637168141593,0.01327433628318584,PMID,0.5691906005221932,False,False,0.8263707571801566,False,False,0.587467362924282,False,False,0.8276762402088773,False,False,0.5678851174934726,False,False,0.11096605744125326,False,False,0.3825065274151436,False,False
DataSet_01_188,PGR,False,GSE48853,Endometrial stromal cells,siRNA,GPL571,-0.26924,True,126,True,1.0,0.4126984126984127,0,0.115485564,0.08719646799116998,0.04415011037527594,default activation,0.7689295039164491,False,False,0.8302872062663186,False,False,0.6971279373368147,False,False,0.8276762402088773,False,False,0.7715404699738904,False,False,0.1919060052219321,False,False,0.5143603133159269,False,False
DataSet_01_054,PITX2,False,GSE27275,TM1,siRNA,GPL6883,-0.04471,True,141,True,1.0,0.851063829787234,0,0.083333336,0.07734806629834254,0.028729281767955802,default activation,0.12402088772845953,False,False,0.13054830287206268,False,False,0.13577023498694518,False,False,0.13054830287206268,False,False,0.12402088772845953,False,False,0.0731070496083551,True,False,0.07571801566579635,True,False
DataSet_01_055,PITX2,False,GSE27275,TM2,siRNA,GPL6883,0.06962,True,141,True,1.0,0.851063829787234,0,0.083333336,0.07734806629834254,0.028729281767955802,default activation,0.020887728459530026,True,True,0.020887728459530026,True,True,0.0039164490861618795,True,True,0.020887728459530026,True,True,0.020887728459530026,True,True,0.20757180156657964,False,False,0.19973890339425587,False,False
DataSet_01_005,POU5F1,False,GSE12320,GBS6,siRNA,GPL570,0.0,True,89,True,1.0,0.23595505617977527,0,0.21875,0.1581858407079646,0.09292035398230089,PMID,0.6462140992167101,False,False,0.6462140992167101,False,False,0.6148825065274152,False,False,0.6475195822454308,False,False,0.6462140992167101,False,False,0.10574412532637076,False,False,0.10574412532637076,False,False
DataSet_01_042,POU5F1,True,GSE21135,H1-hESC,shRNA,GPL6947,-2.46487,True,89,True,1.0,0.23595505617977527,0,0.21875,0.1581858407079646,0.09292035398230089,PMID,0.0013054830287206266,True,True,0.0013054830287206266,True,True,0.0013054830287206266,True,True,0.0013054830287206266,True,True,0.0013054830287206266,True,True,0.0013054830287206266,True,True,0.8459530026109661,False,False
DataSet_01_095,POU5F1,True,GSE34904,H1-hESC,shRNA,GPL10558,-2.36646,True,89,True,1.0,0.23595505617977527,2,0.21875,0.1581858407079646,0.09292035398230089,PMID,0.007832898172323759,True,True,0.010443864229765013,True,True,0.016971279373368148,True,True,0.014360313315926894,True,True,0.007832898172323759,True,True,0.0013054830287206266,True,True,0.5156657963446475,False,False
DataSet_03_214,PPARG,True,GSE88768,GM-CSF Macrophage,siRNA,GPL21185,-1.296667,True,342,False,,0.2046783625730994,0,0.2754491,0.1434878587196468,0.0739514348785872,,0.02349869451697128,True,True,0.0195822454308094,True,True,0.02349869451697128,True,True,0.02349869451697128,True,True,0.0195822454308094,True,True,0.0013054830287206266,True,True,0.0731070496083551,True,False
DataSet_01_006,PROX1,True,GSE12846,Primary lymphatic endothelial cells,siRNA,GPL570,-1.13977,True,34,False,,0.4117647058823529,1,0.077586204,0.0706401766004415,0.02207505518763797,,0.15926892950391644,False,False,0.16057441253263707,False,False,0.2349869451697128,False,False,0.15926892950391644,False,False,0.16057441253263707,False,False,0.597911227154047,False,False,0.7545691906005222,False,False
DataSet_03_216,PRRX1,False,GSE44305,Fibroblast,siRNA,GPL10558,0.1592089,True,6,False,,0.0,6,0.09090909,0.11602209944751381,0.06850828729281767,,0.6135770234986945,False,False,0.6135770234986945,False,False,0.5900783289817232,False,False,0.6135770234986945,False,False,0.6135770234986945,False,False,0.7767624020887729,False,False,0.7689295039164491,False,False
DataSet_03_217,PRRX1,True,GSE97426,691-MES,CRISPR,GPL570,-1.515082,True,6,False,,0.0,0,0.09090909,0.11602209944751381,0.06850828729281767,,0.7036553524804178,False,False,0.7036553524804178,False,False,0.7271540469973891,False,False,0.7036553524804178,False,False,0.7036553524804178,False,False,0.5757180156657964,False,False,0.5887728459530026,False,False
DataSet_01_051,RARA,True,GSE26298,MCF7,siRNA,GPL570,-1.27545,True,182,True,1.0,0.6483516483516484,0,0.15503876,0.08287292817679558,0.03314917127071823,default activation,0.9947780678851175,False,False,0.9947780678851175,False,False,0.9934725848563969,False,False,0.9947780678851175,False,False,0.9947780678851175,False,False,0.912532637075718,False,False,0.9503916449086162,False,False
DataSet_03_218,RARA,False,GSE22213,MCF7,siRNA,GPL6947,-0.436932,True,182,True,1.0,0.6483516483516484,0,0.15503876,0.08287292817679558,0.03314917127071823,default activation,0.9934725848563969,False,False,0.9960835509138382,False,False,0.9712793733681462,False,False,0.9960835509138382,False,False,0.9934725848563969,False,False,0.6031331592689295,False,False,0.8838120104438643,False,False
DataSet_03_219,RB1,False,GSE31912,MCF7,siRNA,GPL570,-0.491721,True,33,True,-1.0,0.48484848484848486,77,0.14035088,0.09050772626931568,0.03642384105960265,PMID,0.7101827676240209,False,False,0.5744125326370757,False,False,0.5248041775456919,False,False,0.5809399477806788,False,False,0.7114882506527415,False,False,0.0039164490861618795,True,True,0.16449086161879894,False,False
DataSet_01_030,RELA,True,GSE1676,HEK293,siRNA,GPL201,-2.00711,True,540,True,1.0,0.45555555555555555,2,0.5608215,0.21087680355160932,0.14206437291897892,default activation,0.0013054830287206266,True,True,0.0026109660574412533,True,True,0.0026109660574412533,True,True,0.0039164490861618795,True,True,0.0013054830287206266,True,True,0.007832898172323759,True,True,0.014360313315926894,True,True
DataSet_01_080,RELA,True,GSE31534,A375,siRNA,GPL570,-1.02265,True,540,True,1.0,0.45555555555555555,11,0.5608215,0.21087680355160932,0.14206437291897892,default activation,0.0391644908616188,True,True,0.04046997389033943,True,True,0.03524804177545692,True,True,0.04177545691906005,True,True,0.03655352480417755,True,True,0.016971279373368148,True,True,0.031331592689295036,True,True
DataSet_02_039,RELA,True,ENCSR052ZPX,K562,CRISPRi,-,-1.39551,True,540,True,1.0,0.45555555555555555,0,0.5608215,0.21087680355160932,0.14206437291897892,default activation,0.0013054830287206266,True,True,0.0013054830287206266,True,True,0.0013054830287206266,True,True,0.0013054830287206266,True,True,0.0013054830287206266,True,True,0.014360313315926894,True,True,0.015665796344647518,True,True
DataSet_03_222,RELA,True,GSE122918,WI38,siRNA,GPL17586,-1.321429,True,540,True,1.0,0.45555555555555555,2,0.5608215,0.21087680355160932,0.14206437291897892,default activation,0.013054830287206266,True,True,0.015665796344647518,True,True,0.016971279373368148,True,True,0.016971279373368148,True,True,0.013054830287206266,True,True,0.0013054830287206266,True,True,0.006527415143603133,True,True
DataSet_03_223,RELA,True,GSE144397,WI38,siRNA,GPL17586,-1.413095,True,540,True,1.0,0.45555555555555555,2,0.5608215,0.21087680355160932,0.14206437291897892,default activation,0.006527415143603133,True,True,0.006527415143603133,True,True,0.009138381201044387,True,True,0.006527415143603133,True,True,0.006527415143603133,True,True,0.0013054830287206266,True,True,0.006527415143603133,True,True
DataSet_03_224,RELA,False,GSE31912,MCF7,siRNA,GPL570,-0.7412863,True,540,True,1.0,0.45555555555555555,77,0.5608215,0.21087680355160932,0.14206437291897892,default activation,0.03655352480417755,True,True,0.044386422976501305,True,True,0.050913838120104436,True,False,0.04569190600522193,True,True,0.033942558746736295,True,True,0.0013054830287206266,True,True,0.03524804177545692,True,True
DataSet_01_294,RELB,False,GSE73158,A549,siRNA,GPL10558,-0.30257,True,56,True,1.0,0.5,0,0.33333334,0.10188261351052048,0.044296788482835,default activation,0.45039164490861616,False,False,0.5313315926892951,False,False,0.6475195822454308,False,False,0.5326370757180157,False,False,0.4490861618798956,False,False,0.8981723237597912,False,False,0.912532637075718,False,False
DataSet_03_225,RELB,True,GSE35463,MiaPaCa2,siRNA,GPL6244,-1.64003,True,56,True,1.0,0.5,0,0.33333334,0.10188261351052048,0.044296788482835,default activation,0.1370757180156658,False,False,0.22845953002610966,False,False,0.050913838120104436,True,False,0.22845953002610966,False,False,0.1370757180156658,False,False,0.4490861618798956,False,False,0.856396866840731,False,False
DataSet_03_226,RELB,False,GSE62815,SKOV3,shRNA,GPL6244,0.03642267,True,56,True,1.0,0.5,0,0.33333334,0.10188261351052048,0.044296788482835,default activation,0.5809399477806788,False,False,0.5718015665796344,False,False,0.5378590078328982,False,False,0.5744125326370757,False,False,0.5809399477806788,False,False,0.9503916449086162,False,False,0.9490861618798956,False,False
DataSet_03_227,RELB,False,GSE97783,HaCaT,siRNA,GPL10558,-0.6780348,True,56,True,1.0,0.5,0,0.33333334,0.10188261351052048,0.044296788482835,default activation,0.4321148825065274,False,False,0.45039164490861616,False,False,0.737597911227154,False,False,0.45430809399477806,False,False,0.4308093994778068,False,False,0.881201044386423,False,False,0.8825065274151436,False,False
DataSet_01_136,REST,True,GSE41386,Smooth muscle cells,siRNA,GPL570,-1.42747,True,73,False,,0.0,0,0.0625,0.24750277469478357,0.15760266370699222,,0.0013054830287206266,True,True,0.0013054830287206266,True,True,0.0013054830287206266,True,True,0.0013054830287206266,True,True,0.0013054830287206266,True,True,0.0013054830287206266,True,True,0.0026109660574412533,True,True
DataSet_01_145,REST,True,GSE43033,H295R/TR,siRNA,GPL6244,-1.19468,True,73,False,,0.0,1,0.0625,0.24750277469478357,0.15760266370699222,,0.0013054830287206266,True,True,0.0013054830287206266,True,True,0.0013054830287206266,True,True,0.0013054830287206266,True,True,0.0013054830287206266,True,True,0.01174934725848564,True,True,0.02349869451697128,True,True
DataSet_01_211,REST,True,GSE51461,LNCaP,siRNA,GPL14550,-1.90083,True,73,False,,0.0,0,0.0625,0.24750277469478357,0.15760266370699222,,0.0013054830287206266,True,True,0.0013054830287206266,True,True,0.0013054830287206266,True,True,0.0013054830287206266,True,True,0.0013054830287206266,True,True,0.0013054830287206266,True,True,0.0013054830287206266,True,True
DataSet_01_337,REST,True,GSE94466,NHEK,siRNA,GPL6244,-2.52843,True,73,False,,0.0,0,0.0625,0.24750277469478357,0.15760266370699222,,0.0013054830287206266,True,True,0.0013054830287206266,True,True,0.0013054830287206266,True,True,0.0013054830287206266,True,True,0.0013054830287206266,True,True,0.0013054830287206266,True,True,0.0013054830287206266,True,True
DataSet_01_338,REST,True,GSE94467,NHEK,siRNA,GPL6244,-2.7384,True,73,False,,0.0,0,0.0625,0.24750277469478357,0.15760266370699222,,0.0013054830287206266,True,True,0.0013054830287206266,True,True,0.0013054830287206266,True,True,0.0013054830287206266,True,True,0.0013054830287206266,True,True,0.0026109660574412533,True,True,0.0026109660574412533,True,True
DataSet_03_228,REST,True,GSE43033,H295R/TR,siRNA,GPL6244,-1.235054,True,73,False,,0.0,1,0.0625,0.24750277469478357,0.15760266370699222,,0.0013054830287206266,True,True,0.0013054830287206266,True,True,0.0013054830287206266,True,True,0.0013054830287206266,True,True,0.0013054830287206266,True,True,0.0013054830287206266,True,True,0.0039164490861618795,True,True
DataSet_02_061,RFX5,True,ENCSR619EYC,K562,CRISPRi,-,-1.58857,True,24,True,1.0,0.9166666666666666,0,0.64285713,0.10154525386313466,0.06070640176600441,default activation,0.5195822454308094,False,False,0.6631853785900783,False,False,0.6422976501305483,False,False,0.660574412532637,False,False,0.5195822454308094,False,False,0.6057441253263708,False,False,0.6997389033942559,False,False
DataSet_01_022,RUNX1,False,GSE16238,HTB58,siRNA,GPL570,0.0,True,195,True,1.0,0.5846153846153846,0,0.114369504,0.0757238307349666,0.024498886414253896,default activation,0.2819843342036554,False,False,0.2819843342036554,False,False,0.25326370757180156,False,False,0.2819843342036554,False,False,0.2819843342036554,False,False,0.7637075718015666,False,False,0.7637075718015666,False,False
DataSet_01_023,RUNX1,False,GSE16238,TF-1,siRNA,GPL570,0.0,True,195,True,1.0,0.5846153846153846,0,0.114369504,0.0757238307349666,0.024498886414253896,default activation,0.7780678851174935,False,False,0.7780678851174935,False,False,0.5156657963446475,False,False,0.7780678851174935,False,False,0.7780678851174935,False,False,0.6801566579634465,False,False,0.6801566579634465,False,False
DataSet_01_047,RUNX1,False,GSE24778,K562,shRNA,GPL5188,0.0,True,195,True,1.0,0.5846153846153846,0,0.114369504,0.0757238307349666,0.024498886414253896,default activation,0.03263707571801567,True,True,0.03263707571801567,True,True,0.04177545691906005,True,True,0.030026109660574413,True,True,0.03263707571801567,True,True,0.4621409921671018,False,False,0.4621409921671018,False,False
DataSet_01_093,RUNX1,False,GSE34594,SKNO-1,siRNA,GPL10558,-0.25424,True,195,True,1.0,0.5846153846153846,0,0.114369504,0.0757238307349666,0.024498886414253896,default activation,0.9869451697127938,False,False,0.9895561357702349,False,False,0.9856396866840731,False,False,0.9895561357702349,False,False,0.9869451697127938,False,False,0.9634464751958225,False,False,0.9830287206266318,False,False
DataSet_01_159,RUNX1,False,GSE45743,Kasumi-1,siRNA,GPL6244,-0.07765,True,195,True,1.0,0.5846153846153846,0,0.114369504,0.0757238307349666,0.024498886414253896,default activation,0.7976501305483029,False,False,0.7989556135770235,False,False,0.6566579634464752,False,False,0.7989556135770235,False,False,0.7976501305483029,False,False,0.9778067885117493,False,False,0.9830287206266318,False,False
DataSet_01_245,RUNX1,False,GSE62140,ALLSIL,siRNA,GPL19197,-0.79607,True,195,True,1.0,0.5846153846153846,0,0.114369504,0.0757238307349666,0.024498886414253896,default activation,0.024804177545691905,True,True,0.05352480417754569,True,False,0.022193211488250653,True,True,0.05613577023498695,True,False,0.022193211488250653,True,True,0.0026109660574412533,True,True,0.06657963446475196,True,False
DataSet_01_314,RUNX1,False,GSE79598,H9,shRNA,GPL17586,-0.21464,True,195,True,1.0,0.5846153846153846,0,0.114369504,0.0757238307349666,0.024498886414253896,default activation,0.3838120104438642,False,False,0.39947780678851175,False,False,0.6997389033942559,False,False,0.4007832898172324,False,False,0.3838120104438642,False,False,0.1370757180156658,False,False,0.16449086161879894,False,False
DataSet_01_343,RUNX1,False,GSE94835,MV4-11,shRNA,GPL17692,-0.044,True,195,True,1.0,0.5846153846153846,0,0.114369504,0.0757238307349666,0.024498886414253896,default activation,0.20887728459530025,False,False,0.21148825065274152,False,False,0.49738903394255873,False,False,0.21148825065274152,False,False,0.20757180156657964,False,False,0.08746736292428199,True,False,0.13968668407310705,False,False
DataSet_01_344,RUNX1,False,GSE98748,MV4-11,shRNA,GPL17692,-0.11793,True,195,True,1.0,0.5846153846153846,0,0.114369504,0.0757238307349666,0.024498886414253896,default activation,0.2898172323759791,False,False,0.3002610966057441,False,False,0.5822454308093995,False,False,0.30156657963446476,False,False,0.2885117493472585,False,False,0.2349869451697128,False,False,0.40339425587467365,False,False
DataSet_01_062,RUNX2,False,GSE28414,MCF7VP,siRNA,GPL570,-0.33534,True,124,True,1.0,0.0,0,0.13397129,0.15248618784530388,0.061878453038674036,PMID,0.9268929503916449,False,False,0.9347258485639687,False,False,0.9464751958224543,False,False,0.9347258485639687,False,False,0.9255874673629243,False,False,0.8746736292428199,False,False,0.9490861618798956,False,False
DataSet_01_361,RUNX2,False,GSE46477,SKOV3,shRNA,GPL4133,0.09301,True,124,True,1.0,0.0,0,0.13397129,0.15248618784530388,0.061878453038674036,PMID,0.7702349869451697,False,False,0.7545691906005222,False,False,0.7467362924281984,False,False,0.7519582245430809,False,False,0.7702349869451697,False,False,0.9712793733681462,False,False,0.9190600522193212,False,False
DataSet_01_098,SALL4,True,GSE35965,SNU398,shRNA,GPL6244,-1.30794,True,21,True,1.0,0.0,0,0.10714286,0.057458563535911604,0.020994475138121547,regulon,0.06266318537859007,True,False,0.26240208877284593,False,False,0.4621409921671018,False,False,0.2558746736292428,False,False,0.06135770234986945,True,False,0.020887728459530026,True,True,0.06788511749347259,True,False
DataSet_01_277,SALL4,True,GSE68959,H661,shRNA,GPL6244,-1.96854,True,21,True,1.0,0.0,0,0.10714286,0.057458563535911604,0.020994475138121547,regulon,0.25326370757180156,False,False,0.587467362924282,False,False,0.608355091383812,False,False,0.5796344647519582,False,False,0.2506527415143603,False,False,0.27676240208877284,False,False,0.4908616187989556,False,False
DataSet_03_229,SATB1,True,GSE17241,CD4+ T cells,shRNA,GPL2507,-1.656688,True,45,True,1.0,0.5333333333333333,0,0.10185185,0.08960176991150443,0.029867256637168143,default activation,0.0026109660574412533,True,True,0.005221932114882507,True,True,0.02610966057441253,True,True,0.005221932114882507,True,True,0.0026109660574412533,True,True,0.03655352480417755,True,True,0.10835509138381201,False,False
DataSet_03_230,SATB1,False,GSE17241,CD4+ T cells,siRNA,GPL6102,-0.6245175,True,45,True,1.0,0.5333333333333333,0,0.10185185,0.08960176991150443,0.029867256637168143,default activation,0.9425587467362925,False,False,0.9843342036553525,False,False,0.9751958224543081,False,False,0.9843342036553525,False,False,0.9412532637075718,False,False,0.7088772845953003,False,False,0.9073107049608355,False,False
DataSet_03_231,SATB1,False,GSE17241,CD4+ T cells,siRNA,GPL6106,-0.4411841,True,45,True,1.0,0.5333333333333333,0,0.10185185,0.08960176991150443,0.029867256637168143,default activation,0.1279373368146214,False,False,0.3002610966057441,False,False,0.11879895561357702,False,False,0.2963446475195822,False,False,0.1279373368146214,False,False,0.1866840731070496,False,False,0.5261096605744126,False,False
DataSet_01_146,SF1,False,GSE43033,H295R/TR,siRNA,GPL6244,0.00378,True,12,False,,0.5,2,0.13043478,0.036464088397790057,0.009944751381215469,,0.0013054830287206266,True,True,0.0013054830287206266,True,True,0.0013054830287206266,True,True,0.0013054830287206266,True,True,0.0013054830287206266,True,True,0.4934725848563969,False,False,0.4934725848563969,False,False
DataSet_01_271,SF1,False,GSE67524,OsisHESC,siRNA,GPL16699,0.03327,True,12,False,,0.5,0,0.13043478,0.036464088397790057,0.009944751381215469,,0.0013054830287206266,True,True,0.0013054830287206266,True,True,0.0013054830287206266,True,True,0.0013054830287206266,True,True,0.0013054830287206266,True,True,0.006527415143603133,True,True,0.005221932114882507,True,True
DataSet_01_269,SIX4,True,GSE67327,PEO1,siRNA,GPL10558,-3.3989,True,7,False,,0.5714285714285714,0,0.15384616,0.05187637969094923,0.019867549668874173,,0.5718015665796344,False,False,0.5718015665796344,False,False,0.5848563968668408,False,False,0.5718015665796344,False,False,0.5718015665796344,False,False,0.2924281984334204,False,False,0.3472584856396867,False,False
DataSet_01_248,SMAD2,True,GSE6242,Hep3B,siRNA,GPL4525,-1.43249,True,103,False,,0.0,2,0.3686636,0.10520487264673312,0.053156146179401995,,0.1801566579634465,False,False,0.17754569190600522,False,False,0.1514360313315927,False,False,0.1801566579634465,False,False,0.17754569190600522,False,False,0.08093994778067885,True,False,0.2193211488250653,False,False
DataSet_01_351,SMAD2,False,GSE8464,BxPC-3,siRNA,GPL4525,-0.8477,True,103,False,,0.0,1,0.3686636,0.10520487264673312,0.053156146179401995,,0.741514360313316,False,False,0.737597911227154,False,False,0.8642297650130548,False,False,0.741514360313316,False,False,0.7389033942558747,False,False,0.02610966057441253,True,True,0.12532637075718014,False,False
DataSet_04_019,SMAD2,True,ENCSR016WTN,K562,CRISPR,-,-1.081641,True,103,False,,0.0,0,0.3686636,0.10520487264673312,0.053156146179401995,,0.9543080939947781,False,False,0.9543080939947781,False,False,0.9086161879895561,False,False,0.9543080939947781,False,False,0.9543080939947781,False,False,0.4164490861618799,False,False,0.5900783289817232,False,False
DataSet_04_036,SMAD2,True,ENCSR036ANR,HepG2,CRISPR,-,-1.559244,True,103,False,,0.0,0,0.3686636,0.10520487264673312,0.053156146179401995,,0.587467362924282,False,False,0.5861618798955613,False,False,0.5913838120104439,False,False,0.587467362924282,False,False,0.5861618798955613,False,False,0.24934725848563968,False,False,0.5848563968668408,False,False
DataSet_01_249,SMAD3,False,GSE6242,Hep3B,siRNA,GPL4525,-0.84208,True,183,False,,0.0,2,0.3686636,0.12375690607734807,0.06408839779005525,,0.04699738903394256,True,True,0.04699738903394256,True,True,0.04177545691906005,True,True,0.04699738903394256,True,True,0.04699738903394256,True,True,0.02610966057441253,True,True,0.08224543080939947,True,False
DataSet_01_352,SMAD3,False,GSE8464,BxPC-3,siRNA,GPL4525,-0.72227,True,183,False,,0.0,1,0.3686636,0.12375690607734807,0.06408839779005525,,0.7911227154046997,False,False,0.7859007832898173,False,False,0.6214099216710183,False,False,0.7911227154046997,False,False,0.7859007832898173,False,False,0.20234986945169714,False,False,0.8381201044386423,False,False
DataSet_01_250,SMAD4,False,GSE6242,Hep3B,siRNA,GPL4525,-0.96317,True,136,False,,0.0,2,0.3253012,0.1504424778761062,0.09070796460176991,,0.14490861618798956,False,False,0.14360313315926893,False,False,0.1370757180156658,False,False,0.14490861618798956,False,False,0.14490861618798956,False,False,0.030026109660574413,True,True,0.11488250652741515,False,False
DataSet_04_020,SMAD4,True,ENCSR965MSX,K562,CRISPR,-,-1.664538,True,136,False,,0.0,0,0.3253012,0.1504424778761062,0.09070796460176991,,0.3381201044386423,False,False,0.3368146214099217,False,False,0.3342036553524804,False,False,0.3381201044386423,False,False,0.3368146214099217,False,False,0.11488250652741515,False,False,0.17101827676240208,False,False
DataSet_04_037,SMAD4,True,ENCSR700FWD,HepG2,CRISPR,-,-1.404555,True,136,False,,0.0,0,0.3253012,0.1504424778761062,0.09070796460176991,,0.13968668407310705,False,False,0.1370757180156658,False,False,0.24804177545691905,False,False,0.13968668407310705,False,False,0.1370757180156658,False,False,0.10704960835509138,False,False,0.5352480417754569,False,False
DataSet_02_048,SMAD5,True,ENCSR731FEO,K562,CRISPRi,-,-1.81161,True,35,False,,0.45714285714285713,0,0.29761904,0.15486725663716813,0.1006637168141593,,0.006527415143603133,True,True,0.006527415143603133,True,True,0.04699738903394256,True,True,0.006527415143603133,True,True,0.006527415143603133,True,True,0.38903394255874674,False,False,0.39033942558746737,False,False
DataSet_04_021,SMAD5,False,ENCSR649MBU,K562,CRISPR,-,-0.7658599,True,35,False,,0.45714285714285713,0,0.29761904,0.15486725663716813,0.1006637168141593,,0.0026109660574412533,True,True,0.0026109660574412533,True,True,0.0026109660574412533,True,True,0.0026109660574412533,True,True,0.0026109660574412533,True,True,0.044386422976501305,True,True,0.044386422976501305,True,True
DataSet_04_038,SMAD5,False,ENCSR383QYT,HepG2,CRISPR,-,-0.8974748,True,35,False,,0.45714285714285713,0,0.29761904,0.15486725663716813,0.1006637168141593,,0.10182767624020887,False,False,0.10182767624020887,False,False,0.10182767624020887,False,False,0.10182767624020887,False,False,0.10182767624020887,False,False,0.1801566579634465,False,False,0.1801566579634465,False,False
DataSet_03_234,SMAD7,False,GSE31912,MCF7,siRNA,GPL570,-0.2742983,True,65,True,1.0,0.4153846153846154,77,0.1513158,0.1390728476821192,0.0706401766004415,default activation,0.6383812010443864,False,False,0.6866840731070496,False,False,0.6501305483028721,False,False,0.6879895561357703,False,False,0.6370757180156658,False,False,0.9216710182767625,False,False,0.9477806788511749,False,False
DataSet_02_047,SMARCA4,False,ENCSR126GEQ,K562,CRISPRi,-,-0.29238,True,10,False,,0.0,0,0.16666667,0.1005524861878453,0.049723756906077346,,0.391644908616188,False,False,0.39033942558746737,False,False,0.3838120104438642,False,False,0.391644908616188,False,False,0.39033942558746737,False,False,0.04046997389033943,True,True,0.04699738903394256,True,True
DataSet_03_235,SMARCA4,True,GSE66722,LNCaP,siRNA,GPL19874,-2.833681,True,10,False,,0.0,18,0.16666667,0.1005524861878453,0.049723756906077346,,0.9503916449086162,False,False,0.9503916449086162,False,False,0.9804177545691906,False,False,0.9503916449086162,False,False,0.9490861618798956,False,False,0.0039164490861618795,True,True,0.17885117493472585,False,False
DataSet_03_236,SMARCC1,True,GSE66722,LNCaP,siRNA,GPL19874,-2.48754,True,9,True,1.0,0.6666666666666666,18,0.16666667,0.06070640176600441,0.02207505518763797,default activation,0.007832898172323759,True,True,0.6932114882506527,False,False,0.7010443864229765,False,False,0.7036553524804178,False,False,0.007832898172323759,True,True,0.04308093994778068,True,True,0.5326370757180157,False,False
DataSet_01_069,SNAI1,False,GSE28558,A549,siRNA,GPL6947,-0.05458,True,97,True,-1.0,0.7525773195876289,0,0.1627907,0.05849889624724062,0.025386313465783666,PMID,0.7558746736292428,False,False,0.7532637075718016,False,False,0.5848563968668408,False,False,0.7532637075718016,False,False,0.7558746736292428,False,False,0.912532637075718,False,False,0.9151436031331592,False,False
DataSet_01_225,SNAI2,False,GSE55269,Primary human keratinocytes,shRNA,GPL570,-0.46229,True,49,True,1.0,0.0,0,0.1627907,0.18121546961325966,0.12044198895027625,PMID,0.005221932114882507,True,True,0.005221932114882507,True,True,0.02349869451697128,True,True,0.005221932114882507,True,True,0.005221932114882507,True,True,0.005221932114882507,True,True,0.005221932114882507,True,True
DataSet_01_292,SNAI2,False,GSE72011,MCFDCIS,siRNA,GPL10558,-0.42818,True,49,True,1.0,0.0,0,0.1627907,0.18121546961325966,0.12044198895027625,PMID,0.0026109660574412533,True,True,0.0026109660574412533,True,True,0.010443864229765013,True,True,0.0026109660574412533,True,True,0.0013054830287206266,True,True,0.0013054830287206266,True,True,0.0039164490861618795,True,True
DataSet_01_213,SOX11,True,GSE52892,MCL,shRNA,GPL570,-1.94653,True,11,False,,0.45454545454545453,0,0.05882353,0.05758582502768549,0.021040974529346623,,0.11879895561357702,False,False,0.11879895561357702,False,False,0.06527415143603134,True,False,0.11879895561357702,False,False,0.11879895561357702,False,False,0.5443864229765013,False,False,0.5443864229765013,False,False
DataSet_03_237,SOX11,True,GSE104937,NHLF,siRNA,GPL20844,-2.317003,True,11,False,,0.45454545454545453,0,0.05882353,0.05758582502768549,0.021040974529346623,,0.20496083550913838,False,False,0.20496083550913838,False,False,0.15926892950391644,False,False,0.20496083550913838,False,False,0.20496083550913838,False,False,0.2689295039164491,False,False,0.27023498694516973,False,False
DataSet_03_238,SOX11,True,GSE124781,NHLF,siRNA,GPL20844,-3.157368,True,11,False,,0.45454545454545453,0,0.05882353,0.05758582502768549,0.021040974529346623,,0.1866840731070496,False,False,0.1866840731070496,False,False,0.1462140992167102,False,False,0.1866840731070496,False,False,0.1866840731070496,False,False,0.3642297650130548,False,False,0.3668407310704961,False,False
DataSet_03_239,SOX11,True,GSE25621,Granta 519,siRNA,GPL6244,-2.349537,True,11,False,,0.45454545454545453,0,0.05882353,0.05758582502768549,0.021040974529346623,,0.0013054830287206266,True,True,0.0013054830287206266,True,True,0.0013054830287206266,True,True,0.0013054830287206266,True,True,0.0013054830287206266,True,True,0.015665796344647518,True,True,0.016971279373368148,True,True
DataSet_01_300,SOX17,True,GSE75380,HUVEC,siRNA,GPL13497,-2.02528,True,45,True,1.0,0.6222222222222222,1,0.12820514,0.143646408839779,0.08066298342541436,default activation,0.0587467362924282,True,False,0.11618798955613577,False,False,0.1122715404699739,False,False,0.11488250652741515,False,False,0.057441253263707574,True,False,0.0195822454308094,True,True,0.0783289817232376,True,False
DataSet_01_360,SOX17,True,GSE37395,HUVEC,siRNA,GPL10332,-1.7728,True,45,True,1.0,0.6222222222222222,0,0.12820514,0.143646408839779,0.08066298342541436,default activation,0.2154046997389034,False,False,0.3328981723237598,False,False,0.2519582245430809,False,False,0.3342036553524804,False,False,0.2154046997389034,False,False,0.22323759791122716,False,False,0.5430809399477807,False,False
DataSet_01_046,SOX2,False,GSE23838,LN229,siRNA,GPL1426,0.0,True,88,True,1.0,0.0,0,0.1923077,0.07700892857142858,0.03125,PMID,0.9895561357702349,False,False,0.9895561357702349,False,False,0.9647519582245431,False,False,0.9895561357702349,False,False,0.9895561357702349,False,False,0.7989556135770235,False,False,0.7989556135770235,False,False
DataSet_01_096,SOX2,True,GSE34904,H1-hESC,shRNA,GPL10558,-2.0889,True,88,True,1.0,0.0,2,0.1923077,0.07700892857142858,0.03125,PMID,0.0013054830287206266,True,True,0.0026109660574412533,True,True,0.0026109660574412533,True,True,0.006527415143603133,True,True,0.0013054830287206266,True,True,0.0013054830287206266,True,True,0.3472584856396867,False,False
DataSet_01_097,SOX2,False,GSE34918,H1-hESC,shRNA,GPL10558,0.69207,True,88,True,1.0,0.0,0,0.1923077,0.07700892857142858,0.03125,PMID,0.9516971279373369,False,False,0.943864229765013,False,False,0.922976501305483,False,False,0.943864229765013,False,False,0.9530026109660574,False,False,0.8733681462140992,False,False,0.8159268929503917,False,False
DataSet_01_349,SOX2,True,GSE51441,HF2303,shRNA,GPL10558,-1.66135,True,88,True,1.0,0.0,0,0.1923077,0.07700892857142858,0.03125,PMID,0.006527415143603133,True,True,0.013054830287206266,True,True,0.0195822454308094,True,True,0.010443864229765013,True,True,0.006527415143603133,True,True,0.0195822454308094,True,True,0.10704960835509138,False,False
DataSet_01_350,SOX2,False,GSE67993,Undifferentiated hESCs,siRNA,GPL10558,-0.91185,True,88,True,1.0,0.0,0,0.1923077,0.07700892857142858,0.03125,PMID,0.26370757180156656,False,False,0.412532637075718,False,False,0.30548302872062666,False,False,0.41906005221932113,False,False,0.2584856396866841,False,False,0.0013054830287206266,True,True,0.009138381201044387,True,True
DataSet_03_240,SOX2,False,GSE48871,H520,siRNA,GPL6947,-0.6489913,True,88,True,1.0,0.0,0,0.1923077,0.07700892857142858,0.03125,PMID,0.3563968668407311,False,False,0.4464751958224543,False,False,0.40339425587467365,False,False,0.45300261096605743,False,False,0.3563968668407311,False,False,0.028720626631853787,True,True,0.7950391644908616,False,False
DataSet_03_241,SOX2,True,GSE48871,LK2,siRNA,GPL6947,-2.290736,True,88,True,1.0,0.0,0,0.1923077,0.07700892857142858,0.03125,PMID,0.23368146214099217,False,False,0.43733681462140994,False,False,0.4765013054830287,False,False,0.4425587467362924,False,False,0.2206266318537859,False,False,0.0013054830287206266,True,True,0.4386422976501306,False,False
DataSet_03_242,SOX2,True,GSE59234,2102Ep,siRNA,GPL6244,-3.135283,True,88,True,1.0,0.0,0,0.1923077,0.07700892857142858,0.03125,PMID,0.024804177545691905,True,True,0.050913838120104436,True,False,0.25718015665796345,False,False,0.05613577023498695,True,False,0.0195822454308094,True,True,0.0013054830287206266,True,True,0.6135770234986945,False,False
DataSet_03_243,SOX2,False,GSE59234,NTera-2,siRNA,GPL6244,-0.6449,True,88,True,1.0,0.0,0,0.1923077,0.07700892857142858,0.03125,PMID,0.016971279373368148,True,True,0.02349869451697128,True,True,0.2010443864229765,False,False,0.024804177545691905,True,True,0.015665796344647518,True,True,0.006527415143603133,True,True,0.020887728459530026,True,True
DataSet_03_244,SOX2,True,GSE79065,TCam-2,CRISPR,GPL10558,-3.879367,True,88,True,1.0,0.0,0,0.1923077,0.07700892857142858,0.03125,PMID,0.006527415143603133,True,True,0.009138381201044387,True,True,0.02349869451697128,True,True,0.009138381201044387,True,True,0.006527415143603133,True,True,0.0039164490861618795,True,True,0.033942558746736295,True,True
DataSet_03_245,SOX2,False,GSE79302,GSC-11,siRNA,GPL13607,-0.5578698,True,88,True,1.0,0.0,0,0.1923077,0.07700892857142858,0.03125,PMID,0.2741514360313316,False,False,0.3093994778067885,False,False,0.15796344647519583,False,False,0.31070496083550914,False,False,0.27154046997389036,False,False,0.11096605744125326,False,False,0.43994778067885115,False,False
DataSet_01_140,SOX4,False,GSE4225,ACC3,shRNA,GPL96,-0.05594,True,22,True,1.0,0.45454545454545453,0,0.075,0.07419712070874862,0.03322259136212625,PMID,0.643603133159269,False,False,0.6514360313315927,False,False,0.6827676240208878,False,False,0.660574412532637,False,False,0.643603133159269,False,False,0.7885117493472585,False,False,0.7898172323759791,False,False
DataSet_01_260,SOX4,True,GSE63957,MDA-MB231,shRNA,GPL10904,-3.22029,True,22,True,1.0,0.45454545454545453,0,0.075,0.07419712070874862,0.03322259136212625,PMID,0.02349869451697128,True,True,0.17885117493472585,False,False,0.2206266318537859,False,False,0.1762402088772846,False,False,0.02349869451697128,True,True,0.007832898172323759,True,True,0.15404699738903394,False,False
DataSet_03_246,SOX4,True,GSE38021,ST1,siRNA,GPL570,-1.275064,True,22,True,1.0,0.45454545454545453,0,0.075,0.07419712070874862,0.03322259136212625,PMID,0.8302872062663186,False,False,0.8746736292428199,False,False,0.8890339425587467,False,False,0.8759791122715405,False,False,0.8302872062663186,False,False,0.18276762402088773,False,False,0.27154046997389036,False,False
DataSet_03_247,SOX4,False,GSE79202,MDA-LM2,siRNA,GPL10558,-0.2811627,True,22,True,1.0,0.45454545454545453,0,0.075,0.07419712070874862,0.03322259136212625,PMID,0.050913838120104436,True,False,0.07702349869451697,True,False,0.08093994778067885,True,False,0.07049608355091384,True,False,0.050913838120104436,True,False,0.32114882506527415,False,False,0.4608355091383812,False,False
DataSet_01_299,SOX7,True,GSE75380,HUVEC,siRNA,GPL13497,-1.87406,True,6,False,,0.5,1,0.09090909,0.05187637969094923,0.026490066225165563,,0.12532637075718014,False,False,0.12532637075718014,False,False,0.037859007832898174,True,True,0.12532637075718014,False,False,0.12532637075718014,False,False,0.21801566579634465,False,False,0.23368146214099217,False,False
DataSet_01_308,SOX9,True,GSE76441,VCaP,siRNA,GPL570,-1.10787,True,104,True,1.0,0.0,0,0.10119048,0.10287610619469026,0.049778761061946904,PMID,0.13838120104438642,False,False,0.17493472584856398,False,False,0.2989556135770235,False,False,0.17754569190600522,False,False,0.1370757180156658,False,False,0.018276762402088774,True,True,0.05613577023498695,True,False
DataSet_01_309,SOX9,True,GSE76452,VCaP,siRNA,GPL570,-1.10787,True,104,True,1.0,0.0,0,0.10119048,0.10287610619469026,0.049778761061946904,PMID,0.13838120104438642,False,False,0.17493472584856398,False,False,0.2989556135770235,False,False,0.17754569190600522,False,False,0.1370757180156658,False,False,0.018276762402088774,True,True,0.05613577023498695,True,False
DataSet_03_248,SOX9,False,GSE143477,HepG2,knockdown,GPL15207,-0.8678247,True,104,True,1.0,0.0,0,0.10119048,0.10287610619469026,0.049778761061946904,PMID,0.7310704960835509,False,False,0.8015665796344648,False,False,0.8172323759791122,False,False,0.8080939947780679,False,False,0.7271540469973891,False,False,0.010443864229765013,True,True,0.8707571801566579,False,False
DataSet_01_081,SP1,True,GSE31534,A375,siRNA,GPL570,-1.20083,True,1260,True,1.0,0.5928571428571429,11,0.29037037,0.26496674057649666,0.21286031042128603,PMID,0.0013054830287206266,True,True,0.0013054830287206266,True,True,0.0013054830287206266,True,True,0.0013054830287206266,True,True,0.0013054830287206266,True,True,0.0013054830287206266,True,True,0.0039164490861618795,True,True
DataSet_02_067,SP1,False,ENCSR650QAK,K562,CRISPRi,-,-0.2263,True,1260,True,1.0,0.5928571428571429,0,0.29037037,0.26496674057649666,0.21286031042128603,PMID,0.0039164490861618795,True,True,0.0039164490861618795,True,True,0.0026109660574412533,True,True,0.0039164490861618795,True,True,0.0039164490861618795,True,True,0.007832898172323759,True,True,0.007832898172323759,True,True
DataSet_03_249,SP1,True,GSE37935,HeLa,siRNA,GPL570,-1.225976,True,1260,True,1.0,0.5928571428571429,0,0.29037037,0.26496674057649666,0.21286031042128603,PMID,0.737597911227154,False,False,0.7702349869451697,False,False,0.8772845953002611,False,False,0.7754569190600522,False,False,0.7362924281984334,False,False,0.006527415143603133,True,True,0.8537859007832899,False,False
DataSet_03_250,SP1,False,GSE48979,MDA-MB-231,siRNA,GPL6947,-0.1027342,True,1260,True,1.0,0.5928571428571429,1,0.29037037,0.26496674057649666,0.21286031042128603,PMID,0.9921671018276762,False,False,0.9921671018276762,False,False,0.9895561357702349,False,False,0.9921671018276762,False,False,0.9921671018276762,False,False,0.9712793733681462,False,False,0.9751958224543081,False,False
DataSet_03_251,SP1,True,GSE55563,OVSAYO,siRNA,GPL4133,-3.774837,True,1260,True,1.0,0.5928571428571429,0,0.29037037,0.26496674057649666,0.21286031042128603,PMID,0.10052219321148825,False,False,0.10966057441253264,False,False,0.06657963446475196,True,False,0.11879895561357702,False,False,0.09660574412532637,True,False,0.0013054830287206266,True,True,0.018276762402088774,True,True
DataSet_02_042,SP2,True,ENCSR715EDZ,K562,CRISPRi,-,-2.02074,True,22,False,,0.5909090909090909,0,0.1,0.11589403973509933,0.04083885209713024,,0.5600522193211488,False,False,0.5600522193211488,False,False,0.5548302872062664,False,False,0.5600522193211488,False,False,0.5600522193211488,False,False,0.2845953002610966,False,False,0.2885117493472585,False,False
DataSet_01_290,SP3,False,GSE7102,JURKAT,siRNA,GPL571,-0.97463,True,421,True,1.0,0.6555819477434679,0,0.29037037,0.17439293598233996,0.09492273730684327,default activation,0.7049608355091384,False,False,0.737597911227154,False,False,0.6527415143603134,False,False,0.7441253263707572,False,False,0.7036553524804178,False,False,0.9112271540469974,False,False,0.9308093994778068,False,False
DataSet_01_107,SPDEF,False,GSE37662,MCF7,shRNA,GPL96,0.70523,True,19,True,1.0,0.42105263157894735,0,0.13636364,0.11836283185840708,0.06305309734513274,default activation,0.46736292428198434,False,False,0.3968668407310705,False,False,0.45822454308093996,False,False,0.38903394255874674,False,False,0.46736292428198434,False,False,0.3433420365535248,False,False,0.31723237597911225,False,False
DataSet_01_135,SPDEF,True,GSE40985,MCF7,shRNA,GPL570,-1.04132,True,19,True,1.0,0.42105263157894735,0,0.13636364,0.11836283185840708,0.06305309734513274,default activation,0.04960835509138381,True,True,0.1514360313315927,False,False,0.13838120104438642,False,False,0.14490861618798956,False,False,0.04960835509138381,True,True,0.3133159268929504,False,False,0.47911227154047,False,False
DataSet_01_189,SPDEF,True,GSE48928,MCF7,siRNA,GPL10558,-1.49909,True,19,True,1.0,0.42105263157894735,0,0.13636364,0.11836283185840708,0.06305309734513274,default activation,0.22845953002610966,False,False,0.9308093994778068,False,False,0.95822454308094,False,False,0.9347258485639687,False,False,0.22715404699738903,False,False,0.018276762402088774,True,True,0.48172323759791125,False,False
DataSet_03_253,SPIB,True,GSE50015,OCI-Ly3,siRNA,GPL10558,-1.325308,True,18,True,1.0,0.5,0,0.1,0.09602649006622517,0.05187637969094923,default activation,0.016971279373368148,True,True,0.35117493472584854,False,False,0.4751958224543081,False,False,0.34856396866840733,False,False,0.015665796344647518,True,True,0.037859007832898174,True,True,0.7467362924281984,False,False
DataSet_02_021,SRF,False,ENCSR084NTT,K562,CRISPRi,-,-0.5929,True,102,True,1.0,0.0,0,0.11278196,0.112707182320442,0.057458563535911604,PMID,0.1031331592689295,False,False,0.11357702349869452,False,False,0.17754569190600522,False,False,0.1122715404699739,False,False,0.1031331592689295,False,False,0.1618798955613577,False,False,0.17754569190600522,False,False
DataSet_03_254,SRF,False,GSE22606,LNCaP,siRNA,GPL570,-0.7442458,True,102,True,1.0,0.0,0,0.11278196,0.112707182320442,0.057458563535911604,PMID,0.6201044386422977,False,False,0.6840731070496083,False,False,0.6801566579634465,False,False,0.6879895561357703,False,False,0.6174934725848564,False,False,0.24151436031331594,False,False,0.5221932114882507,False,False
DataSet_03_255,SSRP1,True,GSE71059,BE(2)C cells,siRNA,GPL16686,-1.9457,True,146,False,,1.0,0,0.11764706,0.1390728476821192,0.0728476821192053,,0.5861618798955613,False,False,0.5835509138381201,False,False,0.6906005221932114,False,False,0.5861618798955613,False,False,0.5861618798955613,False,False,0.4830287206266319,False,False,0.4830287206266319,False,False
DataSet_01_021,STAT1,True,GSE15845,SCC61,shRNA,GPL6244,-1.36,True,294,True,1.0,0.445578231292517,0,0.1967742,0.18555555555555556,0.13333333333333333,PMID,0.014360313315926894,True,True,0.014360313315926894,True,True,0.020887728459530026,True,True,0.014360313315926894,True,True,0.014360313315926894,True,True,0.02610966057441253,True,True,0.05221932114882506,True,False
DataSet_01_083,STAT1,True,GSE31534,A375,siRNA,GPL570,-1.42141,True,294,True,1.0,0.445578231292517,11,0.1967742,0.18555555555555556,0.13333333333333333,PMID,0.2885117493472585,False,False,0.35900783289817234,False,False,0.39033942558746737,False,False,0.3629242819843342,False,False,0.283289817232376,False,False,0.06527415143603134,True,False,0.12663185378590078,False,False
DataSet_01_154,STAT1,True,GSE44652,JURKAT,shRNA,GPL570,-1.16067,True,294,True,1.0,0.445578231292517,0,0.1967742,0.18555555555555556,0.13333333333333333,PMID,0.412532637075718,False,False,0.48433420365535246,False,False,0.5652741514360313,False,False,0.48433420365535246,False,False,0.40992167101827676,False,False,0.1122715404699739,False,False,0.36161879895561355,False,False
DataSet_02_023,STAT1,True,ENCSR184VVN,K562,CRISPRi,-,-1.72967,True,294,True,1.0,0.445578231292517,0,0.1967742,0.18555555555555556,0.13333333333333333,PMID,0.8955613577023499,False,False,0.9151436031331592,False,False,0.9425587467362925,False,False,0.9151436031331592,False,False,0.8942558746736292,False,False,0.47389033942558745,False,False,0.9451697127937336,False,False
DataSet_03_256,STAT1,True,GSE31912,MCF7,siRNA,GPL570,-1.1724,True,294,True,1.0,0.445578231292517,77,0.1967742,0.18555555555555556,0.13333333333333333,PMID,0.06919060052219321,True,False,0.11488250652741515,False,False,0.1906005221932115,False,False,0.12140992167101827,False,False,0.06135770234986945,True,False,0.005221932114882507,True,True,0.06005221932114883,True,False
DataSet_03_257,STAT1,False,GSE84693,Huh-7.5,knockout,GPL16686,0.0,True,294,True,1.0,0.445578231292517,0,0.1967742,0.18555555555555556,0.13333333333333333,PMID,0.3093994778067885,False,False,0.3093994778067885,False,False,0.24412532637075718,False,False,0.3093994778067885,False,False,0.3093994778067885,False,False,0.9164490861618799,False,False,0.9164490861618799,False,False
DataSet_04_022,STAT1,True,ENCSR184VVN,K562,CRISPRi,-,-1.722998,True,294,True,1.0,0.445578231292517,0,0.1967742,0.18555555555555556,0.13333333333333333,PMID,0.814621409921671,False,False,0.8707571801566579,False,False,0.9373368146214099,False,False,0.8720626631853786,False,False,0.814621409921671,False,False,0.3720626631853786,False,False,0.9921671018276762,False,False
DataSet_02_018,STAT2,True,ENCSR469EFL,K562,CRISPRi,-,-1.70754,True,49,False,,0.4897959183673469,0,0.21538462,0.17439293598233996,0.10816777041942605,,0.07571801566579635,True,False,0.07571801566579635,True,False,0.13446475195822455,False,False,0.07571801566579635,True,False,0.07571801566579635,True,False,0.30809399477806787,False,False,0.31462140992167104,False,False
DataSet_01_049,STAT3,True,GSE25867,DU145,siRNA,GPL571,-2.85367,True,425,True,1.0,0.0,0,0.1967742,0.16201117318435754,0.08268156424581005,PMID,0.2741514360313316,False,False,0.3263707571801567,False,False,0.3472584856396867,False,False,0.3263707571801567,False,False,0.2741514360313316,False,False,0.048302872062663184,True,True,0.4164490861618799,False,False
DataSet_01_084,STAT3,True,GSE31534,A375,siRNA,GPL570,-1.94704,True,425,True,1.0,0.0,11,0.1967742,0.16201117318435754,0.08268156424581005,PMID,0.1279373368146214,False,False,0.1618798955613577,False,False,0.3577023498694517,False,False,0.16579634464751958,False,False,0.12402088772845953,False,False,0.04177545691906005,True,True,0.24804177545691905,False,False
DataSet_01_168,STAT3,True,GSE46333,CD4+ T cells,siRNA,GPL14550,-1.77563,True,425,True,1.0,0.0,6,0.1967742,0.16201117318435754,0.08268156424581005,PMID,0.0026109660574412533,True,True,0.0026109660574412533,True,True,0.0039164490861618795,True,True,0.0026109660574412533,True,True,0.0026109660574412533,True,True,0.024804177545691905,True,True,0.02741514360313316,True,True
DataSet_01_180,STAT3,True,GSE47763,OE21,siRNA,GPL10558,-1.25806,True,425,True,1.0,0.0,0,0.1967742,0.16201117318435754,0.08268156424581005,PMID,0.9595300261096605,False,False,0.9725848563968669,False,False,0.9647519582245431,False,False,0.9725848563968669,False,False,0.9608355091383812,False,False,0.8720626631853786,False,False,0.9412532637075718,False,False
DataSet_01_181,STAT3,False,GSE47763,OE33,siRNA,GPL10558,-0.43176,True,425,True,1.0,0.0,0,0.1967742,0.16201117318435754,0.08268156424581005,PMID,0.3093994778067885,False,False,0.3720626631853786,False,False,0.6879895561357703,False,False,0.3681462140992167,False,False,0.3133159268929504,False,False,0.018276762402088774,True,True,0.0391644908616188,True,True
DataSet_01_184,STAT3,True,GSE48124,Scaber,siRNA,GPL10558,-2.20116,True,425,True,1.0,0.0,1,0.1967742,0.16201117318435754,0.08268156424581005,PMID,0.005221932114882507,True,True,0.006527415143603133,True,True,0.006527415143603133,True,True,0.006527415143603133,True,True,0.005221932114882507,True,True,0.007832898172323759,True,True,0.028720626631853787,True,True
DataSet_01_334,STAT3,False,GSE92638,LX-2,siRNA,GPL19251,-0.79893,True,425,True,1.0,0.0,0,0.1967742,0.16201117318435754,0.08268156424581005,PMID,0.09660574412532637,True,False,0.12010443864229765,False,False,0.06005221932114883,True,False,0.1227154046997389,False,False,0.09530026109660575,True,False,0.010443864229765013,True,True,0.0639686684073107,True,False
DataSet_03_258,STAT3,True,GSE132561,hESC,CRISPR,GPL13497,-1.738924,True,425,True,1.0,0.0,0,0.1967742,0.16201117318435754,0.08268156424581005,PMID,0.048302872062663184,True,True,0.04960835509138381,True,True,0.0639686684073107,True,False,0.04960835509138381,True,True,0.048302872062663184,True,True,0.04960835509138381,True,True,0.06527415143603134,True,False
DataSet_03_259,STAT3,True,GSE17482,CWR22Rv1,siRNA,GPL570,-1.056171,True,425,True,1.0,0.0,0,0.1967742,0.16201117318435754,0.08268156424581005,PMID,0.4451697127937337,False,False,0.5613577023498695,False,False,0.4216710182767624,False,False,0.5613577023498695,False,False,0.4464751958224543,False,False,0.009138381201044387,True,True,0.18929503916449086,False,False
DataSet_03_260,STAT3,True,GSE17482,DU145,siRNA,GPL570,-1.398193,True,425,True,1.0,0.0,0,0.1967742,0.16201117318435754,0.08268156424581005,PMID,0.6422976501305483,False,False,0.7349869451697127,False,False,0.8028720626631853,False,False,0.7362924281984334,False,False,0.6422976501305483,False,False,0.16971279373368145,False,False,0.97911227154047,False,False
DataSet_03_261,STAT3,True,GSE20597,SKOV3,siRNA,GPL6947,-1.941823,True,425,True,1.0,0.0,0,0.1967742,0.16201117318435754,0.08268156424581005,PMID,0.010443864229765013,True,True,0.02741514360313316,True,True,0.04046997389033943,True,True,0.031331592689295036,True,True,0.009138381201044387,True,True,0.009138381201044387,True,True,0.037859007832898174,True,True
DataSet_03_262,STAT3,True,GSE66722,LNCaP,siRNA,GPL19874,-3.033125,True,425,True,1.0,0.0,18,0.1967742,0.16201117318435754,0.08268156424581005,PMID,0.9673629242819843,False,False,0.9751958224543081,False,False,0.9543080939947781,False,False,0.9751958224543081,False,False,0.9660574412532638,False,False,0.8694516971279374,False,False,0.9268929503916449,False,False
DataSet_02_072,STAT5A,False,ENCSR376CFR,K562,CRISPRi,-,-0.68941,True,212,True,1.0,0.5801886792452831,0,0.3102041,0.10276243093922652,0.03314917127071823,default activation,0.8955613577023499,False,False,0.9046997389033943,False,False,0.9073107049608355,False,False,0.9073107049608355,False,False,0.8955613577023499,False,False,0.18798955613577023,False,False,0.27676240208877284,False,False
DataSet_02_182,STAT5A,False,ENCSR174FUO,K562,siRNA,-,-0.91881,True,212,True,1.0,0.5801886792452831,0,0.3102041,0.10276243093922652,0.03314917127071823,default activation,0.4960835509138381,False,False,0.5365535248041775,False,False,0.685378590078329,False,False,0.5365535248041775,False,False,0.49216710182767626,False,False,0.1031331592689295,False,False,0.16057441253263707,False,False
DataSet_03_263,STAT5B,False,GSE31912,MCF7,siRNA,GPL570,-0.3297457,True,104,True,1.0,0.0,77,0.3102041,0.0673289183222958,0.025386313465783666,regulon,0.8929503916449086,False,False,0.9138381201044387,False,False,0.9281984334203656,False,False,0.9177545691906005,False,False,0.8929503916449086,False,False,0.7532637075718016,False,False,0.8472584856396866,False,False
DataSet_01_032,STAT6,False,GSE17851,CD4+ T cells,siRNA,GPL6102,0.0,True,124,True,1.0,0.5403225806451613,0,0.13432837,0.0975609756097561,0.043237250554323724,default activation,0.010443864229765013,True,True,0.010443864229765013,True,True,0.02349869451697128,True,True,0.010443864229765013,True,True,0.010443864229765013,True,True,0.8785900783289817,False,False,0.8785900783289817,False,False
DataSet_01_050,STAT6,False,GSE25942,NCI-H460,siRNA,GPL6884,-0.75666,True,124,True,1.0,0.5403225806451613,0,0.13432837,0.0975609756097561,0.043237250554323724,default activation,0.10574412532637076,False,False,0.11618798955613577,False,False,0.1514360313315927,False,False,0.11618798955613577,False,False,0.10574412532637076,False,False,0.5691906005221932,False,False,0.6344647519582245,False,False
DataSet_01_085,STAT6,True,GSE31534,A375,siRNA,GPL570,-1.03356,True,124,True,1.0,0.5403225806451613,11,0.13432837,0.0975609756097561,0.043237250554323724,default activation,0.23890339425587467,False,False,0.3224543080939948,False,False,0.3263707571801567,False,False,0.3198433420365535,False,False,0.23890339425587467,False,False,0.15274151436031333,False,False,0.18276762402088773,False,False
DataSet_02_057,STAT6,False,ENCSR024HAR,K562,CRISPRi,-,-0.87112,True,124,True,1.0,0.5403225806451613,0,0.13432837,0.0975609756097561,0.043237250554323724,default activation,0.5926892950391645,False,False,0.6344647519582245,False,False,0.8785900783289817,False,False,0.6344647519582245,False,False,0.5926892950391645,False,False,0.24151436031331594,False,False,0.29765013054830286,False,False
DataSet_03_264,STAT6,True,GSE28117,HUVEC,siRNA,GPL570,-1.961393,True,124,True,1.0,0.5403225806451613,0,0.13432837,0.0975609756097561,0.043237250554323724,default activation,0.9060052219321149,False,False,0.9321148825065274,False,False,0.9595300261096605,False,False,0.9321148825065274,False,False,0.9060052219321149,False,False,0.11879895561357702,False,False,0.20757180156657964,False,False
DataSet_01_040,TAL1,False,GSE20544,JURKAT,shRNA,GPL6244,-0.48333,True,94,True,1.0,0.776595744680851,0,0.09565217,0.0876803551609323,0.03218645948945616,default activation,0.3185378590078329,False,False,0.4046997389033943,False,False,0.42950391644908614,False,False,0.4112271540469974,False,False,0.31462140992167104,False,False,0.402088772845953,False,False,0.6279373368146214,False,False
DataSet_01_041,TAL1,False,GSE20545,CD34+,shRNA,GPL6244,-0.90191,True,94,True,1.0,0.776595744680851,0,0.09565217,0.0876803551609323,0.03218645948945616,default activation,0.2689295039164491,False,False,0.3968668407310705,False,False,0.26240208877284593,False,False,0.3981723237597911,False,False,0.26631853785900783,False,False,0.21148825065274152,False,False,0.7454308093994778,False,False
DataSet_01_152,TAL1,False,GSE44444,ECFCs,shRNA,GPL6244,-0.81859,True,94,True,1.0,0.776595744680851,0,0.09565217,0.0876803551609323,0.03218645948945616,default activation,0.46475195822454307,False,False,0.5822454308093995,False,False,0.695822454308094,False,False,0.5861618798955613,False,False,0.4621409921671018,False,False,0.03655352480417755,True,True,0.3133159268929504,False,False
DataSet_01_217,TAL1,True,GSE54075,HEL,shRNA,GPL13497,-2.05844,True,94,True,1.0,0.776595744680851,0,0.09565217,0.0876803551609323,0.03218645948945616,default activation,0.08485639686684072,True,False,0.1475195822454308,False,False,0.10704960835509138,False,False,0.15013054830287206,False,False,0.0835509138381201,True,False,0.03655352480417755,True,True,0.5626631853785901,False,False
DataSet_01_251,TAL1,False,GSE62634,HSPCs,shRNA,GPL6244,-0.25618,True,94,True,1.0,0.776595744680851,0,0.09565217,0.0876803551609323,0.03218645948945616,default activation,0.2989556135770235,False,False,0.3668407310704961,False,False,0.41383812010443866,False,False,0.3681462140992167,False,False,0.29765013054830286,False,False,0.0195822454308094,True,True,0.030026109660574413,True,True
DataSet_02_201,TAL1,False,ENCSR336ZWX,K562,siRNA,-,-0.32579,True,94,True,1.0,0.776595744680851,0,0.09565217,0.0876803551609323,0.03218645948945616,default activation,0.46736292428198434,False,False,0.48433420365535246,False,False,0.3577023498694517,False,False,0.48172323759791125,False,False,0.46736292428198434,False,False,0.1919060052219321,False,False,0.2349869451697128,False,False
DataSet_03_265,TBX3,False,GSE44305,Fibroblast,siRNA,GPL10558,-0.9576142,True,24,True,-1.0,0.0,6,0.20408164,0.18543046357615894,0.11147902869757174,regulon,0.24151436031331594,False,False,0.10966057441253264,False,False,0.06657963446475196,True,False,0.11618798955613577,False,False,0.24151436031331594,False,False,0.19451697127937337,False,False,0.30678851174934724,False,False
DataSet_01_116,TCF3,False,GSE38893,MDA-MB468,shRNA,GPL6244,-0.14649,True,125,True,1.0,0.632,0,0.11299435,0.10044150110375276,0.03863134657836645,default activation,0.7467362924281984,False,False,0.7597911227154047,False,False,0.8720626631853786,False,False,0.7610966057441253,False,False,0.7480417754569191,False,False,0.7036553524804178,False,False,0.7297650130548303,False,False
DataSet_01_185,TCF4,True,GSE48367,SH-SY5Y,siRNA,GPL13915,-1.94197,True,56,False,,0.375,0,0.18243243,0.0861878453038674,0.03535911602209945,,0.7650130548302873,False,False,0.7689295039164491,False,False,0.8172323759791122,False,False,0.7650130548302873,False,False,0.7689295039164491,False,False,0.044386422976501305,True,True,0.5900783289817232,False,False
DataSet_01_241,TCF4,False,GSE62085,CTXOE03,siRNA,GPL10558,-0.81309,True,56,False,,0.375,0,0.18243243,0.0861878453038674,0.03535911602209945,,0.9073107049608355,False,False,0.9099216710182768,False,False,0.8838120104438643,False,False,0.9073107049608355,False,False,0.9099216710182768,False,False,0.037859007832898174,True,True,0.793733681462141,False,False
DataSet_01_346,TCF7L1,False,GSE92446,HCT116,shRNA,GPL10558,-0.47957,True,6,False,,0.0,0,0.083333336,0.10165745856353592,0.056353591160221,,0.49216710182767626,False,False,0.49216710182767626,False,False,0.839425587467363,False,False,0.49216710182767626,False,False,0.49216710182767626,False,False,0.26370757180156656,False,False,0.26370757180156656,False,False
DataSet_03_267,TCF7L1,True,GSE69911,H9,siRNA,GPL6244,-2.212681,True,6,False,,0.0,0,0.083333336,0.10165745856353592,0.056353591160221,,0.06657963446475196,True,False,0.06657963446475196,True,False,0.814621409921671,False,False,0.06657963446475196,True,False,0.06657963446475196,True,False,0.18798955613577023,False,False,0.18929503916449086,False,False
DataSet_02_033,TEAD2,True,ENCSR074FBG,K562,CRISPRi,-,-2.60937,True,6,False,,0.0,0,0.15384616,0.04083885209713024,0.012141280353200883,,0.8002610966057441,False,False,0.8002610966057441,False,False,0.8498694516971279,False,False,0.8002610966057441,False,False,0.8002610966057441,False,False,0.9046997389033943,False,False,0.9321148825065274,False,False
DataSet_01_151,TEAD4,True,GSE44383,SNU216,shRNA,GPL10558,-1.66583,True,11,False,,0.0,0,0.125,0.06740331491712707,0.030939226519337018,,0.03524804177545692,True,True,0.03524804177545692,True,True,0.013054830287206266,True,True,0.03524804177545692,True,True,0.03524804177545692,True,True,0.06527415143603134,True,False,0.06527415143603134,True,False
DataSet_02_040,TEAD4,True,ENCSR550FIL,K562,CRISPRi,-,-1.5798,True,11,False,,0.0,0,0.125,0.06740331491712707,0.030939226519337018,,0.741514360313316,False,False,0.741514360313316,False,False,0.7010443864229765,False,False,0.741514360313316,False,False,0.741514360313316,False,False,0.8472584856396866,False,False,0.8472584856396866,False,False
DataSet_03_269,TET1,False,GSE51901,NCCIT,siRNA,GPL6244,-0.6836,True,15,False,,0.7333333333333333,2,0.1,0.04856512141280353,0.019867549668874173,,0.5835509138381201,False,False,0.5835509138381201,False,False,0.6945169712793734,False,False,0.5835509138381201,False,False,0.5835509138381201,False,False,0.9268929503916449,False,False,0.9321148825065274,False,False
DataSet_01_053,TFAP2C,True,GSE26740,MCF7,siRNA,GPL6883,-2.27423,True,34,True,1.0,0.6176470588235294,0,0.08695652,0.10852713178294573,0.05537098560354374,default activation,0.0026109660574412533,True,True,0.0039164490861618795,True,True,0.07441253263707572,True,False,0.0039164490861618795,True,True,0.0026109660574412533,True,True,0.08877284595300261,True,False,0.42428198433420367,False,False
DataSet_01_150,TFAP2C,True,GSE44203,MCF7,shRNA,GPL14951,-2.62373,True,34,True,1.0,0.6176470588235294,0,0.08695652,0.10852713178294573,0.05537098560354374,default activation,0.0039164490861618795,True,True,0.009138381201044387,True,True,0.1671018276762402,False,False,0.007832898172323759,True,True,0.0039164490861618795,True,True,0.03524804177545692,True,True,0.050913838120104436,True,False
DataSet_01_312,TFAP2C,True,GSE79228,NCI-H292,siRNA,GPL16686,-1.5329,True,34,True,1.0,0.6176470588235294,0,0.08695652,0.10852713178294573,0.05537098560354374,default activation,0.03263707571801567,True,True,0.14882506527415143,False,False,0.18929503916449086,False,False,0.1475195822454308,False,False,0.03263707571801567,True,True,0.37597911227154046,False,False,0.6475195822454308,False,False
DataSet_03_274,TFAP2C,True,GSE8640,MCF7,siRNA,GPL570,-1.867441,True,34,True,1.0,0.6176470588235294,0,0.08695652,0.10852713178294573,0.05537098560354374,default activation,0.05613577023498695,True,False,0.10052219321148825,False,False,0.17232375979112272,False,False,0.09921671018276762,True,False,0.05613577023498695,True,False,0.5678851174934726,False,False,0.660574412532637,False,False
DataSet_01_295,TFAP4,True,GSE74626,BE(2)-C,siRNA,GPL570,-3.08766,True,37,True,1.0,0.7297297297297297,1,0.08208955,0.09933774834437085,0.05739514348785872,default activation,0.4621409921671018,False,False,0.5783289817232375,False,False,0.3629242819843342,False,False,0.5039164490861618,False,False,0.4621409921671018,False,False,0.36161879895561355,False,False,0.3785900783289817,False,False
DataSet_02_071,TFDP1,True,ENCSR552HTC,K562,CRISPRi,-,-2.45296,True,31,False,,0.0,0,0.14035088,0.27704194260485654,0.19315673289183222,,0.8929503916449086,False,False,0.8929503916449086,False,False,0.45822454308093996,False,False,0.8929503916449086,False,False,0.8929503916449086,False,False,0.6553524804177546,False,False,0.7193211488250653,False,False
DataSet_03_275,TFE3,True,GSE23614,UOK257-2,siRNA,GPL570,-1.444595,True,37,True,1.0,0.5405405405405406,1,0.125,0.10264900662251655,0.056291390728476824,default activation,0.05483028720626632,True,False,0.0926892950391645,True,False,0.17362924281984335,False,False,0.0926892950391645,True,False,0.05483028720626632,True,False,0.07441253263707572,True,False,0.10443864229765012,False,False
DataSet_01_246,TLX1,True,GSE62141,ALLSIL,siRNA,GPL19197,-1.99088,True,10,True,1.0,0.3,0,0.0952381,0.07845303867403315,0.03535911602209945,PMID,0.04308093994778068,True,True,0.95822454308094,False,False,0.8276762402088773,False,False,0.9660574412532638,False,False,0.0391644908616188,True,True,0.016971279373368148,True,True,0.9164490861618799,False,False
DataSet_01_263,TLX1,False,GSE65496,ALLSIL,shRNA,GPL570,-0.53493,True,10,True,1.0,0.3,0,0.0952381,0.07845303867403315,0.03535911602209945,PMID,0.1919060052219321,False,False,0.391644908616188,False,False,0.32114882506527415,False,False,0.37989556135770236,False,False,0.1919060052219321,False,False,0.43733681462140994,False,False,0.7284595300261096,False,False
DataSet_01_331,TOX,False,GSE89607,CCRF-CEM,shRNA,GPL16686,-0.77077,True,5,True,1.0,1.0,0,0.07692308,0.051933701657458566,0.026519337016574586,default activation,0.07441253263707572,True,False,0.4425587467362924,False,False,0.4699738903394256,False,False,0.4725848563968668,False,False,0.07441253263707572,True,False,0.06527415143603134,True,False,0.3276762402088773,False,False
DataSet_01_332,TOX,True,GSE89607,HPB-ALL,shRNA,GPL16686,-1.15678,True,5,True,1.0,1.0,0,0.07692308,0.051933701657458566,0.026519337016574586,default activation,0.014360313315926894,True,True,0.37989556135770236,False,False,0.36945169712793735,False,False,0.3733681462140992,False,False,0.014360313315926894,True,True,0.050913838120104436,True,False,0.19451697127937337,False,False
DataSet_01_010,TP53,True,GSE13334,iPS cells,shRNA,GPL4133,-3.13745,True,931,True,1.0,0.6133190118152524,0,0.197065,0.1318435754189944,0.07262569832402235,PMID,0.010443864229765013,True,True,0.007832898172323759,True,True,0.01174934725848564,True,True,0.010443864229765013,True,True,0.007832898172323759,True,True,0.0013054830287206266,True,True,0.9216710182767625,False,False
DataSet_01_011,TP53,True,GSE13991,U251,siRNA,GPL1426,-2.43895,True,931,True,1.0,0.6133190118152524,0,0.197065,0.1318435754189944,0.07262569832402235,PMID,0.283289817232376,False,False,0.2989556135770235,False,False,0.4960835509138381,False,False,0.32114882506527415,False,False,0.26109660574412535,False,False,0.0013054830287206266,True,True,0.9856396866840731,False,False
DataSet_01_031,TP53,True,GSE1676,HEK293,siRNA,GPL201,-3.46451,True,931,True,1.0,0.6133190118152524,2,0.197065,0.1318435754189944,0.07262569832402235,PMID,0.02610966057441253,True,True,0.020887728459530026,True,True,0.0195822454308094,True,True,0.030026109660574413,True,True,0.018276762402088774,True,True,0.0013054830287206266,True,True,0.006527415143603133,True,True
DataSet_01_037,TP53,True,GSE19670,SKBR3,siRNA,GPL570,-1.7844,True,931,True,1.0,0.6133190118152524,0,0.197065,0.1318435754189944,0.07262569832402235,PMID,0.7323759791122716,False,False,0.7663185378590078,False,False,0.7676240208877284,False,False,0.7728459530026109,False,False,0.7297650130548303,False,False,0.0013054830287206266,True,True,0.050913838120104436,True,False
DataSet_01_038,TP53,True,GSE20076,BJ,shRNA,GPL6884,-1.36,True,931,True,1.0,0.6133190118152524,0,0.197065,0.1318435754189944,0.07262569832402235,PMID,0.0026109660574412533,True,True,0.0013054830287206266,True,True,0.0013054830287206266,True,True,0.0026109660574412533,True,True,0.0013054830287206266,True,True,0.0013054830287206266,True,True,0.0039164490861618795,True,True
DataSet_01_068,TP53,True,GSE28546,Mesenchymal stem cells,shRNA,GPL6883,-4.44308,True,931,True,1.0,0.6133190118152524,0,0.197065,0.1318435754189944,0.07262569832402235,PMID,0.057441253263707574,True,False,0.044386422976501305,True,True,0.037859007832898174,True,True,0.0639686684073107,True,False,0.037859007832898174,True,True,0.0013054830287206266,True,True,0.9908616187989556,False,False
DataSet_01_175,TP53,True,GSE47436,SAECs,siRNA,GPL570,-2.24874,True,931,True,1.0,0.6133190118152524,0,0.197065,0.1318435754189944,0.07262569832402235,PMID,0.005221932114882507,True,True,0.005221932114882507,True,True,0.0039164490861618795,True,True,0.009138381201044387,True,True,0.0039164490861618795,True,True,0.0013054830287206266,True,True,0.9921671018276762,False,False
DataSet_01_286,TP53,False,GSE70479,JVM2,shRNA,GPL10558,0.0,True,931,True,1.0,0.6133190118152524,0,0.197065,0.1318435754189944,0.07262569832402235,PMID,0.6018276762402088,False,False,0.6018276762402088,False,False,0.3368146214099217,False,False,0.6031331592689295,False,False,0.6018276762402088,False,False,0.022193211488250653,True,True,0.022193211488250653,True,True
DataSet_03_277,TP53,True,GSE31912,MCF7,siRNA,GPL570,-1.072749,True,931,True,1.0,0.6133190118152524,77,0.197065,0.1318435754189944,0.07262569832402235,PMID,0.283289817232376,False,False,0.29112271540469975,False,False,0.20234986945169714,False,False,0.32114882506527415,False,False,0.25718015665796345,False,False,0.0013054830287206266,True,True,0.050913838120104436,True,False
DataSet_03_278,TP53,False,GSE56640,Neonatal foreskin keratinocytes,siRNA,GPL18627,0.5933867,True,931,True,1.0,0.6133190118152524,1,0.197065,0.1318435754189944,0.07262569832402235,PMID,0.9934725848563969,False,False,0.9947780678851175,False,False,0.9869451697127938,False,False,0.9934725848563969,False,False,0.9947780678851175,False,False,1.0,False,False,0.6945169712793734,False,False
DataSet_03_279,TP53,False,GSE73665,MM1S,knockout,GPL10558,0.0,True,931,True,1.0,0.6133190118152524,0,0.197065,0.1318435754189944,0.07262569832402235,PMID,0.010443864229765013,True,True,0.010443864229765013,True,True,0.0195822454308094,True,True,0.010443864229765013,True,True,0.01174934725848564,True,True,0.0013054830287206266,True,True,0.0013054830287206266,True,True
DataSet_03_280,TP53,False,GSE73665,MOLP8,knockout,GPL10558,0.0,True,931,True,1.0,0.6133190118152524,0,0.197065,0.1318435754189944,0.07262569832402235,PMID,0.0013054830287206266,True,True,0.0013054830287206266,True,True,0.0039164490861618795,True,True,0.0013054830287206266,True,True,0.0026109660574412533,True,True,0.0013054830287206266,True,True,0.0013054830287206266,True,True
DataSet_01_039,TP63,False,GSE20286,MCF10A,shRNA,GPL571,-0.44181,True,198,True,1.0,0.8383838383838383,0,0.21611722,0.14719101123595504,0.08202247191011236,default activation,0.19712793733681463,False,False,0.2245430809399478,False,False,0.1906005221932115,False,False,0.2258485639686684,False,False,0.19712793733681463,False,False,0.11488250652741515,False,False,0.185378590078329,False,False
DataSet_01_183,TP63,True,GSE48124,UC14,shRNA,GPL10558,-1.01935,True,198,True,1.0,0.8383838383838383,1,0.21611722,0.14719101123595504,0.08202247191011236,default activation,0.033942558746736295,True,True,0.04308093994778068,True,True,0.020887728459530026,True,True,0.04308093994778068,True,True,0.033942558746736295,True,True,0.03263707571801567,True,True,0.044386422976501305,True,True
DataSet_01_196,TP63,True,GSE4975,HaCaT RG,siRNA,GPL96,-1.31678,True,198,True,1.0,0.8383838383838383,0,0.21611722,0.14719101123595504,0.08202247191011236,default activation,0.11357702349869452,False,False,0.1279373368146214,False,False,0.11618798955613577,False,False,0.12924281984334204,False,False,0.1122715404699739,False,False,0.06527415143603134,True,False,0.12140992167101827,False,False
DataSet_01_197,TP63,False,GSE4975,HaCaT RG,siRNA,GPL97,0.0,True,198,True,1.0,0.8383838383838383,0,0.21611722,0.14719101123595504,0.08202247191011236,default activation,0.10835509138381201,False,False,0.10835509138381201,False,False,0.07180156657963446,True,False,0.10835509138381201,False,False,0.10835509138381201,False,False,0.050913838120104436,True,False,0.050913838120104436,True,False
DataSet_01_198,TP63,True,GSE4975,SCC-1,siRNA,GPL96,-1.73883,True,198,True,1.0,0.8383838383838383,0,0.21611722,0.14719101123595504,0.08202247191011236,default activation,0.07571801566579635,True,False,0.09399477806788512,True,False,0.08485639686684072,True,False,0.0926892950391645,True,False,0.07571801566579635,True,False,0.0639686684073107,True,False,0.09007832898172324,True,False
DataSet_01_199,TP63,False,GSE4975,SCC-1,siRNA,GPL97,0.0,True,198,True,1.0,0.8383838383838383,0,0.21611722,0.14719101123595504,0.08202247191011236,default activation,0.47911227154047,False,False,0.47911227154047,False,False,0.7715404699738904,False,False,0.47911227154047,False,False,0.47911227154047,False,False,0.793733681462141,False,False,0.793733681462141,False,False
DataSet_01_200,TP63,True,GSE4975,HaCaT,siRNA,GPL570,-1.21925,True,198,True,1.0,0.8383838383838383,0,0.21611722,0.14719101123595504,0.08202247191011236,default activation,0.23237597911227154,False,False,0.2793733681462141,False,False,0.6227154046997389,False,False,0.28067885117493474,False,False,0.2297650130548303,False,False,0.03524804177545692,True,True,0.1801566579634465,False,False
DataSet_01_201,TP63,False,GSE4975,SCC-012,siRNA,GPL570,-0.69051,True,198,True,1.0,0.8383838383838383,0,0.21611722,0.14719101123595504,0.08202247191011236,default activation,0.009138381201044387,True,True,0.009138381201044387,True,True,0.007832898172323759,True,True,0.009138381201044387,True,True,0.009138381201044387,True,True,0.050913838120104436,True,False,0.06919060052219321,True,False
DataSet_01_202,TP63,False,GSE4975,SCC-6,siRNA,GPL570,-0.75747,True,198,True,1.0,0.8383838383838383,0,0.21611722,0.14719101123595504,0.08202247191011236,default activation,0.04960835509138381,True,True,0.0587467362924282,True,False,0.048302872062663184,True,True,0.06005221932114883,True,False,0.04960835509138381,True,True,0.03263707571801567,True,True,0.06919060052219321,True,False
DataSet_01_325,TP63,False,GSE88832,HaCaT,shRNA,GPL6244,-0.44191,True,198,True,1.0,0.8383838383838383,0,0.21611722,0.14719101123595504,0.08202247191011236,default activation,0.4086161879895561,False,False,0.4386422976501306,False,False,0.643603133159269,False,False,0.43994778067885115,False,False,0.4086161879895561,False,False,0.9321148825065274,False,False,0.9412532637075718,False,False
DataSet_01_326,TP63,False,GSE88833,JHU-029,shRNA,GPL6244,-0.70299,True,198,True,1.0,0.8383838383838383,0,0.21611722,0.14719101123595504,0.08202247191011236,default activation,0.7872062663185379,False,False,0.860313315926893,False,False,0.8929503916449086,False,False,0.8642297650130548,False,False,0.7845953002610966,False,False,0.030026109660574413,True,True,0.195822454308094,False,False
DataSet_01_327,TP63,True,GSE88833,FaDU,shRNA,GPL6244,-2.18471,True,198,True,1.0,0.8383838383838383,0,0.21611722,0.14719101123595504,0.08202247191011236,default activation,0.015665796344647518,True,True,0.033942558746736295,True,True,0.048302872062663184,True,True,0.03524804177545692,True,True,0.014360313315926894,True,True,0.018276762402088774,True,True,0.1514360313315927,False,False
DataSet_01_328,TP63,False,GSE88861,HaCaT,shRNA,GPL6244,-0.44191,True,198,True,1.0,0.8383838383838383,0,0.21611722,0.14719101123595504,0.08202247191011236,default activation,0.4086161879895561,False,False,0.4386422976501306,False,False,0.643603133159269,False,False,0.43994778067885115,False,False,0.4086161879895561,False,False,0.9321148825065274,False,False,0.9412532637075718,False,False
DataSet_01_329,TP63,False,GSE88861,JHU-029,shRNA,GPL6244,-0.70299,True,198,True,1.0,0.8383838383838383,0,0.21611722,0.14719101123595504,0.08202247191011236,default activation,0.7872062663185379,False,False,0.860313315926893,False,False,0.8929503916449086,False,False,0.8642297650130548,False,False,0.7845953002610966,False,False,0.030026109660574413,True,True,0.195822454308094,False,False
DataSet_01_330,TP63,True,GSE88861,FaDU,shRNA,GPL6244,-2.18471,True,198,True,1.0,0.8383838383838383,0,0.21611722,0.14719101123595504,0.08202247191011236,default activation,0.015665796344647518,True,True,0.033942558746736295,True,True,0.048302872062663184,True,True,0.03524804177545692,True,True,0.014360313315926894,True,True,0.018276762402088774,True,True,0.1514360313315927,False,False
DataSet_03_281,TP63,False,GSE33495,Primary neonatal keratinocytes,siRNA,GPL570,-0.371319,True,198,True,1.0,0.8383838383838383,0,0.21611722,0.14719101123595504,0.08202247191011236,default activation,0.09138381201044386,True,False,0.0926892950391645,True,False,0.0731070496083551,True,False,0.0926892950391645,True,False,0.09138381201044386,True,False,0.06657963446475196,True,False,0.06919060052219321,True,False
DataSet_03_282,TP63,False,GSE56640,Neonatal foreskin keratinocytes,siRNA,GPL18627,1.47054,True,198,True,1.0,0.8383838383838383,1,0.21611722,0.14719101123595504,0.08202247191011236,default activation,0.5234986945169713,False,False,0.4425587467362924,False,False,0.34203655352480417,False,False,0.44386422976501305,False,False,0.5234986945169713,False,False,0.12010443864229765,False,False,0.08616187989556136,True,False
DataSet_02_063,TRIM28,True,ENCSR591QYK,K562,CRISPRi,-,-1.46428,True,6,False,,0.5,0,0.2,0.03642384105960265,0.01434878587196468,,0.5731070496083551,False,False,0.5704960835509139,False,False,0.5548302872062664,False,False,0.5731070496083551,False,False,0.5704960835509139,False,False,0.0639686684073107,True,False,0.1031331592689295,False,False
DataSet_01_252,TWIST1,False,GSE62738,CAF14,shRNA,GPL13607,-0.87531,True,75,False,,0.13333333333333333,0,0.3255814,0.08970099667774087,0.03211517165005537,,0.10443864229765012,False,False,0.10443864229765012,False,False,0.22845953002610966,False,False,0.10443864229765012,False,False,0.10443864229765012,False,False,0.835509138381201,False,False,0.9190600522193212,False,False
DataSet_01_253,TWIST1,False,GSE62738,CAF32,shRNA,GPL13607,-0.97437,True,75,False,,0.13333333333333333,0,0.3255814,0.08970099667774087,0.03211517165005537,,0.304177545691906,False,False,0.304177545691906,False,False,0.2754569190600522,False,False,0.304177545691906,False,False,0.304177545691906,False,False,0.7088772845953003,False,False,0.7950391644908616,False,False
DataSet_01_254,TWIST1,False,GSE62740,CAF,shRNA,GPL13607,-0.92484,True,75,False,,0.13333333333333333,0,0.3255814,0.08970099667774087,0.03211517165005537,,0.17754569190600522,False,False,0.17885117493472585,False,False,0.22323759791122716,False,False,0.17754569190600522,False,False,0.17885117493472585,False,False,0.7767624020887729,False,False,0.8550913838120104,False,False
DataSet_03_283,TWIST1,False,GSE76158,MSCs,siRNA,GPL16686,-0.4190174,True,75,False,,0.13333333333333333,0,0.3255814,0.08970099667774087,0.03211517165005537,,0.1370757180156658,False,False,0.1370757180156658,False,False,0.35900783289817234,False,False,0.1370757180156658,False,False,0.1370757180156658,False,False,0.8472584856396866,False,False,0.9138381201044387,False,False
DataSet_03_284,TWIST2,True,GSE44305,Fibroblast,siRNA,GPL10558,-2.501369,True,34,True,1.0,0.23529411764705882,6,0.3255814,0.0739514348785872,0.03090507726269316,default activation,0.013054830287206266,True,True,0.195822454308094,False,False,0.54177545691906,False,False,0.17885117493472585,False,False,0.01174934725848564,True,True,0.0039164490861618795,True,True,0.16318537859007834,False,False
DataSet_02_056,UBTF,False,ENCSR608ORR,K562,CRISPRi,-,-0.27679,True,9,False,,0.8888888888888888,0,0.10526316,0.1281767955801105,0.051933701657458566,,0.42428198433420367,False,False,0.42428198433420367,False,False,0.370757180156658,False,False,0.42428198433420367,False,False,0.42428198433420367,False,False,0.7101827676240209,False,False,0.7219321148825065,False,False
DataSet_02_198,UBTF,False,ENCSR312FIT,K562,siRNA,-,-0.55531,True,9,False,,0.8888888888888888,0,0.10526316,0.1281767955801105,0.051933701657458566,,0.12140992167101827,False,False,0.12140992167101827,False,False,0.15796344647519583,False,False,0.12140992167101827,False,False,0.12140992167101827,False,False,0.033942558746736295,True,True,0.0391644908616188,True,True
DataSet_02_026,USF1,True,ENCSR545HTM,K562,CRISPRi,-,-1.84996,True,221,True,1.0,0.5203619909502263,0,0.37349397,0.10485651214128035,0.05408388520971302,default activation,0.7702349869451697,False,False,0.8120104438642297,False,False,0.8054830287206266,False,False,0.8120104438642297,False,False,0.7715404699738904,False,False,0.12010443864229765,False,False,0.1866840731070496,False,False
DataSet_02_025,USF2,True,ENCSR052BWT,K562,CRISPRi,-,-1.99826,True,112,True,1.0,0.5357142857142857,0,0.37349397,0.08057395143487858,0.02869757174392936,default activation,0.8681462140992167,False,False,0.8877284595300261,False,False,0.8485639686684073,False,False,0.8942558746736292,False,False,0.8681462140992167,False,False,0.7911227154046997,False,False,0.8302872062663186,False,False
DataSet_02_179,VEZF1,False,ENCSR047MQO,K562,siRNA,-,0.0,True,9,True,1.0,0.7777777777777778,0,0.07692308,0.06622516556291391,0.02097130242825607,default activation,0.7284595300261096,False,False,0.7284595300261096,False,False,0.674934725848564,False,False,0.7245430809399478,False,False,0.7284595300261096,False,False,0.9295039164490861,False,False,0.9295039164490861,False,False
DataSet_01_008,WT1,True,GSE12886,PLC/PRF/5,siRNA,GPL570,-1.11474,True,151,True,-1.0,0.5364238410596026,0,0.11255411,0.10386740331491713,0.04419889502762431,PMID,0.4177545691906005,False,False,0.31592689295039167,False,False,0.29765013054830286,False,False,0.3263707571801567,False,False,0.412532637075718,False,False,0.009138381201044387,True,True,0.028720626631853787,True,True
DataSet_03_285,WT1,False,GSE31912,MCF7,siRNA,GPL570,-0.2026673,True,151,True,-1.0,0.5364238410596026,77,0.11255411,0.10386740331491713,0.04419889502762431,PMID,0.8224543080939948,False,False,0.8054830287206266,False,False,0.8903394255874674,False,False,0.8107049608355091,False,False,0.8185378590078329,False,False,0.02610966057441253,True,True,0.04699738903394256,True,True
DataSet_01_203,XBP1,True,GSE49953,T47D,shRNA,GPL570,-2.69096,True,53,True,1.0,0.7169811320754716,0,0.12745099,0.112707182320442,0.045303867403314914,default activation,0.195822454308094,False,False,0.45822454308093996,False,False,0.2898172323759791,False,False,0.45691906005221933,False,False,0.19451697127937337,False,False,0.030026109660574413,True,True,0.26109660574412535,False,False
DataSet_01_204,XBP1,True,GSE49953,MDA-MB231,shRNA,GPL570,-1.83171,True,53,True,1.0,0.7169811320754716,0,0.12745099,0.112707182320442,0.045303867403314914,default activation,0.022193211488250653,True,True,0.07180156657963446,True,False,0.013054830287206266,True,True,0.07049608355091384,True,False,0.020887728459530026,True,True,0.03524804177545692,True,True,0.6148825065274152,False,False
DataSet_01_063,YBX1,False,GSE28433,A549,siRNA,GPL6104,0.0,True,91,True,1.0,0.5494505494505495,0,0.0862069,0.10479375696767002,0.05239687848383501,default activation,0.0926892950391645,True,False,0.0926892950391645,True,False,0.048302872062663184,True,True,0.09138381201044386,True,False,0.0926892950391645,True,False,0.3772845953002611,False,False,0.3772845953002611,False,False
DataSet_01_064,YBX1,False,GSE28433,MCF7,siRNA,GPL6104,0.0,True,91,True,1.0,0.5494505494505495,0,0.0862069,0.10479375696767002,0.05239687848383501,default activation,0.17362924281984335,False,False,0.17362924281984335,False,False,0.16579634464751958,False,False,0.17232375979112272,False,False,0.17362924281984335,False,False,0.2545691906005222,False,False,0.2545691906005222,False,False
DataSet_01_065,YBX1,False,GSE28433,HCT116,siRNA,GPL6104,0.0,True,91,True,1.0,0.5494505494505495,0,0.0862069,0.10479375696767002,0.05239687848383501,default activation,0.2819843342036554,False,False,0.2819843342036554,False,False,0.12663185378590078,False,False,0.2793733681462141,False,False,0.2819843342036554,False,False,0.835509138381201,False,False,0.835509138381201,False,False
DataSet_01_255,YBX1,True,GSE63562,MDA,shRNA,GPL10558,-1.44835,True,91,True,1.0,0.5494505494505495,0,0.0862069,0.10479375696767002,0.05239687848383501,default activation,0.5052219321148825,False,False,0.6710182767624021,False,False,0.5652741514360313,False,False,0.6710182767624021,False,False,0.5052219321148825,False,False,0.30548302872062666,False,False,0.7597911227154047,False,False
DataSet_01_256,YBX1,True,GSE63562,MDA-LM2,shRNA,GPL10558,-1.6777,True,91,True,1.0,0.5494505494505495,0,0.0862069,0.10479375696767002,0.05239687848383501,default activation,0.028720626631853787,True,True,0.12402088772845953,False,False,0.1031331592689295,False,False,0.12663185378590078,False,False,0.02741514360313316,True,True,0.0026109660574412533,True,True,0.06135770234986945,True,False
DataSet_01_257,YBX1,True,GSE63563,MDA,shRNA,GPL10558,-1.3417,True,91,True,1.0,0.5494505494505495,0,0.0862069,0.10479375696767002,0.05239687848383501,default activation,0.6736292428198434,False,False,0.7467362924281984,False,False,0.5130548302872062,False,False,0.7493472584856397,False,False,0.6723237597911227,False,False,0.35117493472584854,False,False,0.6684073107049608,False,False
DataSet_01_258,YBX1,True,GSE63564,MDA,shRNA,GPL10558,-1.78501,True,91,True,1.0,0.5494505494505495,0,0.0862069,0.10479375696767002,0.05239687848383501,default activation,0.07441253263707572,True,False,0.2258485639686684,False,False,0.1801566579634465,False,False,0.2245430809399478,False,False,0.07180156657963446,True,False,0.010443864229765013,True,True,0.12402088772845953,False,False
DataSet_01_259,YBX1,False,GSE63565,MDA,shRNA,GPL10558,0.0,True,91,True,1.0,0.5494505494505495,0,0.0862069,0.10479375696767002,0.05239687848383501,default activation,0.8433420365535248,False,False,0.8433420365535248,False,False,0.9804177545691906,False,False,0.8433420365535248,False,False,0.8433420365535248,False,False,0.8511749347258486,False,False,0.8511749347258486,False,False
DataSet_04_024,YBX1,True,ENCSR659UXO,K562,CRISPR,-,-1.881032,True,91,True,1.0,0.5494505494505495,0,0.0862069,0.10479375696767002,0.05239687848383501,default activation,0.37989556135770236,False,False,0.5678851174934726,False,False,0.4281984334203655,False,False,0.5796344647519582,False,False,0.3785900783289817,False,False,0.3381201044386423,False,False,0.6840731070496083,False,False
DataSet_04_041,YBX1,True,ENCSR548OTL,HepG2,CRISPR,-,-2.02517,True,91,True,1.0,0.5494505494505495,0,0.0862069,0.10479375696767002,0.05239687848383501,default activation,0.028720626631853787,True,True,0.07049608355091384,True,False,0.0926892950391645,True,False,0.06788511749347259,True,False,0.028720626631853787,True,True,0.1409921671018277,False,False,0.4086161879895561,False,False
DataSet_02_098,YBX3,False,ENCSR494VSD,HepG2,shRNA,-,0.0,False,26,False,,0.7692307692307693,0,0.0952381,0.10276243093922652,0.04640883977900553,,0.08093994778067885,True,False,0.08093994778067885,True,False,0.09921671018276762,True,False,0.08093994778067885,True,False,0.08093994778067885,True,False,0.15404699738903394,False,False,0.15404699738903394,False,False
DataSet_02_153,YBX3,False,ENCSR306EIU,K562,shRNA,-,0.0,False,26,False,,0.7692307692307693,0,0.0952381,0.10276243093922652,0.04640883977900553,,0.0835509138381201,True,False,0.0835509138381201,True,False,0.05613577023498695,True,False,0.0835509138381201,True,False,0.0835509138381201,True,False,0.2245430809399478,False,False,0.2245430809399478,False,False
DataSet_01_018,YY1,True,GSE14964,HeLa,shRNA,GPL570,-2.07726,True,252,True,-1.0,0.2976190476190476,1,0.113964684,0.09492273730684327,0.03532008830022075,PMID,0.5939947780678851,False,False,0.5261096605744126,False,False,0.5574412532637075,False,False,0.5221932114882507,False,False,0.5939947780678851,False,False,0.9007832898172323,False,False,0.9386422976501305,False,False
DataSet_02_082,ZBTB33,True,ENCSR223QTD,K562,CRISPRi,-,-1.43836,True,11,False,,0.8181818181818182,0,0.16666667,0.10706401766004416,0.06512141280353201,,0.21801566579634465,False,False,0.21801566579634465,False,False,0.21018276762402088,False,False,0.21801566579634465,False,False,0.21801566579634465,False,False,0.11879895561357702,False,False,0.11879895561357702,False,False
DataSet_01_232,ZEB1,False,GSE57660,HeLa229,siRNA,GPL570,0.0,True,60,False,,0.0,0,0.1625,0.1997792494481236,0.12472406181015452,,0.0026109660574412533,True,True,0.0026109660574412533,True,True,0.007832898172323759,True,True,0.0026109660574412533,True,True,0.0026109660574412533,True,True,0.016971279373368148,True,True,0.016971279373368148,True,True
DataSet_01_056,ZEB2,False,GSE27966,MDA-MB231,shRNA,GPL570,-0.73327,True,29,False,,0.1724137931034483,0,0.1625,0.08176795580110498,0.03535911602209945,,0.6671018276762402,False,False,0.6671018276762402,False,False,0.5913838120104439,False,False,0.6671018276762402,False,False,0.6657963446475196,False,False,0.5835509138381201,False,False,0.664490861618799,False,False
DataSet_01_057,ZEB2,False,GSE27966,MDA-MB231,siRNA,GPL570,-0.83803,True,29,False,,0.1724137931034483,0,0.1625,0.08176795580110498,0.03535911602209945,,0.0391644908616188,True,True,0.0391644908616188,True,True,0.015665796344647518,True,True,0.0391644908616188,True,True,0.0391644908616188,True,True,0.09138381201044386,True,False,0.17101827676240208,False,False
DataSet_01_144,ZFX,False,GSE43021,NOMO-1,shRNA,GPL6244,-0.53612,True,5,False,,0.8,0,0.14285715,0.07087486157253599,0.04318936877076412,,0.43994778067885115,False,False,0.43994778067885115,False,False,0.4765013054830287,False,False,0.43994778067885115,False,False,0.43994778067885115,False,False,0.27284595300261094,False,False,0.2741514360313316,False,False
DataSet_01_157,ZFX,False,GSE45265,DAOY,shRNA,GPL6244,-0.78428,True,5,False,,0.8,0,0.14285715,0.07087486157253599,0.04318936877076412,,0.2154046997389034,False,False,0.2154046997389034,False,False,0.1919060052219321,False,False,0.2154046997389034,False,False,0.2154046997389034,False,False,0.6514360313315927,False,False,0.6514360313315927,False,False
DataSet_02_172,ZFX,True,ENCSR244ZVP,C4-2B,siRNA,-,-1.76132,True,5,False,,0.8,0,0.14285715,0.07087486157253599,0.04318936877076412,,0.7180156657963447,False,False,0.7180156657963447,False,False,0.7023498694516971,False,False,0.7180156657963447,False,False,0.7180156657963447,False,False,0.5326370757180157,False,False,0.5326370757180157,False,False
DataSet_02_206,ZFX,True,ENCSR005AHI,MCF7,siRNA,-,-2.40204,True,5,False,,0.8,0,0.14285715,0.07087486157253599,0.04318936877076412,,0.4308093994778068,False,False,0.4308093994778068,False,False,0.43733681462140994,False,False,0.4308093994778068,False,False,0.4308093994778068,False,False,0.2454308093994778,False,False,0.2454308093994778,False,False
DataSet_03_287,ZHX2,True,GSE110094,786-O,shRNA,GPL16686,-1.334165,True,11,True,-1.0,0.0,0,0.14285715,0.08167770419426049,0.04415011037527594,regulon,0.8133159268929504,False,False,0.31201044386422977,False,False,0.24673629242819844,False,False,0.2989556135770235,False,False,0.8120104438642297,False,False,0.7323759791122716,False,False,0.608355091383812,False,False
DataSet_01_121,ZIC2,True,GSE39704,PANC1,siRNA,GPL10332,-3.17208,True,7,False,,0.42857142857142855,0,0.14285715,0.0717439293598234,0.03642384105960265,,0.5156657963446475,False,False,0.5169712793733682,False,False,0.5796344647519582,False,False,0.5156657963446475,False,False,0.5156657963446475,False,False,0.41906005221932113,False,False,0.42689295039164493,False,False
DataSet_02_059,ZNF143,False,ENCSR781XJD,K562,CRISPRi,-,-0.28868,True,28,False,,0.7142857142857143,0,0.0882353,0.20088300220750552,0.11479028697571744,,0.4360313315926893,False,False,0.4360313315926893,False,False,0.4347258485639687,False,False,0.4360313315926893,False,False,0.4360313315926893,False,False,0.2898172323759791,False,False,0.3133159268929504,False,False
DataSet_01_073,ZNF148,True,GSE31092,CD34-derived erythroid progenitors,shRNA,GPL571,-1.32859,True,31,True,1.0,0.6129032258064516,0,0.09090909,0.06070640176600441,0.017660044150110375,default activation,0.0026109660574412533,True,True,0.007832898172323759,True,True,0.016971279373368148,True,True,0.007832898172323759,True,True,0.0026109660574412533,True,True,0.057441253263707574,True,False,0.185378590078329,False,False
DataSet_01_353,ZNF24,False,GSE14273,HEK293,siRNA,GPL6480,-0.52233,True,5,False,,0.2,0,0.12,0.13245033112582782,0.0739514348785872,,0.06266318537859007,True,False,0.06266318537859007,True,False,0.11096605744125326,False,False,0.06266318537859007,True,False,0.06266318537859007,True,False,0.5287206266318538,False,False,0.5300261096605744,False,False
DataSet_03_290,ZNF263,False,GSE19146,HelaS3,siRNA,GPL6884,-0.3459046,True,10,False,,0.9,0,0.07317073,0.056291390728476824,0.02207505518763797,,0.7101827676240209,False,False,0.7101827676240209,False,False,0.7924281984334204,False,False,0.7101827676240209,False,False,0.7101827676240209,False,False,0.2545691906005222,False,False,0.2545691906005222,False,False
DataSet_02_027,ZNF384,False,ENCSR103URL,K562,CRISPRi,-,-0.62357,True,25,False,,0.88,0,0.10769231,0.08397790055248619,0.03314917127071823,,0.7989556135770235,False,False,0.7989556135770235,False,False,0.8289817232375979,False,False,0.7989556135770235,False,False,0.7989556135770235,False,False,0.7845953002610966,False,False,0.7859007832898173,False,False
DataSet_02_203,ZNF384,False,ENCSR965CCM,K562,siRNA,-,-0.4282,True,25,False,,0.88,0,0.10769231,0.08397790055248619,0.03314917127071823,,0.9595300261096605,False,False,0.9595300261096605,False,False,0.9712793733681462,False,False,0.9595300261096605,False,False,0.9595300261096605,False,False,0.8864229765013055,False,False,0.8864229765013055,False,False
DataSet_02_069,ZNF395,False,ENCSR267BHU,K562,CRISPRi,-,-0.35227,True,7,False,,1.0,0,0.09090909,0.12141280353200883,0.06291390728476821,,0.46866840731070497,False,False,0.46866840731070497,False,False,0.5887728459530026,False,False,0.46866840731070497,False,False,0.46866840731070497,False,False,0.5574412532637075,False,False,0.5574412532637075,False,False
DataSet_01_123,ZNF91,True,GSE40080,GIST-T1,siRNA,GPL5175,-2.18049,True,48,False,,0.9583333333333334,7,0.0862069,0.04525386313465784,0.016556291390728478,,0.4699738903394256,False,False,0.4699738903394256,False,False,0.6631853785900783,False,False,0.4699738903394256,False,False,0.4699738903394256,False,False,0.028720626631853787,True,True,0.07963446475195822,True,False
