Index,ULM_CollecTRI,random,AUCell_CollecTRI,VIPER_CollecTRI,Consensus_CollecTRI,GSEA_CollecTRI,GSVA_CollecTRI,MDT_CollecTRI,MLM_CollecTRI,ORA_CollecTRI,UDT_CollecTRI,WAGGR_CollecTRI,Zscore_CollecTRI,ULM_TFLink,AUCell_TFLink,VIPER_TFLink,Consensus_TFLink,GSEA_TFLink,GSVA_TFLink,MDT_TFLink,MLM_TFLink,ORA_TFLink,UDT_TFLink,WAGGR_TFLink,Zscore_TFLink,ULM_ChIP-Atlas,AUCell_ChIP-Atlas,VIPER_ChIP-Atlas,Consensus_ChIP-Atlas,GSEA_ChIP-Atlas,GSVA_ChIP-Atlas,MDT_ChIP-Atlas,ORA_ChIP-Atlas,UDT_ChIP-Atlas,Zscore_ChIP-Atlas,pySCENIC,PISCES,hdWGCNA,scMINER,TIGER_DoRothEA,TIGER_CollecTRI,TIGER_ChIP-Atlas,metaTF_Prior,metaTF_PUIC,metaTF_Merge,scRegulate_CollecTRI,scRegulate_TFLink,scRegulate_ChIP-Atlas,MLM_ChIP-Atlas,WAGGR_ChIP-Atlas,UCell_TFLink,UCell_CollecTRI,UCell_ChIP-Atlas,metaTF_AUCell,metaTF_UCell,metaTF_ULM,metaTF_VIPER,pySCENIC_AUCell,pySCENIC_UCell,pySCENIC_ULM,pySCENIC_VIPER,pySCENIC_v9
ADNP__PRJNA595864,,0.1271186440677966,,,,,,,,,,,,,,,,,,,,,,,,0.0932203389830508,0.1016949152542373,0.1101694915254237,0.0847457627118644,0.1016949152542373,0.0932203389830508,0.1186440677966101,0.1186440677966101,0.0932203389830508,0.0932203389830508,,0.1440677966101695,,0.0701754385964912,0.0932203389830508,0.1186440677966101,0.0677966101694915,0.1525423728813559,0.1016949152542373,0.1271186440677966,,,0.0677966101694915,,0.0847457627118644,,,0.1186440677966101,0.1694915254237288,0.1440677966101695,0.1186440677966101,0.1271186440677966,,,,,
AHR__PRJNA551220,0.0260869565217391,0.0108695652173913,0.0282608695652173,0.0260869565217391,0.0282608695652173,0.017391304347826,0.0195652173913043,0.0152173913043478,0.0260869565217391,0.0108695652173913,0.0217391304347826,0.0239130434782608,0.0282608695652173,0.0304347826086956,0.0239130434782608,0.0369565217391304,0.0304347826086956,0.0195652173913043,0.0195652173913043,0.0347826086956521,,0.0217391304347826,0.0304347826086956,0.0369565217391304,0.0304347826086956,0.0717391304347826,0.05,0.0478260869565217,0.05,0.0130434782608695,0.0391304347826087,0.008695652173913,0.0108695652173913,0.0717391304347826,0.0717391304347826,,0.0153846153846153,,0.0419426048565121,,,,0.0304347826086956,0.0043478260869565,0.2934782608695652,0.0108695652173913,0.067391304347826,0.0282608695652173,,0.0717391304347826,0.0304347826086956,0.017391304347826,0.05,0.3108695652173913,0.3543478260869565,0.3304347826086956,0.2804347826086956,,,,,
ASCL1__exp8,0.0958083832335329,0.0059880239520958,0.1017964071856287,0.0838323353293413,0.0958083832335329,0.0239520958083832,0.0538922155688622,0.0359281437125748,0.0838323353293413,0.0179640718562874,0.1017964071856287,0.1017964071856287,0.0898203592814371,0.029940119760479,0.0179640718562874,0.0239520958083832,0.0239520958083832,0.0179640718562874,0.0239520958083832,0.0359281437125748,,0.0179640718562874,0.0359281437125748,0.0239520958083832,0.029940119760479,0.0419161676646706,0.0359281437125748,0.029940119760479,0.029940119760479,0.0119760479041916,0.0419161676646706,0.0179640718562874,0.0119760479041916,0.0419161676646706,0.0419161676646706,0.0479041916167664,,0.0778443113772455,,0.0479041916167664,0.1257485029940119,0.0718562874251497,0.0419161676646706,0.029940119760479,0.1017964071856287,0.0359281437125748,,0.0059880239520958,,0.0538922155688622,,0.0718562874251497,0.029940119760479,0.1377245508982036,0.1437125748502994,0.0958083832335329,0.0838323353293413,0.0359281437125748,0.0479041916167664,0.0958083832335329,0.0658682634730539,0.0718562874251497
ASCL1__pilot_14,0.1079545454545454,0.0625,0.1534090909090909,0.1363636363636363,0.1107954545454545,0.0738636363636363,0.1051136363636363,0.0625,0.09375,0.0909090909090909,0.1164772727272727,0.1051136363636363,0.1051136363636363,0.1789772727272727,0.1846590909090909,0.1761363636363636,0.1875,0.2017045454545454,0.1931818181818181,0.1903409090909091,,0.0994318181818181,0.1306818181818181,0.1789772727272727,0.1789772727272727,0.2443181818181818,0.2443181818181818,0.1931818181818181,0.2613636363636363,0.0852272727272727,0.1420454545454545,0.0909090909090909,0.1164772727272727,0.2443181818181818,0.2443181818181818,,,0.0710227272727272,,0.065340909090909,0.1335227272727272,0.3011363636363636,0.1505681818181818,0.03125,0.065340909090909,0.034090909090909,,0.4147727272727273,,0.2471590909090909,0.1761363636363636,0.1278409090909091,0.21875,0.0909090909090909,0.0852272727272727,0.0795454545454545,0.0710227272727272,,,,,
ASCL3__pilot_14,,0.1282051282051282,,,,,,,,,,,,,,,,,,,,,,,,,,,,,,,,,,,,,0.0707395498392283,,,,,0.1458333333333333,0.1442307692307692,,,,,,,,,0.1073717948717948,0.1346153846153846,0.1137820512820512,0.1314102564102564,,,,,
ASCL4__pilot_14,,0.0798722044728434,,,,,,,,,,,,,,,,,,,,,,,,,,,,,,,,,,,0.1045751633986928,,0.0426229508196721,,0.0830670926517571,,,0.0702875399361022,0.2140575079872204,,,,,,,,,0.1853035143769968,0.1789137380191693,0.2172523961661341,0.2140575079872204,,,,,
ATF4__exp7,0.037037037037037,0.0476190476190476,0.037037037037037,0.037037037037037,0.0317460317460317,0.0529100529100529,0.037037037037037,0.0476190476190476,0.0211640211640211,0.0634920634920634,0.0423280423280423,0.0423280423280423,0.037037037037037,0.0423280423280423,0.0423280423280423,0.0317460317460317,0.037037037037037,0.0317460317460317,0.0264550264550264,0.0529100529100529,,0.0634920634920634,0.0423280423280423,0.0423280423280423,0.0423280423280423,0.0264550264550264,0.0264550264550264,0.0264550264550264,0.0264550264550264,0.0687830687830687,0.0264550264550264,0.0476190476190476,0.0582010582010582,0.0264550264550264,0.0264550264550264,0.0211640211640211,0.0264550264550264,0.0211640211640211,0.0223463687150838,0.0317460317460317,0.0211640211640211,0.0264550264550264,0.037037037037037,0.0317460317460317,0.0211640211640211,0.0634920634920634,0.0582010582010582,0.0476190476190476,,0.0264550264550264,0.0423280423280423,0.0317460317460317,0.0317460317460317,0.0105820105820105,0.0211640211640211,0.0211640211640211,0.0211640211640211,0.0317460317460317,0.0476190476190476,0.0158730158730158,0.0264550264550264,0.0264550264550264
ATF5__K562_essential,0.0,0.0,0.0,0.0,0.0,0.0,0.0,0.0084033613445378,0.0084033613445378,0.0252100840336134,0.0,0.0,0.0,0.0084033613445378,0.0168067226890756,0.0,0.0084033613445378,0.0336134453781512,0.0,0.0084033613445378,,0.0252100840336134,0.0084033613445378,0.0084033613445378,0.0084033613445378,0.0084033613445378,0.0168067226890756,0.0252100840336134,0.0168067226890756,0.0084033613445378,0.0168067226890756,0.0,0.0084033613445378,0.0084033613445378,0.0084033613445378,0.0084033613445378,0.0,,0.009009009009009,0.0168067226890756,0.0,0.0084033613445378,0.0084033613445378,0.0168067226890756,0.0252100840336134,0.0084033613445378,,0.0756302521008403,0.0336134453781512,0.0084033613445378,,0.0,0.0168067226890756,0.0252100840336134,0.0168067226890756,0.0252100840336134,0.0252100840336134,0.0084033613445378,0.0084033613445378,0.0084033613445378,0.0084033613445378,0.0
ATF5__RPE1_essential,0.0,0.0,0.0307692307692307,0.0,0.0,0.0,0.0,0.0307692307692307,0.0,0.0,0.0,0.0,0.0,0.0153846153846153,0.0,0.0,0.0153846153846153,0.0153846153846153,0.0153846153846153,0.0,0.0307692307692307,0.0,0.0153846153846153,0.0153846153846153,0.0153846153846153,0.0,0.0,0.0,0.0,0.0,0.0,0.0,0.0,0.0153846153846153,0.0,,0.0,,0.0317460317460317,0.123076923076923,0.0,0.0,0.0,0.0153846153846153,0.0,0.0153846153846153,,0.0,,0.0,,0.0,0.0,0.0,0.0,0.0,0.0,,,,,0.0153846153846153
ATF5__exp8,0.0979020979020979,0.0629370629370629,0.0734265734265734,0.0874125874125874,0.0664335664335664,0.0209790209790209,0.0734265734265734,0.0384615384615384,0.1083916083916083,0.0244755244755244,0.0629370629370629,0.0839160839160839,0.0979020979020979,0.0279720279720279,0.0209790209790209,0.0349650349650349,0.0314685314685314,0.0314685314685314,0.0349650349650349,0.0279720279720279,,0.0594405594405594,0.0279720279720279,0.0314685314685314,0.0279720279720279,0.0244755244755244,0.0279720279720279,0.0314685314685314,0.0384615384615384,0.0139860139860139,0.0244755244755244,0.0209790209790209,0.0174825174825174,0.0244755244755244,0.0244755244755244,0.1258741258741259,0.0314685314685314,,0.0183150183150183,0.0244755244755244,0.0839160839160839,0.0314685314685314,0.0244755244755244,0.0209790209790209,0.3496503496503496,0.0244755244755244,,0.0349650349650349,,0.0279720279720279,0.0279720279720279,0.0664335664335664,0.0349650349650349,0.6328671328671329,0.6258741258741258,0.6048951048951049,0.3601398601398601,0.0874125874125874,0.0874125874125874,0.0804195804195804,0.0594405594405594,0.2097902097902098
ATF6__UPR_epistasis,0.0113100848256361,0.2535344015080113,0.0188501413760603,0.0688030160226201,0.0141376060320452,0.2280867106503298,0.0329877474081055,0.0282752120640904,0.0103675777568331,0.2309142318567389,0.0113100848256361,0.0094250706880301,0.0094250706880301,0.0197926484448633,0.0320452403393025,0.060320452403393,0.0207351555136663,0.236569274269557,0.0414703110273327,0.0235626767200754,0.0094250706880301,0.2544769085768143,0.0197926484448633,0.0179076343072573,0.0197926484448633,0.2667295004712535,0.2987747408105561,0.2196041470311027,0.2573044297832234,0.2337417530631479,0.2403393025447691,0.2525918944392083,0.2554194156456173,0.2667295004712535,0.2667295004712535,0.0150801131008482,0.0881863560732113,0.1121583411875589,0.2217700915564598,0.0348727615457115,0.002827521206409,0.2469368520263902,0.2337417530631479,0.1423185673892554,0.1036757775683317,0.2478793590951932,0.2280867106503298,0.4872761545711593,0.2478793590951932,0.2714420358152686,0.061262959472196,0.0725730442978322,0.2865221489161169,0.2271442035815268,0.180018850141376,0.1017907634307257,0.1008482563619227,0.0499528746465598,0.0688030160226201,0.0094250706880301,0.2092365692742695,0.000942507068803
BACH2__exp8,0.0465116279069767,0.0531561461794019,0.0398671096345514,0.0498338870431893,0.0465116279069767,0.0398671096345514,0.0431893687707641,0.0431893687707641,0.0332225913621262,0.0431893687707641,0.0498338870431893,0.0465116279069767,0.0465116279069767,,,,,,,,,,,,,0.0066445182724252,0.0232558139534883,0.0132890365448504,0.0166112956810631,0.0465116279069767,0.0166112956810631,0.0099667774086378,0.0465116279069767,0.0066445182724252,0.0066445182724252,0.0863787375415282,0.0531561461794019,0.0531561461794019,0.0526315789473684,0.0199335548172757,0.0265780730897009,0.0299003322259136,0.0265780730897009,0.0265780730897009,0.0531561461794019,,,0.0265780730897009,,0.0066445182724252,,0.0398671096345514,0.0132890365448504,0.0465116279069767,0.0365448504983388,0.0498338870431893,0.0498338870431893,0.0730897009966777,0.0697674418604651,0.0830564784053156,0.0797342192691029,0.0764119601328903
BHLHE40__pilot,0.0822368421052631,0.1217105263157894,0.0921052631578947,0.069078947368421,0.0723684210526315,0.1019736842105263,0.0493421052631578,0.0986842105263157,0.0723684210526315,0.0986842105263157,0.1184210526315789,0.0756578947368421,0.0723684210526315,,,,,,,,,,,,,0.1282894736842105,0.1282894736842105,0.1414473684210526,0.1348684210526315,0.1217105263157894,0.1151315789473684,0.1019736842105263,0.0822368421052631,0.1282894736842105,0.1282894736842105,0.125,0.1089108910891089,0.1019736842105263,0.1068965517241379,0.069078947368421,0.0921052631578947,0.069078947368421,0.1151315789473684,0.1151315789473684,0.0657894736842105,,,0.0592105263157894,0.1151315789473684,0.131578947368421,,0.0921052631578947,0.1348684210526315,0.0888157894736842,0.0756578947368421,0.0526315789473684,0.0559210526315789,0.1184210526315789,0.1085526315789473,0.0953947368421052,0.1151315789473684,0.0592105263157894
CDC5L__RPE1_essential,,0.0,,,,,,,,,,,,,,,,,,,,,,,,0.0303030303030303,0.0151515151515151,0.0454545454545454,0.0151515151515151,0.0303030303030303,0.0,0.0,0.0,0.0,0.0303030303030303,,0.0,,0.0,0.0,0.0,0.0,0.0,0.0,0.0,,,0.1363636363636363,,0.0303030303030303,,,0.0303030303030303,0.0151515151515151,0.0454545454545454,0.0,0.0151515151515151,,,,,
CDX2__extend_61,0.2124542124542124,0.1318681318681318,0.0732600732600732,0.1721611721611721,0.1648351648351648,0.0622710622710622,0.0879120879120879,0.0732600732600732,0.1208791208791208,,0.0366300366300366,0.2087912087912088,0.2124542124542124,0.1648351648351648,0.1135531135531135,0.1465201465201465,0.1648351648351648,0.1172161172161172,0.1391941391941392,0.1355311355311355,,,0.1648351648351648,0.1684981684981685,0.1648351648351648,0.0915750915750915,0.0879120879120879,0.1391941391941392,0.0659340659340659,0.0805860805860805,0.0586080586080586,0.0293040293040293,,0.0915750915750915,0.0915750915750915,0.1941391941391941,0.1472868217054263,0.2564102564102564,0.550561797752809,0.1062271062271062,0.1904761904761904,0.0695970695970696,0.2234432234432234,0.0769230769230769,0.2564102564102564,0.0293040293040293,0.3113553113553113,0.0732600732600732,,0.0879120879120879,0.1135531135531135,0.0989010989010989,0.0805860805860805,0.1794871794871795,0.2161172161172161,0.3003663003663003,0.2747252747252747,0.2673992673992674,0.2673992673992674,0.2087912087912088,0.2051282051282051,0.2307692307692307
CEBPA__PRJNA551220,0.3666666666666666,0.0166666666666666,0.1766666666666666,0.27,0.3466666666666667,0.0033333333333333,0.0133333333333333,0.0133333333333333,0.25,0.0233333333333333,0.05,0.3766666666666666,0.39,0.09,0.1033333333333333,0.0166666666666666,0.1566666666666666,0.0033333333333333,0.0,0.0233333333333333,,0.01,0.09,0.0966666666666666,0.09,0.12,0.19,0.0566666666666666,0.35,0.0033333333333333,0.02,0.0766666666666666,0.0166666666666666,0.12,0.12,0.6533333333333333,0.5100671140939598,0.5966666666666667,0.4161849710982659,,,,0.0166666666666666,0.0,0.3933333333333333,0.1166666666666666,0.02,0.6633333333333333,,0.14,0.02,0.2766666666666666,0.0866666666666666,0.5833333333333334,0.6066666666666667,0.6366666666666667,0.61,0.62,0.61,0.6933333333333334,0.2666666666666666,0.68
CEBPB__PRJNA551220,0.0200501253132832,0.0275689223057644,0.0200501253132832,0.0175438596491228,0.0175438596491228,0.0075187969924812,0.0200501253132832,0.0150375939849624,0.0275689223057644,0.0100250626566416,0.0175438596491228,0.0200501253132832,0.0200501253132832,0.050125313283208,0.0576441102756892,0.0426065162907268,0.050125313283208,0.0150375939849624,0.0401002506265664,0.0100250626566416,,0.0150375939849624,0.037593984962406,0.050125313283208,0.050125313283208,0.0225563909774436,0.0401002506265664,0.0175438596491228,0.0401002506265664,0.0100250626566416,0.0150375939849624,0.025062656641604,0.0175438596491228,0.0225563909774436,0.0225563909774436,0.1679197994987468,0.0283505154639175,0.0451127819548872,0.0614973262032085,,,,0.0350877192982456,0.0025062656641604,0.075187969924812,0.025062656641604,0.0350877192982456,0.087719298245614,,0.0200501253132832,0.0526315789473684,0.0526315789473684,0.0200501253132832,0.1929824561403508,0.1929824561403508,0.150375939849624,0.175438596491228,0.1553884711779448,0.1854636591478696,0.2080200501253132,0.2456140350877192,0.1553884711779448
CEBPB__exp8,0.0,0.0,0.0,0.0,0.0,0.0,0.0,0.0,0.0,0.0,0.0,0.0,0.0,0.0153846153846153,0.0153846153846153,0.0153846153846153,0.0153846153846153,0.0153846153846153,0.0153846153846153,0.0,,0.0,0.0153846153846153,0.0153846153846153,0.0153846153846153,0.0153846153846153,0.0153846153846153,0.0153846153846153,0.0153846153846153,0.0153846153846153,0.0153846153846153,0.0153846153846153,0.0,0.0153846153846153,0.0153846153846153,0.0153846153846153,0.0153846153846153,0.0,0.0,0.0461538461538461,0.0,0.0153846153846153,0.0,0.0,0.0153846153846153,0.0,0.0,0.0,,0.0153846153846153,0.0153846153846153,0.0153846153846153,0.0,0.0,0.0,0.0153846153846153,0.0153846153846153,0.0,0.0153846153846153,0.0153846153846153,0.0153846153846153,0.0153846153846153
CEBPE__PRJNA551220,0.3001027749229188,0.0503597122302158,0.3144912641315519,0.2363823227132579,0.3638232271325796,0.0452209660842754,0.0966084275436793,0.0277492291880781,0.3144912641315519,0.0246659815005138,0.2949640287769784,0.303186022610483,0.3093525179856115,0.1778006166495375,0.171634121274409,0.1613566289825282,0.1695786228160329,0.144912641315519,0.1038026721479958,0.0904419321685508,,0.0380267214799588,0.1778006166495375,0.1788283658787255,0.1778006166495375,0.0822199383350462,0.0709146968139773,0.0626927029804727,0.0729701952723535,0.0955806783144912,0.0524152106885919,0.0688591983556012,0.0832476875642343,0.0822199383350462,0.0822199383350462,0.4378211716341212,0.4471204188481675,0.0483042137718396,0.3623348017621145,,,,0.0524152106885919,0.0102774922918807,0.5498458376156218,0.4614594039054471,0.0575539568345323,,,0.0832476875642343,0.1469681397738951,0.1603288797533401,0.0729701952723535,0.5436793422404933,0.5498458376156218,0.5601233299075026,0.5467625899280576,0.408016443987667,0.4254881808838643,0.4419321685508736,0.001027749229188,0.4121274409044193
CLOCK__RPE1_essential,0.0419161676646706,0.0518962075848303,0.0259481037924151,0.0379241516966067,0.0658682634730539,0.0898203592814371,0.0339321357285429,0.0119760479041916,0.0499001996007984,0.0499001996007984,0.0359281437125748,0.0399201596806387,0.0359281437125748,0.0119760479041916,0.0399201596806387,0.0119760479041916,0.0139720558882235,0.0339321357285429,0.0179640718562874,0.0359281437125748,0.0119760479041916,0.0499001996007984,0.0798403193612774,0.0119760479041916,0.0119760479041916,0.029940119760479,0.0099800399201596,0.0219560878243512,0.0279441117764471,0.06187624750499,0.0319361277445109,0.0419161676646706,0.0778443113772455,0.0239520958083832,0.029940119760479,0.0798403193612774,0.0103305785123966,0.0678642714570858,0.032520325203252,0.0259481037924151,0.0678642714570858,0.0399201596806387,0.0159680638722554,0.0019960079840319,0.0199600798403193,0.1397205588822355,,0.0259481037924151,,0.0259481037924151,0.0159680638722554,0.0738522954091816,0.0319361277445109,0.029940119760479,0.0219560878243512,0.0159680638722554,0.0219560878243512,0.0439121756487025,0.0159680638722554,0.0159680638722554,0.0059880239520958,0.0319361277445109
CREB1__exp7,0.1307339449541284,0.128440366972477,0.110091743119266,0.1376146788990825,0.1169724770642201,0.110091743119266,0.128440366972477,0.1261467889908256,0.1055045871559633,0.110091743119266,0.1330275229357798,0.1353211009174312,0.128440366972477,0.1192660550458715,0.1307339449541284,0.1192660550458715,0.1146788990825688,0.1238532110091743,0.1169724770642201,0.1238532110091743,,0.1215596330275229,0.1192660550458715,0.128440366972477,0.1192660550458715,0.1009174311926605,0.0963302752293578,0.0986238532110091,0.0848623853211009,0.1123853211009174,0.110091743119266,0.1055045871559633,0.0940366972477064,0.1009174311926605,0.1009174311926605,0.1123853211009174,0.1290322580645161,0.0779816513761468,0.108433734939759,0.1009174311926605,0.146788990825688,0.1399082568807339,0.1055045871559633,0.128440366972477,0.0825688073394495,0.1261467889908256,0.1215596330275229,0.1261467889908256,,0.0871559633027523,0.1238532110091743,0.0871559633027523,0.0963302752293578,0.0986238532110091,0.0986238532110091,0.0665137614678899,0.0642201834862385,0.1192660550458715,0.1146788990825688,0.1192660550458715,0.1376146788990825,0.0802752293577981
CREB1__exp8,0.0409090909090909,0.0318181818181818,0.0363636363636363,0.0545454545454545,0.0363636363636363,0.0454545454545454,0.0363636363636363,0.0318181818181818,0.0272727272727272,0.0318181818181818,0.0545454545454545,0.05,0.0454545454545454,0.0545454545454545,0.0681818181818181,0.0272727272727272,0.05,0.0363636363636363,0.0227272727272727,0.0363636363636363,,0.0318181818181818,0.0545454545454545,0.059090909090909,0.0545454545454545,0.0409090909090909,0.0181818181818181,0.0363636363636363,0.0318181818181818,0.0181818181818181,0.0318181818181818,0.0227272727272727,0.0272727272727272,0.0409090909090909,0.0409090909090909,0.0318181818181818,0.0409090909090909,0.0318181818181818,0.0287081339712918,0.0181818181818181,0.0454545454545454,0.0136363636363636,0.0545454545454545,0.0227272727272727,0.0409090909090909,0.0136363636363636,0.0772727272727272,0.0272727272727272,,0.0363636363636363,0.0454545454545454,0.0227272727272727,0.0136363636363636,0.0409090909090909,0.0272727272727272,0.0272727272727272,0.0454545454545454,0.0545454545454545,0.05,0.0409090909090909,0.059090909090909,0.0454545454545454
CREB1__pilot,0.0555555555555555,0.0,0.0185185185185185,0.037037037037037,0.0555555555555555,0.0185185185185185,0.0185185185185185,0.0185185185185185,0.0185185185185185,0.0185185185185185,0.037037037037037,0.037037037037037,0.0555555555555555,0.0555555555555555,0.0185185185185185,0.0,0.074074074074074,0.0,0.0185185185185185,0.037037037037037,,0.0185185185185185,0.0555555555555555,0.0555555555555555,0.0555555555555555,0.0,0.037037037037037,0.0,0.0,0.0185185185185185,0.0,0.037037037037037,0.0185185185185185,0.0,0.0,0.0185185185185185,0.0,0.0185185185185185,0.0,0.037037037037037,0.0555555555555555,0.074074074074074,0.0,0.0,0.0,0.0555555555555555,0.0185185185185185,0.0185185185185185,0.0185185185185185,0.0,0.0185185185185185,0.0555555555555555,0.0,0.037037037037037,0.0185185185185185,0.0,0.0,0.0185185185185185,0.0,0.0185185185185185,0.0,0.037037037037037
CREB3__PRJNA524331,0.0,0.0551724137931034,0.0482758620689655,0.0068965517241379,0.0,0.0275862068965517,0.0,0.0206896551724137,0.0068965517241379,0.0413793103448275,0.0,0.0,0.0,,,,,,,,,,,,,0.0275862068965517,0.0551724137931034,0.0344827586206896,0.0413793103448275,0.0068965517241379,0.0482758620689655,0.0137931034482758,0.0275862068965517,0.0275862068965517,0.0275862068965517,,0.0260869565217391,0.0206896551724137,0.0551724137931034,0.0344827586206896,0.0068965517241379,0.0137931034482758,0.0482758620689655,0.0275862068965517,0.0137931034482758,0.0344827586206896,,0.0206896551724137,,0.0275862068965517,,0.0275862068965517,0.0413793103448275,0.0137931034482758,0.0206896551724137,0.0,0.0,,,,,0.0413793103448275
CSRNP1__PRJNA551220,,0.0046948356807511,,,,,,,,,,,,,,,,,,,,,,,,,,,,,,,,,,,0.0116279069767441,,0.0,,,,,0.0187793427230046,0.0234741784037558,,,,,,,,,0.0328638497652582,0.028169014084507,0.0187793427230046,0.0234741784037558,,,,,
CTCF__PRJNA524331,0.0,0.0172413793103448,0.0,0.0,0.0,0.0,0.0,0.0172413793103448,0.0,0.0,0.0,0.0,0.0,0.0172413793103448,0.0344827586206896,0.0,0.0,0.0,0.0,0.0344827586206896,0.0,0.0,0.0172413793103448,0.0172413793103448,0.0172413793103448,,,,,,,,,,,0.0689655172413793,0.0,0.0689655172413793,0.0,0.0344827586206896,0.0,,0.0,0.0172413793103448,0.0344827586206896,0.0172413793103448,0.0,,,,0.0,0.0,,0.0172413793103448,0.0,0.0172413793103448,0.0344827586206896,0.0172413793103448,0.0344827586206896,0.0,0.0172413793103448,0.0
DDIT3__exp8,0.0425531914893617,0.0070921985815602,0.0283687943262411,0.0354609929078014,0.0354609929078014,0.0212765957446808,0.0212765957446808,0.0070921985815602,0.0354609929078014,0.0496453900709219,0.0283687943262411,0.0354609929078014,0.0354609929078014,0.0496453900709219,0.0425531914893617,0.0425531914893617,0.0425531914893617,0.0212765957446808,0.0354609929078014,0.0496453900709219,,0.0425531914893617,0.0496453900709219,0.0496453900709219,0.0496453900709219,0.0283687943262411,0.0283687943262411,0.0212765957446808,0.0354609929078014,0.0283687943262411,0.0141843971631205,0.0070921985815602,0.0070921985815602,0.0283687943262411,0.0283687943262411,0.0567375886524822,0.0283687943262411,,0.0227272727272727,0.0070921985815602,0.0212765957446808,0.0,0.0141843971631205,0.0141843971631205,0.0425531914893617,0.0354609929078014,0.0283687943262411,0.0283687943262411,,0.0141843971631205,0.0567375886524822,0.0070921985815602,0.0496453900709219,0.0425531914893617,0.0212765957446808,0.0425531914893617,0.0425531914893617,0.0567375886524822,0.0496453900709219,0.0567375886524822,0.0567375886524822,0.0425531914893617
DLX2__PRJNA551220,0.1604729729729729,0.0202702702702702,0.0912162162162162,0.1722972972972972,0.1807432432432432,0.0354729729729729,0.089527027027027,0.0709459459459459,0.1537162162162162,0.0152027027027027,0.0658783783783783,0.1604729729729729,0.1655405405405405,,,,,,,,,,,,,,,,,,,,,,,,0.0246913580246913,,0.0123022847100175,,,,0.0320945945945945,0.0219594594594594,0.3209459459459459,,,,,,,0.1283783783783783,,0.3581081081081081,0.4003378378378378,0.3699324324324324,0.3175675675675675,,,,,
E4F1__K562_essential,0.0104166666666666,0.0208333333333333,0.0,0.0104166666666666,0.0,0.0208333333333333,0.0104166666666666,0.0104166666666666,0.0,0.0,0.0104166666666666,0.0,0.0104166666666666,,,,,,,,,,,,,0.0,0.0,0.0,0.0,0.0,0.0,0.0104166666666666,0.0208333333333333,0.0,0.0,0.03125,0.0,,0.0,0.0,0.0,0.0,0.0,0.03125,0.0,,,0.0104166666666666,0.0,0.0,,0.0,0.0,0.0104166666666666,0.0,0.0,0.0,0.0,0.0,0.0104166666666666,0.0104166666666666,0.0104166666666666
EGR1__PRJNA551220,0.0,0.0141843971631205,0.0,0.0070921985815602,0.0,0.0,0.0070921985815602,0.0,0.0,0.0,0.0,0.0,0.0,0.0070921985815602,0.0070921985815602,0.0,0.0141843971631205,0.0141843971631205,0.0070921985815602,0.0,,0.0,0.0,0.0070921985815602,0.0070921985815602,0.0212765957446808,0.0212765957446808,0.0070921985815602,0.0141843971631205,0.0,0.0,0.0070921985815602,0.0070921985815602,0.0212765957446808,0.0212765957446808,0.0,0.0,0.0070921985815602,0.0,,,,0.0070921985815602,0.0,0.0,0.0141843971631205,0.0,0.0,,0.0141843971631205,0.0070921985815602,0.0,0.0070921985815602,0.0,0.0,0.0,0.0,0.0,0.0,0.0,0.0070921985815602,0.0
ELF3__PRJNA524331,0.0,0.0106382978723404,0.0,0.0,0.0,0.0319148936170212,0.0,0.0,0.0,0.0212765957446808,0.0106382978723404,0.0,0.0,0.0425531914893617,0.0638297872340425,0.0319148936170212,0.0531914893617021,0.0,0.0106382978723404,0.0531914893617021,0.0425531914893617,0.0319148936170212,0.0425531914893617,0.0531914893617021,0.0425531914893617,0.0,0.0,0.0106382978723404,0.0,0.0212765957446808,0.0212765957446808,0.0319148936170212,0.0319148936170212,0.0,0.0,0.0,0.0151515151515151,0.0,0.0,0.0106382978723404,0.0106382978723404,0.0,0.0319148936170212,0.0425531914893617,0.0,0.0,,0.0,,0.0,0.0531914893617021,0.0106382978723404,0.0106382978723404,0.0,0.0,0.0,0.0,0.0106382978723404,0.0,0.0106382978723404,0.0425531914893617,0.0
EOMES__exp8,0.0168067226890756,0.0168067226890756,0.0168067226890756,0.0336134453781512,0.0168067226890756,0.0336134453781512,0.0252100840336134,0.0,0.0168067226890756,0.0084033613445378,0.0168067226890756,0.0168067226890756,0.0168067226890756,,,,,,,,,,,,,0.0252100840336134,0.0168067226890756,0.0168067226890756,0.0336134453781512,0.0,0.0252100840336134,0.042016806722689,0.0336134453781512,0.0252100840336134,0.0252100840336134,,,0.1176470588235294,,0.0168067226890756,0.0084033613445378,0.0,0.0504201680672268,0.0,0.2605042016806723,0.0252100840336134,,0.0252100840336134,,0.0252100840336134,,0.0336134453781512,0.0084033613445378,0.8067226890756303,0.8067226890756303,0.5714285714285714,0.226890756302521,,,,,
ETS2__PRJNA551220,0.0459770114942528,0.0407523510971786,0.038662486938349,0.0543364681295715,0.0438871473354232,0.0344827586206896,0.0564263322884012,0.0313479623824451,0.0240334378265412,0.0376175548589341,0.0334378265412748,0.0438871473354232,0.0438871473354232,0.0470219435736677,0.0334378265412748,0.0438871473354232,0.0491118077324973,0.0376175548589341,0.0491118077324973,0.0522466039707419,,0.051201671891327,0.051201671891327,0.0459770114942528,0.0470219435736677,0.0397074190177638,0.0355276907001044,0.0397074190177638,0.0355276907001044,0.018808777429467,0.038662486938349,0.0417972831765935,0.0271682340647857,0.0397074190177638,0.0397074190177638,0.3051201671891327,0.142550911039657,0.1442006269592476,0.0327349524815205,,,,0.0877742946708464,0.0135841170323928,0.3751306165099268,0.0470219435736677,0.0522466039707419,,,0.0428422152560083,0.0470219435736677,0.0417972831765935,0.0459770114942528,0.2800417972831766,0.2957157784743991,0.3939393939393939,0.3855799373040752,0.1598746081504702,0.2695924764890282,0.4169278996865204,0.2988505747126437,0.2539184952978056
ETS2__exp8,0.0605095541401273,0.0636942675159235,0.0509554140127388,0.0477707006369426,0.0573248407643312,0.0382165605095541,0.0477707006369426,0.0159235668789808,0.0445859872611464,0.0636942675159235,0.019108280254777,0.0636942675159235,0.0636942675159235,0.0286624203821656,0.0254777070063694,0.0318471337579617,0.019108280254777,0.0414012738853503,0.0318471337579617,0.0318471337579617,,0.0891719745222929,0.0318471337579617,0.0286624203821656,0.0286624203821656,0.0382165605095541,0.0286624203821656,0.0222929936305732,0.0477707006369426,0.0636942675159235,0.0414012738853503,0.0382165605095541,0.0382165605095541,0.0382165605095541,0.0382165605095541,0.3853503184713376,0.1242038216560509,0.0350318471337579,0.0662020905923344,0.0732484076433121,0.1242038216560509,0.0286624203821656,0.1114649681528662,0.0127388535031847,0.5509554140127388,0.0414012738853503,0.0382165605095541,,,0.0414012738853503,0.0382165605095541,0.0636942675159235,0.0254777070063694,0.7356687898089171,0.732484076433121,0.697452229299363,0.5414012738853503,0.2770700636942675,0.3057324840764331,0.4777070063694267,0.4713375796178344,0.375796178343949
FEV__PRJNA551220,0.0271132376395534,0.0255183413078149,0.0287081339712918,0.0207336523125996,0.0271132376395534,0.0223285486443381,0.0095693779904306,0.0271132376395534,0.0318979266347687,0.0255183413078149,0.0223285486443381,0.0255183413078149,0.0303030303030303,,,,,,,,,,,,,,,,,,,,,,,0.6618819776714514,0.0551948051948051,0.0047846889952153,0.0130718954248366,,,,0.0095693779904306,0.011164274322169,0.5757575757575758,,,,,,,0.0239234449760765,,0.6411483253588517,0.6411483253588517,0.6842105263157895,0.532695374800638,0.3716108452950558,0.4657097288676236,0.8277511961722488,0.1148325358851674,0.7129186602870813
FEZF2__CRISPRa,0.4406779661016949,0.0169491525423728,0.4406779661016949,0.3728813559322034,0.423728813559322,0.2033898305084746,0.0677966101694915,0.0338983050847457,0.5084745762711864,0.0847457627118644,0.2033898305084746,0.4406779661016949,0.4745762711864407,,,,,,,,,,,,,,,,,,,,,,,,0.175438596491228,0.0,0.1296296296296296,0.1016949152542373,0.1694915254237288,,,0.0677966101694915,0.3220338983050847,,,,,,,0.4576271186440678,,0.5423728813559322,0.5254237288135594,0.3559322033898305,0.3050847457627119,,,,,
FOSB__PRJNA551220,0.0317460317460317,0.0340136054421768,0.0362811791383219,0.0317460317460317,0.0317460317460317,0.0136054421768707,0.0249433106575963,0.0249433106575963,0.0385487528344671,0.0136054421768707,0.0226757369614512,0.0294784580498866,0.0340136054421768,0.0226757369614512,0.0272108843537414,0.0136054421768707,0.0204081632653061,0.0090702947845804,0.0136054421768707,0.0249433106575963,,0.0158730158730158,0.0226757369614512,0.0226757369614512,0.0226757369614512,0.0158730158730158,0.0226757369614512,0.0226757369614512,0.0317460317460317,0.0090702947845804,0.0158730158730158,0.0158730158730158,0.0385487528344671,0.0158730158730158,0.0158730158730158,0.0204081632653061,0.0170316301703163,0.0113378684807256,0.0182648401826484,,,,0.0090702947845804,0.0204081632653061,0.0068027210884353,0.0453514739229024,,0.0045351473922902,,0.0181405895691609,0.0226757369614512,0.0294784580498866,0.0136054421768707,0.0113378684807256,0.0158730158730158,0.0113378684807256,0.0113378684807256,0.0136054421768707,0.0090702947845804,0.0204081632653061,0.0272108843537414,0.0158730158730158
FOXA1__PRJNA551220,0.0125448028673835,0.0161290322580645,0.010752688172043,0.0089605734767025,0.0125448028673835,0.010752688172043,0.025089605734767,0.014336917562724,0.021505376344086,0.0125448028673835,0.025089605734767,0.014336917562724,0.014336917562724,0.0161290322580645,0.017921146953405,0.0232974910394265,0.0197132616487455,0.017921146953405,0.0232974910394265,0.0304659498207885,,0.021505376344086,0.0483870967741935,0.0161290322580645,0.0161290322580645,0.007168458781362,0.0125448028673835,0.010752688172043,0.010752688172043,0.0197132616487455,0.0125448028673835,0.017921146953405,0.0125448028673835,0.007168458781362,0.007168458781362,,0.0272727272727272,0.064516129032258,0.0217391304347826,,,,0.017921146953405,0.0017921146953405,0.1451612903225806,0.0089605734767025,0.028673835125448,0.007168458781362,,0.010752688172043,0.0376344086021505,0.0161290322580645,0.0304659498207885,0.086021505376344,0.1003584229390681,0.1397849462365591,0.1433691756272401,,,,,
FOXA2__PRJNA524331,0.0,0.0721153846153846,0.0192307692307692,0.0,0.0,0.0144230769230769,0.0096153846153846,0.048076923076923,0.0144230769230769,0.0,0.0288461538461538,0.0,0.0,0.0336538461538461,0.0432692307692307,0.0288461538461538,0.0,0.0817307692307692,0.0144230769230769,0.0432692307692307,0.0240384615384615,0.0048076923076923,0.0336538461538461,0.0240384615384615,0.0336538461538461,0.0192307692307692,0.0192307692307692,0.0144230769230769,0.0336538461538461,0.0144230769230769,0.0144230769230769,0.0432692307692307,0.0240384615384615,0.0192307692307692,0.0192307692307692,0.1153846153846153,0.0,0.0192307692307692,0.0,0.0288461538461538,0.0192307692307692,0.0048076923076923,0.0432692307692307,0.0336538461538461,0.0096153846153846,0.0913461538461538,0.0576923076923076,0.048076923076923,,0.0144230769230769,0.0384615384615384,0.0048076923076923,0.0192307692307692,0.0,0.0096153846153846,0.0096153846153846,0.0096153846153846,0.110576923076923,0.0721153846153846,0.0240384615384615,0.0048076923076923,0.0144230769230769
FOXA2__extend_61,0.081081081081081,0.054054054054054,0.1351351351351351,0.054054054054054,0.027027027027027,0.0,0.027027027027027,0.0,0.054054054054054,,0.0,0.081081081081081,0.054054054054054,0.1351351351351351,0.081081081081081,0.1081081081081081,0.1081081081081081,0.0,0.054054054054054,0.027027027027027,,,0.081081081081081,0.1081081081081081,0.1351351351351351,0.1351351351351351,0.1621621621621621,0.1891891891891892,0.2702702702702703,0.054054054054054,0.081081081081081,0.054054054054054,,0.1351351351351351,0.1351351351351351,0.027027027027027,0.0285714285714285,0.054054054054054,0.0,0.027027027027027,0.0,0.027027027027027,0.1081081081081081,0.0,0.0,0.0,0.0,0.1351351351351351,,0.1621621621621621,0.1081081081081081,0.1621621621621621,0.1621621621621621,0.0,0.0,0.0,0.0,0.027027027027027,0.0,0.027027027027027,0.027027027027027,0.0
FOXA2__pilot_14,0.0389610389610389,0.0259740259740259,0.0389610389610389,0.0909090909090909,0.0909090909090909,0.0,0.0519480519480519,0.0389610389610389,0.0519480519480519,0.0259740259740259,0.0129870129870129,0.0519480519480519,0.0649350649350649,0.1038961038961039,0.0129870129870129,0.1038961038961039,0.1038961038961039,0.0389610389610389,0.1038961038961039,0.0,,0.0389610389610389,0.0259740259740259,0.1038961038961039,0.1038961038961039,0.0649350649350649,0.1428571428571428,0.0259740259740259,0.1038961038961039,0.0,0.0259740259740259,0.0129870129870129,0.0,0.0649350649350649,0.0649350649350649,0.2467532467532467,0.1168831168831168,0.0259740259740259,0.0,0.0649350649350649,0.0649350649350649,0.0,0.0649350649350649,0.0,0.0,0.0,0.0129870129870129,0.0259740259740259,,0.0649350649350649,0.0909090909090909,0.0649350649350649,0.0519480519480519,0.0,0.0,0.0,0.0,0.2727272727272727,0.2857142857142857,0.2207792207792207,0.1558441558441558,0.1948051948051948
FOXA3__PRJNA551220,0.0,0.0125,0.0041666666666666,0.0041666666666666,0.0041666666666666,0.0041666666666666,0.0041666666666666,0.0,0.0041666666666666,0.0041666666666666,0.0041666666666666,0.0,0.0041666666666666,,,,,,,,,,,,,0.0125,0.0208333333333333,0.0041666666666666,0.0125,0.0208333333333333,0.0083333333333333,0.0208333333333333,0.0083333333333333,0.0125,0.0125,0.0541666666666666,0.00836820083682,0.0083333333333333,0.026431718061674,,,,0.0208333333333333,0.0,0.15,,,0.0375,,0.0125,,0.0,0.0041666666666666,0.1375,0.2291666666666666,0.175,0.1458333333333333,0.0583333333333333,0.05,0.0625,0.0458333333333333,0.0666666666666666
FOXC1__exp8,0.0143540669856459,0.0191387559808612,0.0287081339712918,0.0095693779904306,0.0095693779904306,0.0047846889952153,0.0191387559808612,0.0095693779904306,0.0143540669856459,0.0287081339712918,0.0191387559808612,0.0095693779904306,0.0143540669856459,,,,,,,,,,,,,0.0143540669856459,0.0191387559808612,0.0095693779904306,0.0095693779904306,0.0287081339712918,0.0191387559808612,0.0191387559808612,0.0143540669856459,0.0143540669856459,0.0143540669856459,,0.0191387559808612,0.0287081339712918,0.0097560975609756,0.0334928229665071,0.0143540669856459,0.0095693779904306,0.0143540669856459,0.0143540669856459,0.0191387559808612,,,0.0191387559808612,,0.0095693779904306,,0.0239234449760765,0.0143540669856459,0.0334928229665071,0.0334928229665071,0.0191387559808612,0.0191387559808612,,,,,
FOXF1__PRJNA551220,0.0106382978723404,0.0070921985815602,0.0177304964539007,0.0106382978723404,0.0106382978723404,0.0106382978723404,0.0070921985815602,0.0141843971631205,0.0141843971631205,0.0212765957446808,0.0106382978723404,0.0141843971631205,0.0106382978723404,,,,,,,,,,,,,0.0106382978723404,0.0070921985815602,0.0212765957446808,0.0141843971631205,0.0106382978723404,0.0177304964539007,0.0106382978723404,0.0141843971631205,0.0106382978723404,0.0106382978723404,,,,,,,,0.0035460992907801,0.0035460992907801,0.0567375886524822,,,0.0035460992907801,,0.0141843971631205,,,0.0106382978723404,0.0496453900709219,0.0496453900709219,0.0567375886524822,0.0531914893617021,,,,,
FOXH1__PRJNA524331,0.0,0.1287726358148893,0.0,0.0010060362173038,0.0,0.1448692152917505,0.0030181086519114,0.0764587525150905,0.0010060362173038,0.1388329979879275,0.0010060362173038,0.0,0.0,,,,,,,,,,,,,0.0160965794768611,0.0593561368209255,0.0150905432595573,0.0140845070422535,0.1398390342052314,0.0362173038229376,0.1428571428571428,0.1338028169014084,0.0160965794768611,0.0160965794768611,,0.0048602673147023,0.1901408450704225,0.0010090817356205,0.0824949698189134,0.0653923541247484,0.176056338028169,0.056338028169014,0.1177062374245472,0.0050301810865191,,,0.0171026156941649,,0.0181086519114688,,0.0,0.056338028169014,0.0020120724346076,0.0010060362173038,0.0010060362173038,0.0050301810865191,,,,,
FOXL2__PRJNA551220,0.031055900621118,0.0165631469979296,0.0269151138716356,0.0289855072463768,0.0227743271221532,0.0144927536231884,0.0124223602484472,0.0124223602484472,0.020703933747412,0.0269151138716356,0.0124223602484472,0.0269151138716356,0.0289855072463768,0.0124223602484472,0.0062111801242236,0.010351966873706,0.010351966873706,0.0227743271221532,0.0124223602484472,0.0124223602484472,,0.0372670807453416,0.0124223602484472,0.0124223602484472,0.0124223602484472,0.0269151138716356,0.0227743271221532,0.0186335403726708,0.0165631469979296,0.0144927536231884,0.020703933747412,0.020703933747412,0.0082815734989648,0.0269151138716356,0.0269151138716356,,0.0292275574112734,,0.0021551724137931,,,,0.0248447204968944,0.0041407867494824,0.1946169772256728,,,0.0144927536231884,,0.0269151138716356,0.0062111801242236,0.020703933747412,0.0269151138716356,0.1718426501035196,0.1904761904761904,0.2360248447204969,0.2298136645962732,,,,,
FOXO4__PRJNA551220,0.0121212121212121,0.0,0.0121212121212121,0.006060606060606,0.0121212121212121,0.0242424242424242,0.0121212121212121,0.006060606060606,0.006060606060606,0.006060606060606,0.006060606060606,0.0121212121212121,0.0121212121212121,0.0181818181818181,0.0,0.0181818181818181,0.0181818181818181,0.0121212121212121,0.0181818181818181,0.0181818181818181,,0.006060606060606,0.0181818181818181,0.0181818181818181,0.0181818181818181,0.006060606060606,0.0,0.006060606060606,0.006060606060606,0.006060606060606,0.006060606060606,0.0,0.0,0.006060606060606,0.006060606060606,0.1818181818181818,0.0,0.0303030303030303,0.0063291139240506,,,,0.0121212121212121,0.0,0.0545454545454545,0.006060606060606,,,,0.006060606060606,0.0,0.0181818181818181,0.0181818181818181,0.1333333333333333,0.1696969696969697,0.0666666666666666,0.0545454545454545,0.0787878787878787,0.0727272727272727,0.2242424242424242,0.1393939393939394,0.2303030303030303
FOXP3__exp8,0.0223214285714285,0.0223214285714285,0.03125,0.0089285714285714,0.0133928571428571,0.0133928571428571,0.0178571428571428,0.0267857142857142,0.0089285714285714,0.0089285714285714,0.0580357142857142,0.0178571428571428,0.0178571428571428,0.0535714285714285,0.0446428571428571,0.0625,0.0491071428571428,0.0357142857142857,0.0625,0.0401785714285714,,0.0357142857142857,0.0669642857142857,0.0535714285714285,0.0535714285714285,0.0267857142857142,0.0178571428571428,0.0267857142857142,0.0357142857142857,0.0089285714285714,0.0223214285714285,0.0446428571428571,0.03125,0.0267857142857142,0.0267857142857142,,,,,0.0401785714285714,0.0133928571428571,0.03125,0.0267857142857142,0.03125,0.0223214285714285,,,0.0178571428571428,,0.0223214285714285,0.0535714285714285,0.0178571428571428,0.0267857142857142,0.0178571428571428,0.0267857142857142,0.0178571428571428,0.0178571428571428,,,,,
FOXQ1__PRJNA524331,0.0113636363636363,0.0227272727272727,0.0113636363636363,0.0,0.0113636363636363,0.0,0.0,0.0227272727272727,0.0,0.0227272727272727,0.0113636363636363,0.0113636363636363,0.0113636363636363,0.0227272727272727,0.0227272727272727,0.034090909090909,0.034090909090909,0.034090909090909,0.034090909090909,0.034090909090909,0.0113636363636363,0.0227272727272727,0.0227272727272727,0.0227272727272727,0.0227272727272727,0.0113636363636363,0.0,0.0113636363636363,0.0113636363636363,0.0,0.0,0.0227272727272727,0.0113636363636363,0.0113636363636363,0.0113636363636363,0.0113636363636363,0.0,,0.0,0.0,0.0113636363636363,0.0227272727272727,0.0,0.0227272727272727,0.0,0.0,,,,0.0113636363636363,0.0227272727272727,0.0,0.0113636363636363,0.0,0.0,0.0,0.0,0.0227272727272727,0.0113636363636363,0.0227272727272727,0.0113636363636363,0.0
GABPA__RPE1_essential,0.0,0.0,0.0,0.0,0.0,0.0208333333333333,0.0,0.0,0.0,0.0,0.0,0.0,0.0,0.0,0.0,0.0,0.0,0.0208333333333333,0.0,0.0,0.0,0.0,0.0,0.0,0.0,0.0,0.0,0.0,0.0,0.0,0.0,0.0,0.0,0.0,0.0,0.0,0.0,0.0208333333333333,0.0,0.0,0.0,0.0,0.0,0.0208333333333333,0.0208333333333333,0.0,,0.0,,0.0,0.0,0.0,0.0,0.0,0.0,0.0208333333333333,0.0208333333333333,0.0,0.0,0.0,0.0,0.0
GATA1__K562_essential,0.0,0.0,0.0,0.0,0.0,0.0,0.0,0.0,0.0,0.0103092783505154,0.0,0.0,0.0,0.0,0.0,0.0,0.0,0.0,0.0,0.0103092783505154,,0.0,0.0103092783505154,0.0,0.0,0.0,0.0,0.0,0.0,0.0,0.0,0.0103092783505154,0.0,0.0,0.0,0.0,0.0618556701030927,0.0309278350515463,0.0,0.0,0.0,0.0,0.3505154639175257,0.0206185567010309,0.0,0.2783505154639175,0.0,0.0,0.0103092783505154,0.0,0.0,0.0,0.0,0.0,0.0,0.0,0.0,0.0,0.0,0.0,0.0,0.0206185567010309
GATA1__WTX_DIFFEX,0.0474649406688241,0.0636461704422869,0.040992448759439,0.0431499460625674,0.0442286947141316,0.0485436893203883,0.0345199568500539,0.0463861920172599,0.0442286947141316,0.0614886731391585,0.0248112189859762,0.0463861920172599,0.0485436893203883,0.0302049622437971,0.0420711974110032,0.0517799352750809,0.0377562028047464,0.052858683926645,0.0453074433656957,0.0215749730312837,,0.0507011866235167,0.0302049622437971,0.0302049622437971,0.0302049622437971,0.0507011866235167,0.0388349514563106,0.0539374325782092,0.0485436893203883,0.0560949298813376,0.0463861920172599,0.0593311758360302,0.0463861920172599,0.0507011866235167,0.0507011866235167,0.0431499460625674,0.0422691879866518,0.0453074433656957,0.0254143646408839,0.0496224379719525,0.0345199568500539,0.037756202804746494,0.0960086299892125,0.0388349514563106,0.0388349514563106,0.052858683926645,0.0302049622437971,0.0625674217907227,0.0399137001078748,0.0474649406688241,0.0442286947141316,0.0722761596548004,0.0399137001078748,0.0334412081984897,0.0312837108953613,0.0226537216828478,0.0355987055016181,0.0539374325782092,0.0625674217907227,0.0420711974110032,,0.0334412081984897
GATA1__exp7,0.0318471337579617,0.0764331210191082,0.0127388535031847,0.0063694267515923,0.0382165605095541,0.0318471337579617,0.0,0.0573248407643312,0.0127388535031847,0.0254777070063694,0.0127388535031847,0.0382165605095541,0.0573248407643312,0.0382165605095541,0.0636942675159235,0.0063694267515923,0.0382165605095541,0.0636942675159235,0.0063694267515923,0.0254777070063694,,0.0127388535031847,0.0382165605095541,0.0382165605095541,0.0382165605095541,0.0,0.0254777070063694,0.0,0.0318471337579617,0.0,0.0,0.0573248407643312,0.0,0.0,0.0,0.0,0.0,0.0,0.0,0.0254777070063694,0.0,0.4331210191082802,0.7898089171974523,0.0,0.0,0.0700636942675159,0.0,0.0063694267515923,,0.0,0.0318471337579617,0.0955414012738853,0.0063694267515923,0.0063694267515923,0.0,0.0,0.0,0.0,0.0,0.0,0.0,0.0445859872611464
GATA2__extend_61,0.108433734939759,0.0481927710843373,0.0963855421686747,0.0481927710843373,0.072289156626506,0.0240963855421686,0.0240963855421686,0.0481927710843373,0.036144578313253,,0.108433734939759,0.0963855421686747,0.108433734939759,0.0602409638554216,0.0481927710843373,0.0843373493975903,0.0602409638554216,0.0481927710843373,0.072289156626506,0.0602409638554216,,,0.0,0.0602409638554216,0.0602409638554216,0.0602409638554216,0.0963855421686747,0.036144578313253,0.036144578313253,0.0240963855421686,0.036144578313253,0.0,,0.0602409638554216,0.0602409638554216,0.0,0.0512820512820512,0.0481927710843373,0.0120481927710843,0.0240963855421686,0.036144578313253,0.036144578313253,0.0602409638554216,0.0120481927710843,0.0240963855421686,0.036144578313253,0.0843373493975903,0.1686746987951807,,0.0843373493975903,0.0481927710843373,0.0963855421686747,0.0963855421686747,0.0,0.0,0.0,0.036144578313253,0.0120481927710843,0.0,0.0240963855421686,0.0120481927710843,0.072289156626506
GATA3__exp8,0.0185185185185185,0.0324074074074074,0.0092592592592592,0.0185185185185185,0.0185185185185185,0.0416666666666666,0.0046296296296296,0.0277777777777777,0.0277777777777777,0.0185185185185185,0.0185185185185185,0.0185185185185185,0.0138888888888888,0.0277777777777777,0.0138888888888888,0.0277777777777777,0.0185185185185185,0.0185185185185185,0.0277777777777777,0.0138888888888888,,0.0462962962962962,0.0185185185185185,0.0231481481481481,0.0277777777777777,0.0046296296296296,0.0138888888888888,0.0231481481481481,0.0046296296296296,0.0324074074074074,0.0138888888888888,0.0277777777777777,0.0231481481481481,0.0046296296296296,0.0046296296296296,,0.0092592592592592,,0.8599033816425121,0.0138888888888888,0.1759259259259259,0.0231481481481481,0.0277777777777777,0.0277777777777777,0.3564814814814814,0.0092592592592592,0.037037037037037,0.037037037037037,,0.0092592592592592,0.0277777777777777,0.0277777777777777,0.0138888888888888,0.3194444444444444,0.2962962962962963,0.3287037037037037,0.3518518518518518,,,,,
GATA4__extend_61,0.0142857142857142,0.0285714285714285,0.0285714285714285,0.0142857142857142,0.0428571428571428,0.0142857142857142,0.0142857142857142,0.0285714285714285,0.0,,0.0142857142857142,0.0285714285714285,0.0142857142857142,0.1285714285714285,0.0857142857142857,0.0428571428571428,0.1714285714285714,0.0285714285714285,0.0428571428571428,0.1857142857142857,,,0.1285714285714285,0.1142857142857142,0.1285714285714285,0.0857142857142857,0.0857142857142857,0.0714285714285714,0.1,0.0142857142857142,0.0285714285714285,0.0,,0.0857142857142857,0.0857142857142857,,0.03125,0.3714285714285714,0.1492537313432835,0.0285714285714285,0.1285714285714285,0.0285714285714285,0.0428571428571428,0.0714285714285714,0.2571428571428571,0.1571428571428571,0.0142857142857142,0.1,,0.1142857142857142,0.0714285714285714,0.0428571428571428,0.0857142857142857,0.3714285714285714,0.3571428571428571,0.3,0.2428571428571428,,,,,0.2428571428571428
GATA6__PRJNA524331,0.0,0.0,0.0,0.0,0.0,0.0,0.0,0.0285714285714285,0.0,0.0,0.0,0.0,0.0,0.0,0.0,0.0,0.0,0.0,0.0,0.0,0.0,0.0,0.0,0.0,0.0,0.0,0.0571428571428571,0.0285714285714285,0.0285714285714285,0.0285714285714285,0.0,0.0285714285714285,0.0,0.0,0.0,0.0,0.0,0.0285714285714285,0.0,0.0,0.0,0.0,0.0,0.0,0.0,0.0571428571428571,,0.0,,0.0,0.0,0.0,0.0,0.0,0.0,0.0,0.0,0.0,0.0,0.0,0.0,
GATA6__extend_61,0.0434782608695652,0.0,0.0217391304347826,0.0652173913043478,0.0652173913043478,0.0,0.0434782608695652,0.0217391304347826,0.0434782608695652,,0.0434782608695652,0.0434782608695652,0.0434782608695652,0.0,0.0,0.0217391304347826,0.0,0.0217391304347826,0.0217391304347826,0.0,,,0.0,0.0,0.0,0.0652173913043478,0.0434782608695652,0.0434782608695652,0.108695652173913,0.0217391304347826,0.0,0.0,,0.0652173913043478,0.0652173913043478,0.108695652173913,0.048780487804878,0.0652173913043478,0.1333333333333333,0.0434782608695652,0.0,0.0,0.0434782608695652,0.0,0.0434782608695652,0.0869565217391304,,0.0,,0.0869565217391304,0.0,0.0652173913043478,0.0217391304347826,0.0434782608695652,0.0434782608695652,0.0652173913043478,0.0217391304347826,0.108695652173913,0.0869565217391304,0.108695652173913,0.108695652173913,0.1304347826086956
GBX2__CRISPRa,0.4491525423728814,0.1694915254237288,0.4067796610169492,0.5338983050847458,0.3898305084745763,0.2372881355932203,0.2457627118644068,0.2627118644067797,0.4491525423728814,0.1101694915254237,0.4491525423728814,0.4661016949152542,0.4322033898305085,,,,,,,,,,,,,,,,,,,,,,,0.3728813559322034,0.3043478260869565,0.0169491525423728,0.1775700934579439,0.1864406779661017,0.2542372881355932,,0.0508474576271186,0.1440677966101695,0.3559322033898305,,,,,,,0.4576271186440678,,0.4067796610169492,0.4661016949152542,0.4322033898305085,0.3305084745762712,0.3559322033898305,0.3050847457627119,0.3813559322033898,0.3220338983050847,0.4491525423728814
GLIS3__CRISPRa,0.0941176470588235,0.0823529411764705,0.0823529411764705,0.0941176470588235,0.0823529411764705,0.1176470588235294,0.1294117647058823,0.0705882352941176,0.1058823529411764,0.0823529411764705,0.1764705882352941,0.0941176470588235,0.0941176470588235,,,,,,,,,,,,,0.1058823529411764,0.2,0.1176470588235294,0.1176470588235294,0.188235294117647,0.1176470588235294,0.1411764705882353,0.0941176470588235,0.1058823529411764,0.1058823529411764,,0.2195121951219512,0.1529411764705882,0.1168831168831168,0.2,0.1176470588235294,0.0588235294117647,0.1294117647058823,0.0588235294117647,0.2117647058823529,,,0.2235294117647059,,0.1058823529411764,,0.0941176470588235,0.1411764705882353,0.5058823529411764,0.4588235294117647,0.2823529411764706,0.188235294117647,,,,,
GSC__PRJNA524331,0.0161290322580645,0.0268817204301075,0.0053763440860215,0.043010752688172,0.010752688172043,0.0376344086021505,0.0053763440860215,0.0,0.0161290322580645,0.0053763440860215,0.010752688172043,0.0161290322580645,0.010752688172043,,,,,,,,,,,,,,,,,,,,,,,,0.0134228187919463,0.032258064516129,0.010752688172043,0.021505376344086,0.0268817204301075,,0.0161290322580645,0.0268817204301075,0.0053763440860215,,,,,,,0.010752688172043,,0.010752688172043,0.0053763440860215,0.0,0.0,,,,,
GSX2__CRISPRa,,0.0888888888888888,,,,,,,,,,,,,,,,,,,,,,,,,,,,,,,,,,,0.4418604651162791,0.2,0.4404761904761904,0.1888888888888888,0.2555555555555555,,0.0333333333333333,0.0333333333333333,0.5555555555555556,,,,,,,,,0.6555555555555556,0.6666666666666666,0.6222222222222222,0.5555555555555556,,,,,
HES7__PRJNA551220,,0.0,,,,,,,,,,,,,,,,,,,,,,,,,,,,,,,,,,,0.0212765957446808,,0.0,,,,0.0,0.0,0.425531914893617,,,,,,,,,0.8404255319148937,0.574468085106383,0.574468085106383,0.3829787234042553,,,,,
HHEX__exp8,0.0433333333333333,0.0233333333333333,0.07,0.0233333333333333,0.0333333333333333,0.0566666666666666,0.0233333333333333,0.0466666666666666,0.0433333333333333,0.0366666666666666,0.0533333333333333,0.0466666666666666,0.0466666666666666,0.0566666666666666,0.0666666666666666,0.0566666666666666,0.05,0.0566666666666666,0.0566666666666666,0.04,,0.0666666666666666,0.0233333333333333,0.0566666666666666,0.0566666666666666,0.02,0.0166666666666666,0.0266666666666666,0.0466666666666666,0.0333333333333333,0.0233333333333333,0.04,0.0433333333333333,0.02,0.02,,0.0466666666666666,,0.0177935943060498,0.1566666666666666,0.0366666666666666,0.03,0.0266666666666666,0.0166666666666666,0.7833333333333333,0.03,,0.0433333333333333,,0.02,,0.0733333333333333,0.0166666666666666,0.7633333333333333,0.74,0.94,0.8066666666666666,,,,,
HIC2__exp8,,0.0083333333333333,,,,,,,,,,,,,,,,,,,,,,,,0.0083333333333333,0.05,0.0083333333333333,0.025,0.0166666666666666,0.025,0.0,0.0166666666666666,0.0083333333333333,0.0083333333333333,,0.0083333333333333,0.0333333333333333,0.018018018018018,0.0166666666666666,,0.0166666666666666,0.0166666666666666,0.025,0.0166666666666666,,,0.0,,0.0333333333333333,,,0.025,0.025,0.025,0.0083333333333333,0.0083333333333333,,,,,
HIF1A__exp8,0.0351351351351351,0.0783783783783783,0.0459459459459459,0.0297297297297297,0.0351351351351351,0.0378378378378378,0.0378378378378378,0.0513513513513513,0.0432432432432432,0.0378378378378378,0.0513513513513513,0.0324324324324324,0.0405405405405405,0.0648648648648648,0.0675675675675675,0.0513513513513513,0.0567567567567567,0.054054054054054,0.0702702702702702,0.0513513513513513,,0.0621621621621621,0.0648648648648648,0.0648648648648648,0.0648648648648648,0.0405405405405405,0.0648648648648648,0.054054054054054,0.0378378378378378,0.0459459459459459,0.0513513513513513,0.0378378378378378,0.0351351351351351,0.0405405405405405,0.0405405405405405,,0.054054054054054,0.0459459459459459,0.039274924471299,0.0594594594594594,0.0459459459459459,0.054054054054054,0.0486486486486486,0.0378378378378378,0.0864864864864864,0.0756756756756756,0.1054054054054054,0.0567567567567567,,0.0405405405405405,0.0864864864864864,0.0243243243243243,0.0486486486486486,0.0405405405405405,0.0486486486486486,0.0864864864864864,0.0918918918918919,,,,,0.0918918918918919
HINFP__K562_essential,0.0,0.0202020202020202,0.0101010101010101,0.0,0.0101010101010101,0.0,0.0101010101010101,0.0101010101010101,0.0101010101010101,0.0303030303030303,0.0,0.0,0.0,,,,,,,,,,,,,0.0202020202020202,0.0,0.0303030303030303,0.0303030303030303,0.0,0.0303030303030303,0.0202020202020202,0.0101010101010101,0.0202020202020202,0.0202020202020202,,0.0202020202020202,0.0,0.0714285714285714,0.0101010101010101,0.0202020202020202,0.0202020202020202,0.0,0.0303030303030303,0.0,,,0.0,0.0303030303030303,0.0202020202020202,,0.0101010101010101,0.0101010101010101,0.0101010101010101,0.0,0.0,0.0,,,,,
HNF4A__PRJNA551220,0.0279329608938547,0.0055865921787709,0.0167597765363128,0.0335195530726257,0.0279329608938547,0.0055865921787709,0.0,0.0055865921787709,0.0167597765363128,0.0,0.0,0.0335195530726257,0.0335195530726257,0.0558659217877094,0.0111731843575419,0.0558659217877094,0.0223463687150838,0.0055865921787709,0.0335195530726257,0.0167597765363128,,0.0279329608938547,0.0111731843575419,0.0558659217877094,0.0558659217877094,0.4245810055865922,0.2513966480446927,0.4245810055865922,0.3072625698324022,0.0055865921787709,0.1284916201117318,0.0111731843575419,0.0223463687150838,0.4245810055865922,0.4245810055865922,0.4972067039106145,,0.3631284916201117,,,,,0.0558659217877094,0.0,0.4860335195530726,0.0055865921787709,0.0111731843575419,0.2737430167597765,,0.4134078212290503,0.0167597765363128,0.0111731843575419,0.2849162011173184,0.1675977653631284,0.217877094972067,0.4804469273743016,0.5642458100558659,0.4301675977653631,0.5027932960893855,0.7262569832402235,0.7597765363128491,0.5921787709497207
HOXA11__extend_61,0.5274725274725275,0.0439560439560439,0.1538461538461538,0.3296703296703296,0.6703296703296703,0.0329670329670329,0.0549450549450549,0.6373626373626373,0.6593406593406593,,0.0769230769230769,0.5384615384615384,0.5164835164835165,,,,,,,,,,,,,0.0439560439560439,0.0439560439560439,0.0439560439560439,0.0329670329670329,0.0329670329670329,0.0439560439560439,0.0439560439560439,,0.0659340659340659,0.0439560439560439,,0.0875,,0.0235294117647058,0.0439560439560439,0.1318681318681318,0.0,0.1098901098901098,0.0329670329670329,0.1208791208791208,,,,,0.0439560439560439,,0.6703296703296703,,0.8131868131868132,0.7802197802197802,0.1648351648351648,0.0659340659340659,,,,,
HOXA13__PRJNA551220,0.0472103004291845,0.0343347639484978,0.0300429184549356,0.0429184549356223,0.03862660944206,0.0429184549356223,0.0042918454935622,0.0128755364806866,0.0300429184549356,0.0042918454935622,0.0085836909871244,0.0515021459227467,0.0515021459227467,,,,,,,,,,,,,0.0042918454935622,0.0,0.0,0.0,0.0171673819742489,0.0042918454935622,0.0171673819742489,0.0,0.0042918454935622,0.0042918454935622,,,,,,,,0.0128755364806866,0.0,0.2575107296137339,,,0.0085836909871244,,0.0042918454935622,,0.0128755364806866,0.0042918454935622,0.223175965665236,0.2060085836909871,0.2446351931330472,0.2403433476394849,,,,,
HOXB9__PRJNA551220,0.0221327967806841,0.0140845070422535,0.028169014084507,0.0160965794768611,0.0301810865191146,0.0221327967806841,0.0160965794768611,0.0181086519114688,0.0321931589537223,0.0201207243460764,0.0201207243460764,0.0201207243460764,0.0221327967806841,,,,,,,,,,,,,,,,,,,,,,,,0.0286885245901639,0.0885311871227364,0.0062111801242236,,,,0.0120724346076458,0.0060362173038229,0.4064386317907444,,,,,,,,,0.3822937625754527,0.3883299798792756,0.4325955734406438,0.4325955734406438,,,,,0.2676056338028169
HOXC13__PRJNA551220,0.05,0.0033333333333333,0.0066666666666666,0.0333333333333333,0.0466666666666666,0.0066666666666666,0.0166666666666666,0.0166666666666666,0.04,0.01,0.0033333333333333,0.0466666666666666,0.0566666666666666,,,,,,,,,,,,,0.0166666666666666,0.0233333333333333,0.0166666666666666,0.01,0.0166666666666666,0.0033333333333333,0.01,0.01,0.0166666666666666,0.0166666666666666,,0.0133779264214046,0.0466666666666666,0.0551724137931034,,,,0.0433333333333333,0.0,0.13,,,,,0.0166666666666666,,0.0466666666666666,,0.2166666666666666,0.2433333333333333,0.1666666666666666,0.1433333333333333,,,,,0.2366666666666666
HOXD13__exp8,0.1710526315789473,0.0230263157894736,0.1085526315789473,0.2171052631578947,0.1381578947368421,0.125,0.1677631578947368,0.0460526315789473,0.1644736842105263,0.0328947368421052,0.1085526315789473,0.1710526315789473,0.1743421052631578,,,,,,,,,,,,,0.0394736842105263,0.0493421052631578,0.0460526315789473,0.0493421052631578,0.0460526315789473,0.0625,0.0296052631578947,0.0296052631578947,0.0394736842105263,0.0394736842105263,,0.0594059405940594,,0.5928571428571429,0.0460526315789473,0.0789473684210526,0.0296052631578947,0.0296052631578947,0.0230263157894736,0.1907894736842105,,,,,0.0460526315789473,,0.1085526315789473,,0.7171052631578947,0.7203947368421053,0.375,0.1743421052631578,,,,,
HSF1__exp7,0.0602910602910602,0.1268191268191268,0.0893970893970894,0.106029106029106,0.0623700623700623,0.1247401247401247,0.0561330561330561,0.0935550935550935,0.0748440748440748,0.1122661122661122,0.0561330561330561,0.054054054054054,0.0498960498960499,0.0623700623700623,0.0831600831600831,0.0706860706860706,0.0644490644490644,0.0873180873180873,0.0706860706860706,0.1018711018711018,,0.1413721413721413,0.0623700623700623,0.0582120582120582,0.0623700623700623,0.0727650727650727,0.0623700623700623,0.0727650727650727,0.054054054054054,0.1288981288981289,0.0873180873180873,0.0831600831600831,0.1018711018711018,0.0727650727650727,0.0727650727650727,0.1309771309771309,0.15,0.1226611226611226,0.1282608695652174,0.079002079002079,0.0893970893970894,0.0748440748440748,0.0748440748440748,0.1309771309771309,0.0706860706860706,0.1081081081081081,0.1268191268191268,0.1351351351351351,,0.0748440748440748,0.079002079002079,0.0706860706860706,0.0623700623700623,0.0665280665280665,0.0831600831600831,0.0727650727650727,0.079002079002079,,,,,0.106029106029106
HSF1__exp8,0.0582750582750582,0.0769230769230769,0.0699300699300699,0.0559440559440559,0.0979020979020979,0.0396270396270396,0.0699300699300699,0.0466200466200466,0.0675990675990676,0.0652680652680652,0.0559440559440559,0.0652680652680652,0.0629370629370629,0.0839160839160839,0.0489510489510489,0.0815850815850815,0.0652680652680652,0.0606060606060606,0.0792540792540792,0.0675990675990676,,0.0675990675990676,0.0839160839160839,0.0862470862470862,0.0839160839160839,0.0722610722610722,0.0979020979020979,0.0582750582750582,0.0862470862470862,0.0722610722610722,0.0699300699300699,0.0722610722610722,0.0582750582750582,0.0722610722610722,0.0722610722610722,0.0652680652680652,0.0279720279720279,0.0815850815850815,0.0481927710843373,0.0629370629370629,0.0745920745920745,0.0745920745920745,0.0536130536130536,0.0419580419580419,0.0629370629370629,0.0442890442890442,0.0955710955710955,0.0396270396270396,,0.0769230769230769,0.0582750582750582,0.0629370629370629,0.0862470862470862,0.0489510489510489,0.0606060606060606,0.0629370629370629,0.0652680652680652,0.0582750582750582,0.0675990675990676,0.0815850815850815,0.0769230769230769,0.1561771561771562
IKZF3__PRJNA551220,0.0262697022767075,0.010507880910683,0.0122591943957968,0.0245183887915936,0.0140105078809106,0.031523642732049,0.0035026269702276,0.0140105078809106,0.0175131348511383,0.0227670753064798,0.0122591943957968,0.0245183887915936,0.0280210157618213,,,,,,,,,,,,,0.0052539404553415,0.0245183887915936,0.0017513134851138,0.021015761821366,0.0087565674255691,0.0017513134851138,0.0262697022767075,0.0192644483362521,0.0052539404553415,0.0052539404553415,,0.0429338103756708,,0.0353159851301115,,,,0.0350262697022767,0.0087565674255691,0.1768826619964973,,,0.0227670753064798,,0.0070052539404553,,0.021015761821366,0.0140105078809106,0.1366024518388791,0.1786339754816112,0.201401050788091,0.1768826619964973,,,,,
IRF1__PRJNA551220,0.181578947368421,0.0157894736842105,0.1105263157894736,0.2342105263157894,0.2578947368421053,0.0026315789473684,0.2,0.0421052631578947,0.1605263157894736,0.181578947368421,0.0105263157894736,0.181578947368421,0.1421052631578947,0.5,0.35,0.4710526315789474,0.5184210526315789,0.0078947368421052,0.2342105263157894,0.0342105263157894,,0.1526315789473684,0.1421052631578947,0.5105263157894737,0.5,0.6473684210526316,0.5,0.6552631578947369,0.6,0.0473684210526315,0.4052631578947368,0.031578947368421,0.0578947368421052,0.6473684210526316,0.6473684210526316,0.9,0.0828402366863905,,0.010752688172043,,,,0.1236842105263157,0.031578947368421,0.7684210526315789,0.0289473684210526,0.0289473684210526,0.2631578947368421,,0.6394736842105263,0.4342105263157895,0.0973684210526315,0.4973684210526315,0.6973684210526315,0.7947368421052632,0.8105263157894737,0.7973684210526316,0.8973684210526316,0.8763157894736842,0.9552631578947368,0.7894736842105263,0.8973684210526316
IRF1__exp8,0.0943396226415094,0.0566037735849056,0.0660377358490566,0.110062893081761,0.1415094339622641,0.0314465408805031,0.160377358490566,0.0471698113207547,0.1289308176100629,0.0471698113207547,0.0188679245283018,0.0943396226415094,0.0723270440251572,0.320754716981132,0.1383647798742138,0.330188679245283,0.2138364779874214,0.0251572327044025,0.2672955974842767,0.040880503144654,,0.0691823899371069,0.2955974842767295,0.320754716981132,0.320754716981132,0.4842767295597484,0.2578616352201258,0.5094339622641509,0.3805031446540881,0.050314465408805,0.4119496855345912,0.0786163522012578,0.0660377358490566,0.4842767295597484,0.4842767295597484,0.60062893081761,0.0911949685534591,,0.0293159609120521,0.1415094339622641,0.5943396226415094,0.7421383647798742,0.1037735849056603,0.0345911949685534,0.6666666666666666,0.0597484276729559,0.0440251572327044,0.0188679245283018,,0.4685534591194968,0.1729559748427672,0.0377358490566037,0.3364779874213836,0.4276729559748428,0.5691823899371069,0.6226415094339622,0.660377358490566,0.2075471698113207,0.3364779874213836,0.7515723270440252,0.6949685534591195,0.6383647798742138
ISL2__PRJNA551220,,0.0,,,,,,,,,,,,,,,,,,,,,,,,0.0,0.0,0.0067114093959731,0.0134228187919463,0.0067114093959731,0.0,0.0,0.0067114093959731,0.0,0.0,,0.0067567567567567,0.0067114093959731,0.0,,,,0.0,0.0,0.0201342281879194,,,0.0201342281879194,,0.0,,,0.0067114093959731,0.0134228187919463,0.0067114093959731,0.0134228187919463,0.0201342281879194,,,,,
JUN__PRJNA551220,0.0097560975609756,0.0097560975609756,0.024390243902439,0.0146341463414634,0.0195121951219512,0.0048780487804878,0.0,0.0048780487804878,0.0146341463414634,0.0097560975609756,0.0097560975609756,0.0097560975609756,0.0097560975609756,0.0097560975609756,0.024390243902439,0.0097560975609756,0.0048780487804878,0.0146341463414634,0.0146341463414634,0.0048780487804878,,0.0048780487804878,0.0097560975609756,0.0097560975609756,0.0097560975609756,0.0097560975609756,0.0097560975609756,0.0146341463414634,0.0146341463414634,0.0097560975609756,0.0,0.0195121951219512,0.0048780487804878,0.0097560975609756,0.0097560975609756,0.0536585365853658,0.0,0.0195121951219512,0.005050505050505,,,,0.0097560975609756,0.0,0.0341463414634146,0.0048780487804878,0.0,0.0097560975609756,,0.0097560975609756,0.0048780487804878,0.0341463414634146,0.0048780487804878,0.0439024390243902,0.0292682926829268,0.0341463414634146,0.0341463414634146,0.048780487804878,0.0292682926829268,0.0536585365853658,0.048780487804878,0.0585365853658536
JUN__exp7,0.0338345864661654,0.0639097744360902,0.037593984962406,0.037593984962406,0.0300751879699248,0.0827067669172932,0.0488721804511278,0.0526315789473684,0.056390977443609,0.0526315789473684,0.037593984962406,0.0451127819548872,0.0413533834586466,0.0338345864661654,0.037593984962406,0.0601503759398496,0.0263157894736842,0.056390977443609,0.0601503759398496,0.0639097744360902,,0.0864661654135338,0.0338345864661654,0.0300751879699248,0.0338345864661654,0.056390977443609,0.0639097744360902,0.0451127819548872,0.0676691729323308,0.0827067669172932,0.0413533834586466,0.0601503759398496,0.0827067669172932,0.056390977443609,0.056390977443609,0.0225563909774436,0.0641509433962264,0.0413533834586466,0.0604838709677419,0.0676691729323308,0.0338345864661654,0.0601503759398496,0.0676691729323308,0.0601503759398496,0.0263157894736842,0.0263157894736842,0.0714285714285714,0.056390977443609,,0.0526315789473684,0.0225563909774436,0.056390977443609,0.056390977443609,0.0112781954887218,0.018796992481203,0.0075187969924812,0.0037593984962406,0.0263157894736842,0.0263157894736842,0.0338345864661654,0.0526315789473684,0.0338345864661654
KLF1__PRJNA551220,0.2295081967213114,0.0778688524590164,0.2862997658079625,0.1779859484777517,0.1791569086651054,0.0515222482435597,0.1885245901639344,0.0497658079625292,0.142271662763466,0.1088992974238875,0.2295081967213114,0.2289227166276346,0.2295081967213114,,,,,,,,,,,,,0.1978922716627634,0.1504683840749414,0.1814988290398126,0.1832552693208431,0.1194379391100702,0.1861826697892271,0.1346604215456674,0.1036299765807962,0.1978922716627634,0.1978922716627634,0.5175644028103045,0.1551376762928139,0.0673302107728337,0.2448255470136014,,,,0.142271662763466,0.1223653395784543,0.5538641686182669,0.5497658079625293,,0.0556206088992974,,0.2008196721311475,,0.2763466042154566,0.1492974238875878,0.5597189695550351,0.5304449648711944,0.5374707259953162,0.5579625292740047,0.3489461358313817,0.3114754098360656,0.7066744730679156,0.5117096018735363,0.7078454332552693
KLF1__exp8,0.3134328358208955,0.0746268656716417,0.3482587064676617,0.1965174129353233,0.2711442786069651,0.0522388059701492,0.2189054726368159,0.044776119402985,0.1766169154228855,0.0796019900497512,0.3134328358208955,0.3283582089552239,0.3134328358208955,,,,,,,,,,,,,0.1567164179104477,0.1318407960199005,0.1766169154228855,0.1368159203980099,0.0845771144278607,0.126865671641791,0.099502487562189,0.1069651741293532,0.1567164179104477,0.1567164179104477,0.7487562189054726,0.0972568578553615,0.154228855721393,0.2782152230971129,0.0671641791044776,0.1368159203980099,0.0572139303482587,0.1293532338308457,0.1194029850746268,0.6592039800995025,0.1567164179104477,,0.2412935323383084,,0.1467661691542288,,0.3532338308457711,0.1318407960199005,0.7164179104477612,0.6840796019900498,0.8059701492537313,0.6417910447761194,0.5497512437810945,0.4378109452736318,0.7711442786069652,0.7238805970149254,0.681592039800995
KLF4__extend_61,0.1,0.1945945945945946,0.0918918918918919,0.1162162162162162,0.1135135135135135,0.1243243243243243,0.1216216216216216,0.0945945945945946,0.1945945945945946,,0.0972972972972973,0.1,0.1162162162162162,0.1864864864864865,0.1648648648648648,0.1891891891891892,0.1837837837837838,0.1513513513513513,0.1945945945945946,0.1,,,0.1864864864864865,0.1864864864864865,0.1864864864864865,0.1918918918918919,0.1783783783783784,0.1756756756756756,0.1783783783783784,0.1594594594594594,0.1837837837837838,0.1405405405405405,,0.1918918918918919,0.1918918918918919,0.154054054054054,0.1921921921921922,0.1810810810810811,0.2017045454545454,0.1324324324324324,0.2702702702702703,0.254054054054054,0.3108108108108108,0.1162162162162162,0.1162162162162162,0.0594594594594594,0.1702702702702702,0.327027027027027,,0.1945945945945946,0.1810810810810811,0.1297297297297297,0.1837837837837838,0.1486486486486486,0.1486486486486486,0.127027027027027,0.1135135135135135,0.154054054054054,0.1567567567567567,0.1621621621621621,0.1513513513513513,
LHX1__PRJNA551220,0.005813953488372,0.0174418604651162,0.0145348837209302,0.0087209302325581,0.002906976744186,0.0116279069767441,0.005813953488372,0.005813953488372,0.002906976744186,0.0087209302325581,0.005813953488372,0.005813953488372,0.005813953488372,,,,,,,,,,,,,,,,,,,,,,,0.6947674418604651,0.0850439882697947,,0.0383480825958702,,,,0.0261627906976744,0.0,0.3343023255813953,,,,,,,0.0087209302325581,,0.5494186046511628,0.625,0.502906976744186,0.3343023255813953,0.5755813953488372,0.4534883720930232,0.4040697674418604,0.3720930232558139,
LHX3__pilot_14,0.072,0.064,0.048,0.1,0.06,0.04,0.076,0.044,0.044,0.096,0.088,0.076,0.072,,,,,,,,,,,,,,,,,,,,,,,,,,,0.044,0.084,,0.076,0.06,0.056,,,,,,,0.052,,0.036,0.044,0.044,0.052,,,,,
LHX4__exp8,0.0384615384615384,0.0,0.0192307692307692,0.0384615384615384,0.0192307692307692,0.0384615384615384,0.0,0.0192307692307692,0.0192307692307692,0.0,0.0384615384615384,0.0384615384615384,0.0384615384615384,,,,,,,,,,,,,,,,,,,,,,,,,,0.0,0.0,0.0,0.0,0.0,0.0,0.1346153846153846,,,,,,,0.0192307692307692,,0.6346153846153846,0.6346153846153846,0.4230769230769231,0.1346153846153846,,,,,
LYL1__PRJNA551220,0.0,0.0168067226890756,0.0084033613445378,0.0042016806722689,0.0,0.0,0.0084033613445378,0.0042016806722689,0.0,0.0,0.0,0.0,0.0,0.0042016806722689,0.0042016806722689,0.0084033613445378,0.0042016806722689,0.0,0.0084033613445378,0.0084033613445378,,0.0084033613445378,0.0042016806722689,0.0,0.0042016806722689,0.0,0.0,0.0,0.0,0.0168067226890756,0.0,0.0126050420168067,0.0126050420168067,0.0,0.0,,0.0087719298245614,,0.0042194092827004,,,,0.0,0.0126050420168067,0.0084033613445378,,,0.0,,0.0,,0.0084033613445378,0.0,0.0042016806722689,0.0042016806722689,0.0,0.0084033613445378,,,,,
MAX__K562_essential,0.0061728395061728,0.0061728395061728,0.0493827160493827,0.0,0.0,0.0,0.0,0.037037037037037,0.0061728395061728,0.0061728395061728,0.0061728395061728,0.0061728395061728,0.0061728395061728,0.0679012345679012,0.0802469135802469,0.037037037037037,0.074074074074074,0.0123456790123456,0.037037037037037,0.0555555555555555,,0.0061728395061728,0.0679012345679012,0.074074074074074,0.0679012345679012,0.0,0.0061728395061728,0.0,0.0,0.0,0.0,0.0061728395061728,0.0,0.0,0.0,0.0061728395061728,0.0061728395061728,0.0,0.0,0.0185185185185185,0.0123456790123456,0.0061728395061728,0.0,0.0555555555555555,0.0185185185185185,0.0987654320987654,,0.0246913580246913,0.0864197530864197,0.0,0.0432098765432098,0.0,0.0,0.0802469135802469,0.0061728395061728,0.0185185185185185,0.0123456790123456,,,,,0.0246913580246913
MAX__PRJNA524331,0.0058479532163742,0.0818713450292397,0.0292397660818713,0.0,0.0,0.0526315789473684,0.0175438596491228,0.0116959064327485,0.0,0.0058479532163742,0.023391812865497,0.0058479532163742,0.0058479532163742,0.0350877192982456,0.0350877192982456,0.0409356725146198,0.0175438596491228,0.023391812865497,0.0526315789473684,0.023391812865497,0.0350877192982456,0.0467836257309941,0.0350877192982456,0.0292397660818713,0.0350877192982456,0.0292397660818713,0.0,0.0526315789473684,0.0175438596491228,0.0175438596491228,0.0350877192982456,0.0058479532163742,0.0467836257309941,0.0292397660818713,0.0292397660818713,0.0350877192982456,0.0,0.0526315789473684,0.023391812865497,0.0175438596491228,0.023391812865497,0.0526315789473684,0.0292397660818713,0.0292397660818713,0.0116959064327485,0.023391812865497,,0.023391812865497,,0.0292397660818713,0.0292397660818713,0.0116959064327485,0.0116959064327485,0.0058479532163742,0.0,0.0058479532163742,0.0058479532163742,0.1286549707602339,0.0935672514619883,0.0292397660818713,0.0409356725146198,0.0116959064327485
MAX__RPE1_essential,0.0,0.027027027027027,0.0,0.0,0.0,0.0135135135135135,0.0,0.0135135135135135,0.0135135135135135,0.0,0.0,0.0,0.0,0.0135135135135135,0.054054054054054,0.0,0.0,0.0,0.0135135135135135,0.0135135135135135,0.0,0.0,0.0135135135135135,0.0135135135135135,0.0135135135135135,0.0135135135135135,0.0,0.0135135135135135,0.0,0.0,0.0,0.0,0.0135135135135135,0.0,0.0135135135135135,0.0,0.0135135135135135,0.0,0.0,0.0,0.0135135135135135,0.0135135135135135,0.0,0.0,0.0,0.0,,0.027027027027027,,0.0135135135135135,0.0135135135135135,0.0,0.0,0.0135135135135135,0.027027027027027,0.0,0.0,0.0,0.0,0.0,0.0,0.0
MEIS1__PRJNA551220,0.0053763440860215,0.010752688172043,0.0053763440860215,0.010752688172043,0.0053763440860215,0.0,0.0053763440860215,0.0,0.010752688172043,0.010752688172043,0.0161290322580645,0.0053763440860215,0.0053763440860215,,,,,,,,,,,,,0.0,0.0,0.0053763440860215,0.0,0.010752688172043,0.0053763440860215,0.0,0.0053763440860215,0.0,0.0,,0.005524861878453,0.0,0.0,,,,0.0053763440860215,0.0053763440860215,0.0,,,0.0,,0.0,,0.0053763440860215,0.010752688172043,0.0053763440860215,0.0,0.0,0.0,,,,,
MEIS2__exp8,0.0523076923076923,0.04,0.043076923076923,0.0523076923076923,0.0492307692307692,0.0461538461538461,0.043076923076923,0.0553846153846153,0.043076923076923,0.0246153846153846,0.0246153846153846,0.0523076923076923,0.0523076923076923,,,,,,,,,,,,,0.04,0.0676923076923076,0.0246153846153846,0.0676923076923076,0.0276923076923076,0.0215384615384615,0.0553846153846153,0.0307692307692307,0.04,0.04,,0.0492307692307692,0.0615384615384615,0.0516129032258064,0.04,0.0276923076923076,0.0092307692307692,0.0738461538461538,0.0184615384615384,0.3076923076923077,,,0.0246153846153846,,0.0276923076923076,,0.0369230769230769,0.0615384615384615,0.7292307692307692,0.5969230769230769,0.6738461538461539,0.3046153846153846,,,,,
MITF__extend_61,0.0833333333333333,0.0416666666666666,0.0416666666666666,0.0416666666666666,0.0833333333333333,0.0208333333333333,0.0208333333333333,0.0208333333333333,0.0833333333333333,,0.0416666666666666,0.0833333333333333,0.0833333333333333,0.0833333333333333,0.0625,0.1041666666666666,0.0625,0.0208333333333333,0.0625,0.0416666666666666,,,0.0416666666666666,0.0833333333333333,0.0833333333333333,0.2708333333333333,0.0833333333333333,0.2291666666666666,0.1666666666666666,0.1458333333333333,0.2708333333333333,0.0,,0.2708333333333333,0.2708333333333333,,0.0,0.1458333333333333,0.0652173913043478,0.0625,0.2708333333333333,0.2083333333333333,0.0208333333333333,0.1041666666666666,0.0208333333333333,0.0,0.0,0.0,,0.2708333333333333,0.0416666666666666,0.0625,0.0833333333333333,0.0,0.0208333333333333,0.0208333333333333,0.0208333333333333,,,,,
MITF__pilot_14,0.4561855670103092,0.0747422680412371,0.384020618556701,0.4355670103092783,0.4974226804123711,0.0902061855670103,0.4201030927835051,0.2139175257731958,0.4458762886597938,0.1237113402061855,0.211340206185567,0.4536082474226804,0.461340206185567,0.5927835051546392,0.4587628865979381,0.5773195876288659,0.5670103092783505,0.1262886597938144,0.520618556701031,0.1623711340206185,,0.1108247422680412,0.2319587628865979,0.5747422680412371,0.5927835051546392,0.2577319587628865,0.2886597938144329,0.229381443298969,0.2628865979381443,0.1314432989690721,0.2216494845360824,0.1237113402061855,0.0902061855670103,0.2577319587628865,0.2577319587628865,,0.1201044386422976,0.6314432989690721,0.0467532467532467,0.5721649484536082,0.6855670103092784,0.0438144329896907,0.306701030927835,0.0824742268041237,0.1185567010309278,0.2164948453608247,0.4561855670103092,0.6701030927835051,,0.2706185567010309,0.5128865979381443,0.3479381443298969,0.2448453608247422,0.0773195876288659,0.0824742268041237,0.1314432989690721,0.134020618556701,,,,,
MIXL1__PRJNA524331,0.0,0.069377990430622,0.0071770334928229,0.0023923444976076,0.0,0.0741626794258373,0.0023923444976076,0.0741626794258373,0.0023923444976076,0.0598086124401913,0.0,0.0,0.0,,,,,,,,,,,,,0.0598086124401913,0.0717703349282296,0.0598086124401913,0.0861244019138756,0.0382775119617224,0.069377990430622,0.0909090909090909,0.0382775119617224,0.0598086124401913,0.0598086124401913,,0.0147058823529411,0.0645933014354067,0.0024038461538461,0.062200956937799,0.0669856459330143,0.0502392344497607,0.0287081339712918,0.069377990430622,0.0023923444976076,,,0.0071770334928229,,0.0574162679425837,,0.0,0.0478468899521531,0.0023923444976076,0.0023923444976076,0.0023923444976076,0.0,,,,,
MYBL2__K562_essential,0.0,0.0,0.0,0.0,0.0,0.0,0.0,0.0,0.0,0.0,0.0,0.0,0.0,0.0,0.0,0.0,0.0,0.0,0.0,0.0,,0.027027027027027,0.0,0.0,0.0,0.0,0.0,0.0,0.0,0.0,0.0,0.0,0.0,0.0,0.0,,0.0,0.0,0.0,0.0,0.0,0.0,0.0,0.027027027027027,0.0,0.0,,0.027027027027027,0.0,0.0,0.0,0.0,0.0,0.0,0.0,0.0,0.0,,,,,
MYBL2__RPE1_essential,0.015625,0.0390625,0.01953125,0.02734375,0.0234375,0.01171875,0.01171875,0.015625,0.0234375,0.03515625,0.01171875,0.01171875,0.015625,0.0,0.015625,0.0,0.0,0.0390625,0.0,0.015625,0.00390625,0.015625,0.0,0.0,0.0,0.01171875,0.0078125,0.0078125,0.015625,0.01953125,0.0078125,0.00390625,0.0,0.01171875,0.01171875,0.01171875,0.0,0.03125,0.008,0.03125,0.02734375,0.015625,0.03515625,0.00390625,0.02734375,0.02734375,,0.015625,,0.01171875,0.0078125,0.02734375,0.01953125,0.0078125,0.046875,0.01953125,0.0390625,0.00390625,0.0,0.01171875,0.0,0.01171875
MYC__RPE1_essential,0.0,0.0,0.0,0.0,0.0,0.0,0.0,0.0,0.0,0.0,0.0,0.0,0.0,0.0,0.0,0.0,0.0,0.0,0.0,0.0,0.0,0.0,0.0,0.0,0.0,0.0,0.0,0.0,0.0,0.0,0.0,0.0,0.0,0.0,0.0,,0.0,0.0,0.0,0.0,0.0,0.0,0.0,0.0136986301369863,0.0136986301369863,0.0,0.0136986301369863,0.0,,0.0,0.0,0.0,0.0,0.1095890410958904,0.0,0.0,0.0,,,,,0.0821917808219178
MYC__WTX_DIFFEX,0.0736622654621264,0.1014593467685893,0.0708825573314801,0.0826963168867268,0.0639332870048644,0.0826963168867268,0.0687977762334954,0.0785267546907574,0.0639332870048644,0.0875608061153578,0.0799166087560806,0.0736622654621264,0.0687977762334954,0.0785267546907574,0.074357192494788,0.0910354412786657,0.0750521195274496,0.0833912439193884,0.0674079221681723,0.0833912439193884,,0.0945100764419736,0.0785267546907574,0.0764419735927727,0.0785267546907574,0.0722724113968033,0.0667129951355107,0.0833912439193884,0.0687977762334954,0.0813064628214037,0.0681028492008339,0.0826963168867268,0.0833912439193884,0.0722724113968033,0.0722724113968033,0.0715774843641417,0.0786598689002185,0.0820013898540653,0.0756602426837972,0.0799166087560806,0.0778318276580959,0.06810284920083391,0.0736622654621264,0.0820013898540653,0.088950660180681,0.0562890896455872,0.1236970118137595,0.0854760250173731,0.0847810979847116,0.0701876302988186,0.0826963168867268,0.0778318276580959,0.0736622654621264,0.0833912439193884,0.0882557331480194,0.079221681723419,0.08408617095205,0.0757470465601111,0.0847810979847116,0.0785267546907574,0.0833912439193884,0.0750521195274496
NEUROD1__exp8,0.06,0.048,0.072,0.032,0.032,0.036,0.04,0.02,0.032,0.024,0.056,0.06,0.056,,,,,,,,,,,,,0.02,0.004,0.02,0.072,0.012,0.012,0.028,0.016,0.02,0.02,0.32,0.016,0.18,0.2838427947598253,0.036,0.128,0.044,0.036,0.012,0.616,0.004,,0.084,,0.012,,0.056,0.016,0.58,0.636,0.74,0.608,0.312,0.344,0.372,0.38,
NEUROD1__extend_61,0.04,0.04,0.12,0.06,0.14,0.04,0.06,0.1,0.16,,0.12,0.02,0.04,,,,,,,,,,,,,0.0,0.0,0.0,0.08,0.0,0.02,0.0,,0.0,0.0,0.42,,0.08,,0.02,0.2,0.0,0.0,0.0,0.16,0.0,,0.0,,0.0,,0.08,0.02,0.26,0.22,0.2,0.18,0.4,0.42,0.4,0.26,0.48
NEUROD1__pilot_14,0.0891719745222929,0.10828025477707,0.1146496815286624,0.1146496815286624,0.1019108280254777,0.0318471337579617,0.0445859872611464,0.0700636942675159,0.0891719745222929,0.0127388535031847,0.0509554140127388,0.0891719745222929,0.0955414012738853,,,,,,,,,,,,,0.0127388535031847,0.0636942675159235,0.0254777070063694,0.1210191082802547,0.0,0.019108280254777,0.0509554140127388,0.0382165605095541,0.0127388535031847,0.0127388535031847,0.3821656050955414,,0.5668789808917197,,0.019108280254777,0.1656050955414012,0.2229299363057325,0.0254777070063694,0.0,0.1592356687898089,0.0,,0.0127388535031847,,0.0127388535031847,,0.0955414012738853,0.0573248407643312,0.1337579617834395,0.1464968152866242,0.1592356687898089,0.1592356687898089,0.4267515923566879,0.4012738853503185,0.3566878980891719,0.2229299363057325,0.6878980891719745
NEUROG1__extend_61,0.0,0.0114942528735632,0.0689655172413793,0.0229885057471264,0.0,0.0229885057471264,0.0459770114942528,0.0114942528735632,0.0,,0.0344827586206896,0.0114942528735632,0.0114942528735632,,,,,,,,,,,,,,,,,,,,,,,,,0.1149425287356321,,0.0114942528735632,0.0344827586206896,,0.0,0.0114942528735632,0.0459770114942528,,,,,,,0.0229885057471264,,0.0459770114942528,0.057471264367816,0.057471264367816,0.0459770114942528,,,,,
NEUROG1__pilot_14,0.2841163310961969,0.0984340044742729,0.076062639821029,0.232662192393736,0.2393736017897091,0.1498881431767337,0.0939597315436241,0.2080536912751678,0.2080536912751678,0.0492170022371364,0.0604026845637583,0.2796420581655481,0.2818791946308724,,,,,,,,,,,,,,,,,,,,,,,,,0.1767337807606264,,0.1610738255033557,0.1319910514541387,,0.1073825503355704,0.0604026845637583,0.0939597315436241,,,,,,,0.2572706935123042,,0.1029082774049217,0.0984340044742729,0.0827740492170022,0.0984340044742729,,,,,
NEUROG2__exp8,0.05,0.03125,0.03125,0.05,0.0375,0.0125,0.0375,0.03125,0.0375,0.0125,0.025,0.04375,0.05625,,,,,,,,,,,,,,,,,,,,,,,,,0.03125,,0.0125,0.075,,0.01875,0.025,0.20625,,,,,,,0.04375,,0.6625,0.64375,0.575,0.2,,,,,
NFE2L2__PRJNA524331,0.0,0.0239520958083832,0.0,0.0,0.0,0.0,0.0,0.0,0.0059880239520958,0.0239520958083832,0.0,0.0,0.0,0.0,0.0,0.0059880239520958,0.0,0.0538922155688622,0.0059880239520958,0.029940119760479,0.0,0.0239520958083832,0.0,0.0,0.0,0.0,0.0,0.0,0.0,0.0059880239520958,0.0,0.0119760479041916,0.029940119760479,0.0,0.0,0.0778443113772455,0.0070422535211267,,0.0,0.0119760479041916,0.0,0.029940119760479,0.0,0.0239520958083832,0.0,0.0,0.0898203592814371,0.0359281437125748,,0.0,0.0,0.0119760479041916,0.0,0.0,0.0,0.0,0.0,0.0718562874251497,0.0718562874251497,0.0718562874251497,0.0658682634730539,0.0239520958083832
NFYB__RPE1_essential,0.0138888888888888,0.0138888888888888,0.0,0.0277777777777777,0.0,0.0,0.0,0.0277777777777777,0.0277777777777777,0.0138888888888888,0.0,0.0,0.0,0.0,0.0,0.0,0.0,0.0,0.0,0.0,0.0,0.0,0.0,0.0,0.0,0.0,0.0,0.0,0.0,0.0,0.0,0.0,0.0,0.1944444444444444,0.0,0.0,0.0,0.0,0.0,0.0,0.0138888888888888,0.0,0.0,0.0277777777777777,0.0,0.0,0.0138888888888888,0.0,,0.0,0.0,0.0138888888888888,0.0,0.0,0.0,0.0,0.0,0.0138888888888888,0.0277777777777777,0.0138888888888888,0.0138888888888888,0.0
NFYC__RPE1_essential,0.0,0.0092592592592592,0.0,0.0277777777777777,0.0,0.0092592592592592,0.0092592592592592,0.0,0.0,0.0185185185185185,0.0185185185185185,0.0,0.0,0.0,0.0,0.0185185185185185,0.0185185185185185,0.0185185185185185,0.0,0.0277777777777777,0.0092592592592592,0.0,0.0185185185185185,0.0092592592592592,0.0,0.0,0.0,0.0,0.0,0.0,0.0,0.0,0.0,0.0,0.0,,0.0,0.0092592592592592,0.0,0.0,0.0092592592592592,0.0092592592592592,0.0,0.0,0.0,,,0.0,,0.0,0.0,0.0,0.0,0.0,0.0,0.0,0.0,,,,,0.0092592592592592
NR2F2__CRISPRa,0.3333333333333333,0.2093023255813953,0.3720930232558139,0.2868217054263566,0.3410852713178294,0.1317829457364341,0.1937984496124031,0.1860465116279069,0.3953488372093023,0.1395348837209302,0.0852713178294573,0.3410852713178294,0.2868217054263566,0.3100775193798449,0.3178294573643411,0.3023255813953488,0.3023255813953488,0.2790697674418604,0.3023255813953488,0.2945736434108527,,0.2945736434108527,0.2325581395348837,0.3100775193798449,0.3100775193798449,0.3410852713178294,0.2945736434108527,0.3100775193798449,0.2945736434108527,0.1860465116279069,0.3100775193798449,0.2170542635658914,0.1705426356589147,0.3410852713178294,0.3410852713178294,0.5968992248062015,0.5284552845528455,0.0077519379844961,0.1935483870967742,0.1937984496124031,0.3720930232558139,0.1937984496124031,0.1395348837209302,0.1317829457364341,0.2248062015503876,0.2790697674418604,,0.2480620155038759,,0.3565891472868217,0.3178294573643411,0.3488372093023256,0.3488372093023256,0.2403100775193798,0.2713178294573643,0.3720930232558139,0.2868217054263566,0.6124031007751938,0.6124031007751938,0.5503875968992248,0.4651162790697674,0.6434108527131783
NRF1__exp8,0.0610932475884244,0.0257234726688102,0.045016077170418,0.0643086816720257,0.0643086816720257,0.0353697749196141,0.0482315112540192,0.0482315112540192,0.0578778135048231,0.0321543408360128,0.0482315112540192,0.0578778135048231,0.0610932475884244,0.0643086816720257,0.0482315112540192,0.0610932475884244,0.0610932475884244,0.0385852090032154,0.0707395498392283,0.067524115755627,,0.0353697749196141,0.0643086816720257,0.0643086816720257,0.0643086816720257,0.0514469453376205,0.0385852090032154,0.045016077170418,0.0546623794212218,0.0482315112540192,0.0482315112540192,0.0578778135048231,0.022508038585209,0.0514469453376205,0.0514469453376205,,0.0257234726688102,,0.0301003344481605,0.022508038585209,0.0868167202572347,0.0643086816720257,0.045016077170418,0.0514469453376205,0.0482315112540192,0.0514469453376205,0.0353697749196141,0.0482315112540192,,0.0578778135048231,0.0578778135048231,0.0482315112540192,0.0643086816720257,0.0321543408360128,0.0514469453376205,0.0385852090032154,0.0418006430868167,,,,,
NRL__pilot_14,0.048780487804878,0.024390243902439,0.048780487804878,0.065040650406504,0.056910569105691,0.048780487804878,0.048780487804878,0.048780487804878,0.032520325203252,0.040650406504065,0.016260162601626,0.048780487804878,0.048780487804878,,,,,,,,,,,,,0.008130081300813,0.008130081300813,0.0,0.016260162601626,0.016260162601626,0.008130081300813,0.008130081300813,0.008130081300813,0.008130081300813,0.008130081300813,,0.065040650406504,0.032520325203252,0.0082644628099173,0.0,0.065040650406504,0.016260162601626,0.0,0.0,0.065040650406504,0.008130081300813,,0.1056910569105691,,0.008130081300813,,0.056910569105691,0.032520325203252,0.032520325203252,0.032520325203252,0.048780487804878,0.065040650406504,,,,,
ONECUT1__extend_61,0.11,0.03,0.09,0.09,0.09,0.09,0.07,0.03,0.11,,0.02,0.1,0.11,,,,,,,,,,,,,0.04,0.07,0.02,0.04,0.01,0.01,0.05,,0.04,0.04,,0.010752688172043,0.39,0.0515463917525773,0.06,0.06,0.0,0.03,0.04,0.27,0.04,,0.03,,0.02,,0.08,0.04,0.47,0.43,0.28,0.27,,,,,
OSR2__PRJNA551220,,0.0387409200968523,,,,,,,,,,,,,,,,,,,,,,,,0.0665859564164648,0.0484261501210653,0.049636803874092,0.0617433414043583,0.0290556900726392,0.0556900726392251,0.0435835351089588,0.0351089588377723,0.0665859564164648,0.0665859564164648,,0.3812580231065468,0.1513317191283293,0.2306748466257668,,,,0.0544794188861985,0.0411622276029055,0.6222760290556901,,,0.0968523002421307,,0.0690072639225181,,,0.0326876513317191,0.6428571428571429,0.7130750605326877,0.7324455205811138,0.6476997578692494,,,,,0.0835351089588377
OTX2__extend_61,0.0,0.0227272727272727,0.0,0.0227272727272727,0.0,0.0,0.0454545454545454,0.0227272727272727,0.0,,0.0227272727272727,0.0,0.0,0.0,0.0,0.0227272727272727,0.0,0.0454545454545454,0.0227272727272727,0.0,,,0.0,0.0227272727272727,0.0,0.0681818181818181,0.0909090909090909,0.0681818181818181,0.0454545454545454,0.0,0.0454545454545454,0.0,,0.0681818181818181,0.0681818181818181,,0.0,0.0,0.0,0.0,0.0227272727272727,0.0454545454545454,0.0,0.0227272727272727,0.0454545454545454,0.0227272727272727,,0.0227272727272727,,0.0227272727272727,0.0,0.0227272727272727,0.0681818181818181,0.0227272727272727,0.0227272727272727,0.0909090909090909,0.0454545454545454,,,,,
OTX2__pilot_14,0.0560224089635854,0.0952380952380952,0.0560224089635854,0.0504201680672268,0.0588235294117647,0.0532212885154061,0.0672268907563025,0.103641456582633,0.0672268907563025,0.1288515406162464,0.0840336134453781,0.0560224089635854,0.0560224089635854,0.103641456582633,0.1148459383753501,0.1288515406162464,0.103641456582633,0.0336134453781512,0.1092436974789916,0.0952380952380952,,0.1120448179271708,0.1316526610644257,0.1092436974789916,0.103641456582633,0.1820728291316526,0.1148459383753501,0.2128851540616246,0.1540616246498599,0.1316526610644257,0.2324929971988795,0.134453781512605,0.1288515406162464,0.1820728291316526,0.1820728291316526,,0.1120689655172413,0.0672268907563025,0.1348314606741573,0.0868347338935574,0.0644257703081232,0.1988795518207282,0.1260504201680672,0.1568627450980392,0.0812324929971988,0.134453781512605,,0.0756302521008403,,0.1932773109243697,0.1260504201680672,0.0672268907563025,0.165266106442577,0.0784313725490196,0.1148459383753501,0.0560224089635854,0.0672268907563025,,,,,
PAX7__extend_61,0.0,0.024390243902439,0.073170731707317,0.0,0.0,0.024390243902439,0.0,0.024390243902439,0.0,,0.0,0.0,0.0,,,,,,,,,,,,,0.0,0.048780487804878,0.024390243902439,0.0,0.0,0.0,0.024390243902439,,0.0,0.0,,,,,0.048780487804878,0.073170731707317,0.073170731707317,0.048780487804878,0.0,0.048780487804878,0.048780487804878,,0.024390243902439,,0.0,,0.048780487804878,0.024390243902439,0.073170731707317,0.073170731707317,0.1219512195121951,0.0975609756097561,,,,,
PCBP1__K562_essential,,0.010752688172043,,,,,,,,,,,,,,,,,,,,,,,,0.010752688172043,0.0,0.043010752688172,0.021505376344086,0.0,0.010752688172043,0.0,0.0,0.010752688172043,0.010752688172043,,0.0,,0.0,,,0.021505376344086,0.0,0.010752688172043,0.0,,,0.0,0.0,0.010752688172043,,,0.032258064516129,0.0,0.010752688172043,0.0,0.021505376344086,,,,,
PCBP1__RPE1_essential,,0.0173410404624277,,,,,,,,,,,,,,,,,,,,,,,,0.0,0.0115606936416184,0.0057803468208092,0.0057803468208092,0.0057803468208092,0.0,0.0173410404624277,0.0115606936416184,0.0,0.0,,0.0297619047619047,,0.0,,,0.0173410404624277,0.0057803468208092,0.0173410404624277,0.0,,,0.0,,0.0,,,0.0057803468208092,0.0057803468208092,0.0,0.0,0.0057803468208092,,,,,
POU1F1__extend_61,0.0571428571428571,0.0,0.0285714285714285,0.0571428571428571,0.0285714285714285,0.0,0.0,0.0,0.0,,0.0571428571428571,0.0285714285714285,0.0571428571428571,0.4,0.2285714285714285,0.4285714285714285,0.3714285714285714,0.0285714285714285,0.0571428571428571,0.2857142857142857,,,0.0,0.4,0.4,,,,,,,,,,,,0.03125,0.0857142857142857,0.0285714285714285,0.0,0.3428571428571428,,0.0,0.0285714285714285,0.5428571428571428,0.0,,,,,0.3142857142857143,0.0285714285714285,,0.6571428571428571,0.6857142857142857,0.5142857142857142,0.4571428571428571,,,,,0.0
POU3F2__PRJNA551220,0.0,0.0072727272727272,0.0109090909090909,0.0218181818181818,0.0,0.0072727272727272,0.0109090909090909,0.0,0.0036363636363636,0.0145454545454545,0.0,0.0,0.0,0.0,0.0072727272727272,0.0,0.0,0.0072727272727272,0.0036363636363636,0.0109090909090909,,0.0072727272727272,0.0072727272727272,0.0,0.0,0.0145454545454545,0.0072727272727272,0.0,0.0036363636363636,0.0109090909090909,0.0036363636363636,0.0036363636363636,0.0145454545454545,0.0145454545454545,0.0145454545454545,0.0909090909090909,0.0,0.0181818181818181,0.0111111111111111,,,,0.0036363636363636,0.0,0.1418181818181818,0.0036363636363636,,0.0181818181818181,,0.0109090909090909,0.0036363636363636,0.0436363636363636,0.0072727272727272,0.2109090909090909,0.3054545454545455,0.1963636363636363,0.12,0.0327272727272727,0.029090909090909,0.109090909090909,0.0363636363636363,0.109090909090909
POU4F1__CRISPRa,0.1538461538461538,0.0769230769230769,0.1282051282051282,0.2307692307692307,0.1282051282051282,0.0,0.1794871794871795,0.0769230769230769,0.1538461538461538,0.0769230769230769,0.1282051282051282,0.1538461538461538,0.1538461538461538,,,,,,,,,,,,,,,,,,,,,,,,0.2368421052631578,0.1538461538461538,0.1025641025641025,0.0769230769230769,0.2564102564102564,,0.1282051282051282,0.0512820512820512,0.1025641025641025,0.2307692307692307,,,,,,0.1025641025641025,,0.1282051282051282,0.1282051282051282,0.1025641025641025,0.0769230769230769,,,,,0.1282051282051282
PRDM1__PRJNA551220,0.0227272727272727,0.0075757575757575,0.0227272727272727,0.0113636363636363,0.0265151515151515,0.0037878787878787,0.0265151515151515,0.0075757575757575,0.0113636363636363,0.0075757575757575,0.0113636363636363,0.0227272727272727,0.0265151515151515,0.0151515151515151,0.0265151515151515,0.0113636363636363,0.0265151515151515,0.0454545454545454,0.0189393939393939,0.0492424242424242,,0.0113636363636363,0.0151515151515151,0.0189393939393939,0.0151515151515151,0.0,0.0075757575757575,0.0,0.0037878787878787,0.0113636363636363,0.0,0.0075757575757575,0.0,0.0,0.0,,0.0190839694656488,0.0,0.020242914979757,,,,0.0075757575757575,0.0,0.0833333333333333,,,0.0113636363636363,,0.0037878787878787,0.0151515151515151,0.0189393939393939,0.0037878787878787,0.1515151515151515,0.1515151515151515,0.0795454545454545,0.0719696969696969,,,,,
PRDM4__RPE1_essential,0.0181818181818181,0.0,0.0,0.0181818181818181,0.0181818181818181,0.0181818181818181,0.0181818181818181,0.0,0.0363636363636363,0.0,0.0,0.0181818181818181,0.0181818181818181,,,,,,,,,,,,,0.0,0.0,0.0181818181818181,0.0181818181818181,0.0,0.0,0.0,0.0363636363636363,0.0,0.0,,0.0,,0.0185185185185185,0.0,0.0,0.0,0.0181818181818181,0.0,0.0,,,0.0,,0.0,,,0.0,0.0,0.0181818181818181,0.0,0.0,,,,,
RHOXF2__PRJNA551220,,0.0074074074074074,,,,,,,,,,,,,,,,,,,,,,,,,,,,,,,,,,,0.037593984962406,,0.0,,,,0.0074074074074074,0.0074074074074074,0.0111111111111111,,,,,,,,,0.0333333333333333,0.0407407407407407,0.0259259259259259,0.0148148148148148,,,,,
RREB1__PRJNA524331,0.0742857142857142,0.1447619047619047,0.0457142857142857,0.0819047619047619,0.0857142857142857,0.0647619047619047,0.0609523809523809,0.0533333333333333,0.078095238095238,0.0647619047619047,0.0380952380952381,0.08,0.0742857142857142,,,,,,,,,,,,,0.0742857142857142,0.0609523809523809,0.1523809523809524,0.0933333333333333,0.08,0.099047619047619,0.0685714285714285,0.0952380952380952,0.0742857142857142,0.0742857142857142,,0.0563063063063063,0.1238095238095238,0.0704761904761904,0.0742857142857142,0.0895238095238095,0.0819047619047619,0.1009523809523809,0.059047619047619,0.1009523809523809,,,0.0933333333333333,,0.0761904761904762,,0.1028571428571428,0.08,0.1580952380952381,0.1485714285714285,0.1104761904761904,0.0876190476190476,,,,,0.12
RREB1__PRJNA551220,0.0,0.0065359477124183,0.0065359477124183,0.0,0.0,0.0130718954248366,0.0130718954248366,0.065359477124183,0.0,0.0065359477124183,0.0,0.0,0.0,,,,,,,,,,,,,0.0,0.0130718954248366,0.0130718954248366,0.0065359477124183,0.0,0.0,0.0,0.0,0.0,0.0,0.3398692810457516,0.0066225165562913,0.0,0.0136054421768707,,,,0.0065359477124183,0.0,0.0130718954248366,,,0.0457516339869281,,0.0,,0.0,0.0,0.0065359477124183,0.0130718954248366,0.0065359477124183,0.0196078431372549,0.2875816993464052,0.2810457516339869,0.2549019607843137,0.1176470588235294,0.1241830065359477
SMAD2__PRJNA524331,0.1659819227608874,0.1676253081347576,0.3492193919474117,0.1314708299096138,0.1577649958915365,0.2317173377156943,0.2029580936729663,0.1446179129005751,0.1018898931799507,0.2473294987674609,0.3089564502875924,0.1700903861955628,0.1602300739523418,0.5751848808545604,0.6507806080525883,0.4133114215283484,0.5176663927691043,0.3278553820870994,0.3796220213640098,0.3738701725554642,0.4601479046836483,0.3073130649137223,0.2350041084634346,0.5768282662284305,0.5751848808545604,0.0065735414954806,0.0090386195562859,0.0205423171733771,0.0057518488085456,0.1725554642563681,0.0213640098603122,0.0320460147904683,0.1922760887428102,0.0065735414954806,0.0065735414954806,,0.0,0.3935907970419063,0.0222405271828665,,0.0394412489728841,0.1594083812654067,0.2539030402629416,0.2087099424815119,0.009860312243221,0.248151191454396,0.133935907970419,0.000821692686935,,0.0065735414954806,0.4987674609695974,0.0854560394412489,0.0131470829909613,0.0188989317995069,0.0057518488085456,0.000821692686935,0.0123253903040262,,,,,
SMAD4__PRJNA524331,0.0,0.0088495575221238,0.0442477876106194,0.0265486725663716,0.0176991150442477,0.0353982300884955,0.0707964601769911,0.0265486725663716,0.0,0.0530973451327433,0.0176991150442477,0.0,0.0,0.0530973451327433,0.0442477876106194,0.0707964601769911,0.0530973451327433,0.0442477876106194,0.0619469026548672,0.0442477876106194,0.0353982300884955,0.0088495575221238,0.0353982300884955,0.0619469026548672,0.0530973451327433,0.0176991150442477,0.0,0.0176991150442477,0.0176991150442477,0.0530973451327433,0.0176991150442477,0.0,0.0088495575221238,0.0176991150442477,0.0176991150442477,0.0265486725663716,0.0,,0.0446428571428571,0.0442477876106194,0.0088495575221238,0.0,0.0265486725663716,0.0088495575221238,0.0,0.0,0.0353982300884955,0.0,,0.0176991150442477,0.0353982300884955,0.0,0.0,0.0,0.0,0.0,0.0,0.0265486725663716,0.0265486725663716,0.0530973451327433,0.0442477876106194,0.0176991150442477
SNAI1__PRJNA551220,0.0280898876404494,0.0056179775280898,0.0308988764044943,0.0252808988764044,0.0365168539325842,0.0140449438202247,0.0252808988764044,0.0168539325842696,0.0365168539325842,0.0224719101123595,0.0140449438202247,0.0280898876404494,0.0252808988764044,0.0505617977528089,0.0308988764044943,0.0617977528089887,0.0365168539325842,0.0056179775280898,0.0365168539325842,0.0252808988764044,,0.0168539325842696,0.0365168539325842,0.0533707865168539,0.0505617977528089,0.0084269662921348,0.0112359550561797,0.0168539325842696,0.0112359550561797,0.0140449438202247,0.0056179775280898,0.0084269662921348,0.0056179775280898,0.0084269662921348,0.0084269662921348,,0.0172910662824207,0.0308988764044943,0.0313390313390313,,,,0.0084269662921348,0.0028089887640449,0.0505617977528089,0.0280898876404494,0.0196629213483146,0.0280898876404494,,0.0112359550561797,0.0365168539325842,0.0196629213483146,0.0140449438202247,0.047752808988764,0.047752808988764,0.0533707865168539,0.047752808988764,,,,,
SNAI1__pilot,0.0972568578553615,0.1197007481296758,0.0872817955112219,0.1221945137157107,0.1147132169576059,0.1346633416458852,0.1321695760598503,0.1246882793017456,0.112219451371571,0.1296758104738154,0.1371571072319202,0.0997506234413965,0.1047381546134663,0.1271820448877805,0.1271820448877805,0.1072319201995012,0.1321695760598503,0.1371571072319202,0.1521197007481296,0.1446384039900249,,0.1620947630922693,0.1271820448877805,0.1246882793017456,0.1271820448877805,0.1296758104738154,0.1197007481296758,0.1396508728179551,0.1221945137157107,0.1271820448877805,0.1371571072319202,0.1221945137157107,0.1271820448877805,0.1296758104738154,0.1296758104738154,,0.1371571072319202,0.1396508728179551,0.1157894736842105,0.1321695760598503,0.1147132169576059,0.1296758104738154,0.1745635910224439,0.0897755610972568,0.1296758104738154,0.0822942643391521,,0.1446384039900249,0.112219451371571,0.1346633416458852,0.1221945137157107,0.1321695760598503,0.1346633416458852,0.1446384039900249,0.1346633416458852,0.1321695760598503,0.1296758104738154,,,,,
SNAI2__pilot_14,0.2513274336283186,0.2920353982300885,0.1451327433628318,0.2230088495575221,0.2530973451327433,0.1380530973451327,0.1097345132743362,0.1398230088495575,0.1823008849557522,0.1734513274336283,0.1345132743362831,0.2530973451327433,0.2070796460176991,0.1168141592920354,0.1451327433628318,0.1008849557522123,0.1256637168141593,0.1893805309734513,0.095575221238938,0.1769911504424778,,0.2088495575221239,0.1168141592920354,0.1168141592920354,0.1168141592920354,0.0141592920353982,0.0530973451327433,0.0070796460176991,0.0141592920353982,0.1769911504424778,0.015929203539823,0.1221238938053097,0.0902654867256637,0.015929203539823,0.0141592920353982,,0.4397163120567376,0.1380530973451327,0.2530973451327433,0.1769911504424778,0.0920353982300885,0.0053097345132743,0.0495575221238938,0.0707964601769911,0.1716814159292035,,0.1221238938053097,0.079646017699115,,0.0106194690265486,0.127433628318584,0.2849557522123894,0.031858407079646,0.184070796460177,0.2,0.1769911504424778,0.1699115044247787,,,,,0.3716814159292035
SOX11__PRJNA524331,0.0136054421768707,0.0510204081632653,0.0068027210884353,0.0238095238095238,0.010204081632653,0.0306122448979591,0.0204081632653061,0.010204081632653,0.0068027210884353,0.0442176870748299,0.010204081632653,0.010204081632653,0.0136054421768707,,,,,,,,,,,,,0.0034013605442176,0.0068027210884353,0.0034013605442176,0.0170068027210884,0.0238095238095238,0.0170068027210884,0.0476190476190476,0.0442176870748299,0.0034013605442176,0.0034013605442176,,0.0336538461538461,,0.1088435374149659,0.0204081632653061,0.0170068027210884,0.0374149659863945,0.0374149659863945,0.1122448979591836,0.0034013605442176,,,,,0.0034013605442176,,0.0068027210884353,0.0034013605442176,0.0136054421768707,0.0204081632653061,0.0068027210884353,0.0034013605442176,,,,,
SOX17__PRJNA524331,0.03725782414307,0.1892697466467958,0.029806259314456,0.03725782414307,0.044709388971684,0.0611028315946348,0.029806259314456,0.2056631892697466,0.0909090909090909,0.1505216095380029,0.044709388971684,0.0387481371087928,0.0461997019374068,0.0506706408345752,0.1162444113263785,0.0491803278688524,0.081967213114754,0.2921013412816691,0.0715350223546944,0.1907600596125186,0.0640834575260804,0.1639344262295081,0.0506706408345752,0.0476900149031296,0.0506706408345752,0.0551415797317436,0.067064083457526,0.0476900149031296,0.0506706408345752,0.1192250372578241,0.0342771982116244,0.1385991058122205,0.0894187779433681,0.0551415797317436,0.0551415797317436,,0.0,,0.0,0.0506706408345752,0.0506706408345752,0.0044709388971684,0.0461997019374068,0.03725782414307,0.0044709388971684,,,0.0283159463487332,,0.0611028315946348,0.0983606557377049,0.0625931445603576,0.0700447093889716,0.0014903129657228,0.0,0.0029806259314456,0.0044709388971684,,,,,0.0014903129657228
SOX5__CRISPRa,0.1234567901234567,0.074074074074074,0.1604938271604938,0.1234567901234567,0.1234567901234567,0.1728395061728395,0.1975308641975308,0.3086419753086419,0.0987654320987654,0.1481481481481481,0.3333333333333333,0.1234567901234567,0.1358024691358024,,,,,,,,,,,,,0.1111111111111111,0.1358024691358024,0.1234567901234567,0.1481481481481481,0.074074074074074,0.0987654320987654,0.1111111111111111,0.0864197530864197,0.1111111111111111,0.1111111111111111,,0.4133333333333333,,0.0405405405405405,0.1481481481481481,0.1358024691358024,0.2716049382716049,0.0617283950617283,0.037037037037037,0.1728395061728395,,,0.4567901234567901,,0.1234567901234567,,0.0493827160493827,0.1604938271604938,0.3950617283950617,0.345679012345679,0.4320987654320987,0.419753086419753,,,,,
SP1__PRJNA524331,0.0036363636363636,0.0763636363636363,0.0,0.0072727272727272,0.0036363636363636,0.0109090909090909,0.0,0.0363636363636363,0.0,0.0145454545454545,0.0,0.0036363636363636,0.0036363636363636,0.0,0.0072727272727272,0.0072727272727272,0.0072727272727272,0.0363636363636363,0.0,0.0218181818181818,0.04,0.0363636363636363,0.0,0.0,0.0,0.069090909090909,0.0654545454545454,0.0836363636363636,0.0618181818181818,0.0218181818181818,0.0654545454545454,0.0545454545454545,0.0763636363636363,0.069090909090909,0.069090909090909,0.1127272727272727,0.0257510729613733,0.0836363636363636,0.0072992700729927,0.0,0.0181818181818181,0.0436363636363636,0.029090909090909,0.0145454545454545,0.0072727272727272,0.0,0.1418181818181818,0.069090909090909,,0.0763636363636363,0.0072727272727272,0.0181818181818181,0.069090909090909,0.0363636363636363,0.0327272727272727,0.04,0.0363636363636363,0.1127272727272727,0.1054545454545454,0.0945454545454545,0.1054545454545454,0.0472727272727272
SP1__RPE1_essential,0.0,0.0062893081761006,0.0,0.0125786163522012,0.0125786163522012,0.0188679245283018,0.0,0.0,0.0188679245283018,0.0251572327044025,0.0,0.0,0.0,0.0,0.0,0.0062893081761006,0.0125786163522012,0.0188679245283018,0.0062893081761006,0.0,0.0062893081761006,0.0251572327044025,0.0,0.0062893081761006,0.0,0.0314465408805031,0.0188679245283018,0.0062893081761006,0.0251572327044025,0.0062893081761006,0.0125786163522012,0.0062893081761006,0.0062893081761006,0.0314465408805031,0.0314465408805031,,0.0064102564102564,0.0062893081761006,0.0,0.0062893081761006,0.0062893081761006,0.0188679245283018,0.0,0.0125786163522012,,0.0188679245283018,0.0062893081761006,0.0314465408805031,,0.0314465408805031,0.0062893081761006,0.0062893081761006,0.0125786163522012,,,,,,,,,0.0
SP2__K562_essential,0.0,0.0144927536231884,0.0,0.0,0.0,0.0144927536231884,0.0144927536231884,0.0144927536231884,0.0,0.0,0.0144927536231884,0.0,0.0,0.0144927536231884,0.0,0.0,0.0,0.0,0.0144927536231884,0.0,,0.0,0.0144927536231884,0.0144927536231884,0.0144927536231884,0.0,0.0,0.0,0.0,0.0,0.0,0.0,0.0,0.0,0.0,0.0,0.0144927536231884,0.0,0.0144927536231884,0.0,0.0,0.0,0.0289855072463768,0.0,0.0,0.0,,0.0,0.0,0.0,,0.0,0.0,0.0144927536231884,0.0144927536231884,0.0,0.0,0.0,0.0,0.0,0.0,0.0
SPI1__PRJNA551220,0.0649087221095334,0.0324543610547667,0.0709939148073022,0.0689655172413793,0.0770791075050709,0.0162271805273833,0.0486815415821501,0.0628803245436105,0.1075050709939148,0.0263691683569979,0.0567951318458417,0.0669371196754563,0.0770791075050709,0.1176470588235294,0.0973630831643002,0.1095334685598377,0.1156186612576064,0.0040567951318458,0.1156186612576064,0.0527383367139959,,0.0344827586206896,0.1176470588235294,0.1196754563894523,0.1176470588235294,0.0791075050709939,0.0953346855983772,0.0933062880324543,0.0933062880324543,0.0081135902636916,0.0831643002028397,0.0283975659229208,0.0182555780933062,0.0791075050709939,0.0791075050709939,0.0608519269776876,0.1208333333333333,,0.0755148741418764,,,,0.0993914807302231,0.0081135902636916,0.127789046653144,0.0283975659229208,0.0628803245436105,0.152129817444219,,0.0811359026369168,0.1034482758620689,0.0791075050709939,0.1095334685598377,0.1440162271805274,0.1724137931034483,0.1541582150101419,0.1359026369168357,0.0689655172413793,0.0872210953346856,0.0628803245436105,,0.0628803245436105
SPI1__exp8,0.1637426900584795,0.0292397660818713,0.1286549707602339,0.0994152046783625,0.1695906432748538,0.0175438596491228,0.0818713450292397,0.0292397660818713,0.1578947368421052,0.0526315789473684,0.1286549707602339,0.1461988304093567,0.1695906432748538,0.2923976608187134,0.2339181286549707,0.2339181286549707,0.2339181286549707,0.0175438596491228,0.1637426900584795,0.0350877192982456,,0.0818713450292397,0.2923976608187134,0.2807017543859649,0.2923976608187134,0.1578947368421052,0.175438596491228,0.1403508771929824,0.1637426900584795,0.0292397660818713,0.0818713450292397,0.0760233918128654,0.0,0.1578947368421052,0.1578947368421052,0.5029239766081871,0.023391812865497,,0.075187969924812,0.2865497076023391,0.3157894736842105,0.0116959064327485,0.2222222222222222,0.0175438596491228,0.175438596491228,0.2163742690058479,0.4327485380116959,0.2573099415204678,,0.1578947368421052,0.3040935672514619,0.0818713450292397,0.1929824561403508,0.2748538011695906,0.2807017543859649,0.2163742690058479,0.1988304093567251,0.3450292397660818,0.3333333333333333,0.5614035087719298,0.5789473684210527,0.5672514619883041
SPI1__pilot,0.1727272727272727,0.2348484848484848,0.1621212121212121,0.1651515151515151,0.1742424242424242,0.203030303030303,0.1409090909090909,0.2015151515151515,0.1636363636363636,0.2106060606060606,0.1484848484848485,0.1727272727272727,0.1712121212121212,0.1424242424242424,0.2015151515151515,0.153030303030303,0.1666666666666666,0.2848484848484848,0.153030303030303,0.203030303030303,,0.2121212121212121,0.1424242424242424,0.1439393939393939,0.1424242424242424,0.1484848484848485,0.1636363636363636,0.1575757575757575,0.1515151515151515,0.1924242424242424,0.1409090909090909,0.1939393939393939,0.2,0.1484848484848485,0.1484848484848485,0.0939393939393939,0.0272727272727272,,0.197452229299363,0.0984848484848484,0.0909090909090909,0.0484848484848484,0.1166666666666666,0.1924242424242424,0.1939393939393939,0.3196969696969697,0.1545454545454545,0.253030303030303,0.15,0.153030303030303,0.1696969696969697,0.2393939393939393,0.1590909090909091,0.2136363636363636,0.2348484848484848,0.1742424242424242,0.1712121212121212,0.1621212121212121,0.1439393939393939,0.059090909090909,0.0969696969696969,0.053030303030303
SREBF2__exp10,0.0,0.1162790697674418,0.0,0.0116279069767441,0.0116279069767441,0.0697674418604651,0.0,0.1046511627906976,0.0348837209302325,0.1046511627906976,0.0,0.0,0.0,0.0,0.0,0.0116279069767441,0.0,0.1046511627906976,0.0,0.0465116279069767,,0.1046511627906976,0.0,0.0,0.0,0.0232558139534883,0.0,0.0465116279069767,0.0116279069767441,0.0697674418604651,0.0232558139534883,0.1744186046511628,0.1046511627906976,0.0232558139534883,0.0232558139534883,0.1162790697674418,0.127906976744186,0.127906976744186,0.0886075949367088,0.0,0.0,0.0,0.1046511627906976,0.0697674418604651,0.0232558139534883,0.1511627906976744,0.1511627906976744,0.0930232558139534,0.0581395348837209,0.0232558139534883,0.0116279069767441,0.0,0.0348837209302325,0.127906976744186,0.0348837209302325,0.0348837209302325,0.0116279069767441,0.1162790697674418,0.0697674418604651,0.1395348837209302,0.1046511627906976,0.1744186046511628
SRF__RPE1_essential,0.0,0.0,0.0,0.0,0.0,0.0,0.0,0.0109890109890109,0.0,0.0,0.0,0.0,0.0,0.0,0.0,0.0,0.0,0.0,0.0,0.0,0.0,0.0109890109890109,0.0,0.0,0.0,0.0,0.0,0.0,0.0,0.0,0.0,0.0,0.0,0.0,0.0,,0.0439560439560439,0.0,0.0227272727272727,0.0,0.0,0.0,0.0,0.0219780219780219,0.0,0.0,0.0,0.0,,0.0,0.0,0.0,0.0,0.0,0.0,0.0,0.0,,,,,0.0109890109890109
TBX21__exp8,0.0238095238095238,0.0,0.0119047619047619,0.0119047619047619,0.0238095238095238,0.0238095238095238,0.0238095238095238,0.0119047619047619,0.0238095238095238,0.0119047619047619,0.0238095238095238,0.0238095238095238,0.0238095238095238,0.0357142857142857,0.0238095238095238,0.0357142857142857,0.0476190476190476,0.0238095238095238,0.0476190476190476,0.0595238095238095,,0.0119047619047619,0.0357142857142857,0.0357142857142857,0.0357142857142857,0.0,0.0,0.0,0.0119047619047619,0.0,0.0,0.0,0.0238095238095238,0.0,0.0,,,,,0.0119047619047619,0.1428571428571428,0.0238095238095238,0.0476190476190476,0.0119047619047619,0.2738095238095238,0.0238095238095238,,0.0476190476190476,,0.0,0.0238095238095238,0.0238095238095238,0.0,0.6428571428571429,0.2857142857142857,0.6666666666666666,0.2738095238095238,,,,,
TBX2__PRJNA551220,0.0570469798657718,0.0268456375838926,0.046979865771812,0.0637583892617449,0.0536912751677852,0.0167785234899328,0.0436241610738255,0.035234899328859,0.0285234899328859,0.0302013422818791,0.0285234899328859,0.0604026845637583,0.0520134228187919,,,,,,,,,,,,,0.0218120805369127,0.0167785234899328,0.0369127516778523,0.0318791946308724,0.0167785234899328,0.023489932885906,0.023489932885906,0.0251677852348993,0.0218120805369127,0.0218120805369127,0.2651006711409396,0.0072072072072072,0.023489932885906,0.0103448275862068,,,,0.0201342281879194,0.0251677852348993,0.4077181208053691,,,0.0302013422818791,,0.0167785234899328,,0.0318791946308724,0.0201342281879194,0.6526845637583892,0.5805369127516778,0.639261744966443,0.4043624161073825,0.1895973154362416,0.2567114093959731,0.3104026845637584,0.3036912751677852,0.9161073825503356
TBX3__PRJNA551220,0.005181347150259,0.0224525043177892,0.0293609671848013,0.0120898100172711,0.0086355785837651,0.0207253886010362,0.0397236614853195,0.0138169257340241,0.005181347150259,0.0120898100172711,0.006908462867012,0.0086355785837651,0.0120898100172711,,,,,,,,,,,,,0.0086355785837651,0.0120898100172711,0.0120898100172711,0.0138169257340241,0.0189982728842832,0.0103626943005181,0.0138169257340241,0.0172711571675302,0.0086355785837651,0.0086355785837651,,0.09375,0.1744386873920552,0.2014134275618374,,,,0.0155440414507772,0.0138169257340241,0.4162348877374784,,,0.0172711571675302,,0.0120898100172711,,0.0172711571675302,0.0086355785837651,0.7426597582037997,0.6994818652849741,0.7115716753022453,0.3678756476683937,,,,,
TBX5__extend_61,0.0142857142857142,0.1285714285714285,0.0142857142857142,0.0142857142857142,0.0142857142857142,0.0285714285714285,0.0071428571428571,0.0285714285714285,0.0285714285714285,,0.0071428571428571,0.0142857142857142,0.0142857142857142,0.0142857142857142,0.0071428571428571,0.05,0.0,0.0285714285714285,0.0428571428571428,0.05,,,0.0142857142857142,0.0142857142857142,0.0142857142857142,0.0214285714285714,0.05,0.0357142857142857,0.0142857142857142,0.0714285714285714,0.0142857142857142,0.0428571428571428,,0.0214285714285714,0.0214285714285714,,,0.1142857142857142,,0.0285714285714285,0.0571428571428571,0.0214285714285714,0.0285714285714285,0.0142857142857142,0.0928571428571428,0.0071428571428571,,0.0214285714285714,,0.0214285714285714,0.0071428571428571,0.0142857142857142,0.0714285714285714,0.0857142857142857,0.1142857142857142,0.1071428571428571,0.1142857142857142,,,,,0.0214285714285714
TFAP4__exp7,0.0694789081885856,0.1240694789081885,0.0769230769230769,0.0769230769230769,0.0719602977667493,0.0893300248138957,0.0769230769230769,0.0843672456575682,0.0769230769230769,0.1091811414392059,0.064516129032258,0.064516129032258,0.0719602977667493,0.1017369727047146,0.0918114143920595,0.1017369727047146,0.0942928039702233,0.0918114143920595,0.0967741935483871,0.1066997518610421,,0.1265508684863523,0.0893300248138957,0.0992555831265508,0.1017369727047146,0.292803970223325,0.2233250620347394,0.3002481389578164,0.2679900744416873,0.1265508684863523,0.2729528535980149,0.0893300248138957,0.1712158808933002,0.292803970223325,0.292803970223325,0.0918114143920595,0.0521091811414392,0.1538461538461538,0.0552631578947368,0.1066997518610421,0.0744416873449131,0.0446650124069478,0.1166253101736972,0.086848635235732,0.0744416873449131,0.0818858560794044,,0.0918114143920595,,0.3176178660049628,0.1091811414392059,0.0794044665012407,0.2307692307692307,0.1066997518610421,0.0942928039702233,0.0769230769230769,0.0669975186104218,0.1042183622828784,0.0769230769230769,0.0794044665012407,0.1017369727047146,
TFAP4__exp8,0.0055865921787709,0.0167597765363128,0.0,0.0111731843575419,0.0055865921787709,0.0167597765363128,0.0055865921787709,0.0055865921787709,0.0,0.0111731843575419,0.0055865921787709,0.0055865921787709,0.0055865921787709,0.0111731843575419,0.0223463687150838,0.0111731843575419,0.0111731843575419,0.0223463687150838,0.0111731843575419,0.0223463687150838,,0.0391061452513966,0.0167597765363128,0.0111731843575419,0.0111731843575419,0.0167597765363128,0.0111731843575419,0.0167597765363128,0.0055865921787709,0.0446927374301676,0.0167597765363128,0.0111731843575419,0.0223463687150838,0.0167597765363128,0.0167597765363128,,0.0223463687150838,0.0726256983240223,0.0462427745664739,0.0167597765363128,0.0167597765363128,0.0167597765363128,0.0,0.0502793296089385,0.0223463687150838,0.0111731843575419,,0.0111731843575419,,0.0111731843575419,0.0167597765363128,0.0055865921787709,0.0,0.0335195530726257,0.0279329608938547,0.0279329608938547,0.0279329608938547,,,,,
TFDP1__K562_essential,0.0079365079365079,0.0158730158730158,0.0079365079365079,0.0158730158730158,0.0,0.0079365079365079,0.0,0.0,0.0,0.0079365079365079,0.0079365079365079,0.0079365079365079,0.0079365079365079,0.0158730158730158,0.0,0.0079365079365079,0.0158730158730158,0.0,0.0158730158730158,0.0238095238095238,,0.0158730158730158,0.0158730158730158,0.0079365079365079,0.0158730158730158,0.0,0.0,0.0,0.0,0.0079365079365079,0.0,0.0158730158730158,0.0,0.0,0.0,0.0,0.0163934426229508,0.0079365079365079,0.0,0.0,0.0238095238095238,0.0,0.0079365079365079,0.0,0.0079365079365079,0.0,,0.0,0.0,0.0,0.0079365079365079,0.0,0.0,0.0,0.0,0.0,0.0,0.0,0.0,0.0,0.0079365079365079,0.0
TFDP1__RPE1_essential,0.0,0.0134228187919463,0.0,0.0067114093959731,0.0,0.0,0.0,0.0,0.0067114093959731,0.0067114093959731,0.0,0.0,0.0,0.0,0.0,0.0,0.0,0.0067114093959731,0.0067114093959731,0.0201342281879194,0.0,0.0134228187919463,0.0,0.0,0.0,0.0067114093959731,0.0,0.0067114093959731,0.0067114093959731,0.0201342281879194,0.0067114093959731,0.0067114093959731,0.0268456375838926,0.0067114093959731,0.0067114093959731,0.0,0.0,0.0,0.0,0.0067114093959731,0.0134228187919463,0.0,0.0,0.0,0.0,0.0067114093959731,,0.0201342281879194,,0.0067114093959731,0.0,0.0,0.0067114093959731,0.0,0.0,0.0,0.0,0.0,0.0,0.0,0.0067114093959731,0.0
THAP11__RPE1_essential,0.0,0.010752688172043,0.0,0.010752688172043,0.0,0.0,0.0,0.0,0.0,0.0,0.0,0.0,0.010752688172043,,,,,,,,,,,,,0.053763440860215,0.021505376344086,0.043010752688172,0.053763440860215,0.0,0.053763440860215,0.010752688172043,0.010752688172043,0.053763440860215,0.053763440860215,0.010752688172043,0.0,,0.0,0.0,0.010752688172043,0.032258064516129,0.010752688172043,0.0,0.0,,,0.0,,0.043010752688172,,0.0,0.032258064516129,0.0,0.010752688172043,0.0,0.0,0.0,0.010752688172043,0.0,0.0,0.0
THAP1__K562_essential,0.0,0.0277777777777777,0.0,0.0,0.0,0.0,0.0,0.0138888888888888,0.0,0.0,0.0,0.0,0.0,,,,,,,,,,,,,0.0416666666666666,0.0,0.0416666666666666,0.0555555555555555,0.0,0.0555555555555555,0.0277777777777777,0.0138888888888888,0.0416666666666666,0.0416666666666666,0.0138888888888888,0.0138888888888888,0.0,0.0,0.0,0.0138888888888888,0.0138888888888888,0.0138888888888888,0.0,0.0,,,0.0,0.0694444444444444,0.0416666666666666,,,0.0138888888888888,0.0,0.0138888888888888,0.0,0.0,0.0277777777777777,0.0277777777777777,0.0138888888888888,0.0138888888888888,0.0
THAP1__RPE1_essential,0.0,0.0163934426229508,0.0,0.0,0.0081967213114754,0.0,0.0,0.0,0.0081967213114754,0.0081967213114754,0.0,0.0081967213114754,0.0081967213114754,,,,,,,,,,,,,0.0491803278688524,0.0491803278688524,0.0327868852459016,0.0573770491803278,0.0245901639344262,0.0491803278688524,0.0163934426229508,0.0,0.0245901639344262,0.0491803278688524,0.0245901639344262,0.0084745762711864,0.081967213114754,0.0084033613445378,0.0,0.0081967213114754,0.0081967213114754,0.0163934426229508,0.0163934426229508,0.0163934426229508,,,0.0737704918032786,,0.0491803278688524,,,0.0491803278688524,0.0245901639344262,0.0081967213114754,0.0163934426229508,0.0163934426229508,0.0245901639344262,0.0901639344262295,0.0573770491803278,0.0573770491803278,0.0573770491803278
TP53__Dox,0.0,0.3350253807106599,0.1979695431472081,0.2741116751269035,0.0507614213197969,0.6598984771573604,0.233502538071066,0.0710659898477157,0.0761421319796954,0.5634517766497462,0.2588832487309644,0.0050761421319796,0.0,0.4111675126903553,0.1573604060913705,0.4416243654822335,0.2893401015228426,0.4365482233502538,0.3197969543147208,0.116751269035533,,0.5736040609137056,0.4111675126903553,0.3908629441624365,0.4111675126903553,0.015228426395939,0.0101522842639593,0.015228426395939,0.015228426395939,0.4873096446700508,0.015228426395939,0.2588832487309644,0.2182741116751269,0.015228426395939,0.015228426395939,0.1319796954314721,0.0503597122302158,0.3857868020304568,0.2268041237113402,0.0101522842639593,0.0,0.0964467005076142,0.0050761421319796,0.116751269035533,0.1421319796954314,0.3147208121827411,0.9035532994923858,0.3147208121827411,,0.015228426395939,0.2131979695431472,0.0050761421319796,0.015228426395939,0.3096446700507614,0.2639593908629442,0.1269035532994923,0.1370558375634517,0.1319796954314721,0.1218274111675127,0.1928934010152284,0.2284263959390862,0.3096446700507614
TP53__Mock,0.3576158940397351,0.3973509933774834,0.4304635761589404,0.5033112582781457,0.4503311258278146,0.4966887417218543,0.5033112582781457,0.4172185430463576,0.4735099337748344,0.390728476821192,0.5033112582781457,0.3609271523178808,0.3211920529801324,0.5264900662251656,0.4403973509933774,0.5198675496688742,0.4933774834437086,0.4503311258278146,0.5099337748344371,0.3874172185430463,,0.4569536423841059,0.5264900662251656,0.5231788079470199,0.5264900662251656,0.4105960264900662,0.314569536423841,0.4105960264900662,0.4172185430463576,0.4569536423841059,0.3940397350993377,0.5397350993377483,0.4304635761589404,0.4105960264900662,0.4105960264900662,,0.1136363636363636,0.4271523178807947,0.3192982456140351,0.2218543046357615,0.5099337748344371,0.4139072847682119,0.3576158940397351,0.304635761589404,0.3543046357615894,0.4006622516556291,0.423841059602649,0.4271523178807947,,0.4139072847682119,0.4271523178807947,0.3609271523178808,0.3543046357615894,0.4437086092715231,0.4105960264900662,0.3178807947019867,0.3576158940397351,,,,,0.4105960264900662
TP73__PRJNA551220,0.4129353233830846,0.0049751243781094,0.1194029850746268,0.154228855721393,0.3830845771144278,0.0049751243781094,0.0298507462686567,0.0099502487562189,0.2437810945273631,0.0199004975124378,0.0547263681592039,0.4079601990049751,0.4278606965174129,0.0945273631840796,0.1393034825870646,0.044776119402985,0.0895522388059701,0.0348258706467661,0.0149253731343283,0.0049751243781094,,0.1044776119402985,0.0945273631840796,0.099502487562189,0.0945273631840796,0.2189054726368159,0.1890547263681592,0.2388059701492537,0.2288557213930348,0.0,0.0696517412935323,0.0149253731343283,0.0149253731343283,0.2189054726368159,0.2189054726368159,,0.0051282051282051,0.0298507462686567,0.0439560439560439,,,,0.0348258706467661,0.0099502487562189,0.1044776119402985,0.5970149253731343,0.2885572139303483,0.1890547263681592,,0.2039800995024875,0.0597014925373134,0.2288557213930348,0.0945273631840796,0.0796019900497512,0.099502487562189,0.1194029850746268,0.1144278606965174,,,,,
USF2__RPE1_essential,0.0,0.0119047619047619,0.0357142857142857,0.0,0.0119047619047619,0.0,0.0,0.0238095238095238,0.0,0.0,0.0,0.0,0.0,0.0,0.0119047619047619,0.0,0.0,0.0119047619047619,0.0,0.0,0.0119047619047619,0.0119047619047619,0.0,0.0,0.0,0.0,0.0,0.0119047619047619,0.0,0.0,0.0119047619047619,0.0238095238095238,0.0,0.0,0.0,0.0,0.0,0.0357142857142857,0.0,0.0,0.0119047619047619,0.0,0.0119047619047619,0.0,0.0,0.0357142857142857,0.0238095238095238,0.0,,0.0,0.0119047619047619,0.0,0.0,0.0119047619047619,0.0119047619047619,0.0,0.0,0.0,0.0238095238095238,0.0,0.0,0.0
YY1__RPE1_essential,0.0166666666666666,0.0,0.0,0.0,0.0,0.0,0.0,0.0,0.0,0.0,0.0,0.0166666666666666,0.0166666666666666,0.0,0.0,0.0,0.0,0.0,0.0,0.0,0.0,0.0,0.0,0.0,0.0,0.0,0.0,0.0,0.0333333333333333,0.0,0.0,0.0166666666666666,0.0,0.0,0.0,0.0166666666666666,0.0,,0.0,0.0,0.0166666666666666,0.0,0.0,0.0333333333333333,0.0,0.1,0.0,0.0,,0.0,0.0,0.0166666666666666,0.0,0.0,0.0,0.0,0.0,0.0166666666666666,0.0,0.0,0.0166666666666666,0.0
YY1__k562_tfs_7,0.0691358024691358,0.074074074074074,0.182716049382716,0.0345679012345679,0.0814814814814814,0.0592592592592592,0.0345679012345679,0.0864197530864197,0.0592592592592592,0.0641975308641975,0.0765432098765432,0.0641975308641975,0.0864197530864197,0.0493827160493827,0.1111111111111111,0.0246913580246913,0.037037037037037,0.0814814814814814,0.0271604938271604,0.0641975308641975,,0.0320987654320987,0.0493827160493827,0.0469135802469135,0.0493827160493827,0.0222222222222222,0.0666666666666666,0.0246913580246913,0.0320987654320987,0.0320987654320987,0.0296296296296296,0.0814814814814814,0.0419753086419753,0.0222222222222222,0.0222222222222222,0.0123456790123456,0.0249307479224376,,0.0057471264367816,0.0765432098765432,0.037037037037037,0.0691358024691358,0.0172839506172839,0.0419753086419753,0.0222222222222222,0.1654320987654321,0.1012345679012345,0.0222222222222222,,0.0271604938271604,0.0814814814814814,0.0592592592592592,0.0419753086419753,0.0172839506172839,0.0123456790123456,0.019753086419753,0.0246913580246913,0.0271604938271604,0.0123456790123456,0.019753086419753,,0.0098765432098765
ZBTB10__PRJNA551220,,0.0168067226890756,,,,,,,,,,,,,,,,,,,,,,,,0.0084033613445378,0.0,0.0084033613445378,0.0084033613445378,0.0,0.0,0.0,0.0168067226890756,0.0084033613445378,0.0084033613445378,,0.0084033613445378,,0.0178571428571428,,,,,0.0,0.0,,,0.0168067226890756,,0.0084033613445378,,,0.0,0.0336134453781512,0.0336134453781512,0.0084033613445378,0.0,,,,,
ZBTB11__K562_essential,,0.0,,,,,,,,,,,,,,,,,,,,,,,,0.0,0.0,0.0,0.0,0.0,0.0,0.0,0.0,0.0,0.0,0.0,0.0,0.0303030303030303,0.0,0.0,,0.0,,0.0303030303030303,0.0303030303030303,,,0.0,0.0,0.0,,,0.0,0.0,0.0,0.0,0.0,0.0,0.0,0.0,0.0,0.0
ZBTB17__K562_essential,0.0217391304347826,0.0108695652173913,0.0108695652173913,0.0108695652173913,0.0108695652173913,0.0326086956521739,0.0217391304347826,0.0217391304347826,0.0,0.0326086956521739,0.0217391304347826,0.0217391304347826,0.0108695652173913,,,,,,,,,,,,,0.0,0.0108695652173913,0.0,0.0,0.0,0.0,0.0,0.0,0.0,0.0,,0.0217391304347826,0.0217391304347826,0.034090909090909,0.0217391304347826,0.0,0.0,0.0326086956521739,0.0434782608695652,0.0,0.0108695652173913,,0.0,0.0,0.0,,0.0,0.0,0.0326086956521739,0.0326086956521739,0.0,0.0,,,,,0.0217391304347826
ZBTB17__RPE1_essential,0.0075757575757575,0.0075757575757575,0.0,0.0075757575757575,0.0075757575757575,0.0,0.0075757575757575,0.0,0.0075757575757575,0.0227272727272727,0.0,0.0075757575757575,0.0075757575757575,,,,,,,,,,,,,0.0,0.0,0.0,0.0,0.0,0.0,0.0151515151515151,0.0,0.0,0.0,,0.0,,0.0,0.0151515151515151,0.0075757575757575,0.0151515151515151,0.0227272727272727,0.0075757575757575,0.0227272727272727,0.0075757575757575,,0.0227272727272727,,0.0,,0.0075757575757575,0.0,0.0,0.0227272727272727,0.0151515151515151,0.0151515151515151,,,,,0.0
ZBTB1__PRJNA551220,,0.0133843212237093,,,,,,,,,,,,,,,,,,,,,,,,0.0076481835564053,0.0191204588910133,0.0095602294455066,0.0076481835564053,0.0210325047801147,0.0019120458891013,0.0210325047801147,0.0133843212237093,0.0076481835564053,0.0076481835564053,,0.0176470588235294,,0.0078740157480314,,,,0.0076481835564053,0.005736137667304,0.0133843212237093,,,0.0095602294455066,,0.0133843212237093,,,0.017208413001912,0.0133843212237093,0.0133843212237093,0.011472275334608,0.0152963671128107,,,,,
ZBTB25__PRJNA551220,,0.0207852193995381,,,,,,,,,,,,,,,,,,,,,,,,0.0161662817551963,0.0184757505773672,0.0115473441108545,0.0161662817551963,0.0207852193995381,0.0138568129330254,0.0207852193995381,0.0115473441108545,0.0161662817551963,0.0161662817551963,,0.026252983293556,,0.004750593824228,,,,,0.0046189376443418,0.0115473441108545,,,0.0046189376443418,,0.0161662817551963,,,0.0138568129330254,0.0115473441108545,0.0207852193995381,0.0115473441108545,0.0115473441108545,,,,,
ZBTB33__PRJNA524331,0.0129870129870129,0.0129870129870129,0.0,0.0259740259740259,0.0,0.0259740259740259,0.0,0.0,0.0259740259740259,0.0129870129870129,0.0,0.0129870129870129,0.0129870129870129,,,,,,,,,,,,,0.0389610389610389,0.0519480519480519,0.0,0.0259740259740259,0.0129870129870129,0.0,0.0259740259740259,0.0,0.0389610389610389,0.0389610389610389,,0.0,0.0129870129870129,0.0,0.0259740259740259,0.0,0.0,0.0,0.0,0.0129870129870129,,,0.0,,0.0389610389610389,,0.0259740259740259,0.0259740259740259,0.0129870129870129,0.0129870129870129,0.0129870129870129,0.0129870129870129,,,,,
ZIC3__PRJNA524331,0.0805687203791469,0.0331753554502369,0.0900473933649289,0.0284360189573459,0.1042654028436018,0.0284360189573459,0.0379146919431279,0.1279620853080568,0.0568720379146919,0.0426540284360189,0.0805687203791469,0.0758293838862559,0.0805687203791469,,,,,,,,,,,,,,,,,,,,,,,,0.0764331210191082,,0.0616113744075829,0.0379146919431279,0.0284360189573459,,0.0,0.0473933649289099,0.0284360189573459,,,,,,,,,0.0236966824644549,0.0284360189573459,0.0236966824644549,0.0284360189573459,,,,,0.0521327014218009
ZNF143__PRJNA524331,0.0,0.0114942528735632,0.0,0.0,0.0,0.0,0.0,0.0114942528735632,0.0,0.0344827586206896,0.0,0.0,0.0,0.0114942528735632,0.057471264367816,0.0114942528735632,0.0459770114942528,0.0459770114942528,0.0114942528735632,0.0229885057471264,0.0114942528735632,0.0459770114942528,0.0114942528735632,0.0229885057471264,0.0114942528735632,0.0,0.0,0.0,0.0,0.0114942528735632,0.0,0.0,0.0114942528735632,0.0,0.0,0.0229885057471264,0.0,0.0114942528735632,0.0229885057471264,0.0114942528735632,0.0114942528735632,0.0,0.0114942528735632,0.0,0.0,0.0114942528735632,,0.0,,0.0,,0.0,0.0,0.0229885057471264,0.0229885057471264,0.0,0.0,0.057471264367816,0.0344827586206896,0.0689655172413793,0.0459770114942528,0.0229885057471264
ZNF236__RPE1_essential,0.0,0.0,0.0125,0.0,0.0,0.0125,0.0,0.0,0.0,0.0,0.0,0.0,0.0,,,,,,,,,,,,,,,,,,,,,,,,0.0131578947368421,,0.0131578947368421,0.025,0.0,,0.0,0.0,0.0,,,,,,,0.0125,,0.0125,0.0125,0.0,0.0,,,,,
ZNF236__exp7,0.0905511811023622,0.0708661417322834,0.0551181102362204,0.0708661417322834,0.0748031496062992,0.0314960629921259,0.0826771653543307,0.0551181102362204,0.0669291338582677,0.0787401574803149,0.0905511811023622,0.0866141732283464,0.0905511811023622,,,,,,,,,,,,,,,,,,,,,,,,0.0118577075098814,,0.0798319327731092,0.0590551181102362,0.0472440944881889,,0.0,0.0669291338582677,0.0472440944881889,,,,,,,0.0590551181102362,,0.0629921259842519,0.0669291338582677,0.0433070866141732,0.0511811023622047,,,,,
ZNF236__exp8,0.0334190231362467,0.0565552699228791,0.0334190231362467,0.0359897172236503,0.0334190231362467,0.0308483290488431,0.0308483290488431,0.0308483290488431,0.0231362467866323,0.0565552699228791,0.0282776349614395,0.0308483290488431,0.0334190231362467,,,,,,,,,,,,,,,,,,,,,,,,0.0308483290488431,,0.0412087912087912,0.0334190231362467,0.0565552699228791,,0.0462724935732647,0.0411311053984575,0.0539845758354755,,,,,,,0.0308483290488431,,0.0411311053984575,0.0282776349614395,0.0565552699228791,0.0539845758354755,,,,,
ZNF292__RPE1_essential,,0.0185185185185185,,,,,,,,,,,,,,,,,,,,,,,,,,,,,,,,,,,0.0095238095238095,,0.0097087378640776,0.0185185185185185,,0.0,0.0,0.0277777777777777,0.0,,,,,,,,,0.0092592592592592,0.0,0.0,0.0092592592592592,,,,,
ZNF296__exp8,,0.0464135021097046,,,,,,,,,,,,,,,,,,,,,,,,0.0443037974683544,0.0443037974683544,0.0316455696202531,0.0464135021097046,0.0421940928270042,0.0295358649789029,0.0379746835443038,0.0443037974683544,0.0443037974683544,0.0443037974683544,,0.1160337552742616,,0.0921985815602836,0.0675105485232067,0.050632911392405,0.0527426160337552,,0.0063291139240506,0.5464135021097046,,,0.0632911392405063,,0.0527426160337552,,,0.0421940928270042,0.7320675105485233,0.7215189873417721,0.6835443037974683,0.5210970464135021,,,,,
