Index,ULM_CollecTRI,random,AUCell_CollecTRI,VIPER_CollecTRI,Consensus_CollecTRI,GSEA_CollecTRI,GSVA_CollecTRI,MDT_CollecTRI,MLM_CollecTRI,ORA_CollecTRI,UDT_CollecTRI,WAGGR_CollecTRI,Zscore_CollecTRI,ULM_TFLink,AUCell_TFLink,VIPER_TFLink,Consensus_TFLink,GSEA_TFLink,GSVA_TFLink,MDT_TFLink,MLM_TFLink,ORA_TFLink,UDT_TFLink,WAGGR_TFLink,Zscore_TFLink,ULM_ChIP-Atlas,AUCell_ChIP-Atlas,VIPER_ChIP-Atlas,Consensus_ChIP-Atlas,GSEA_ChIP-Atlas,GSVA_ChIP-Atlas,MDT_ChIP-Atlas,ORA_ChIP-Atlas,UDT_ChIP-Atlas,Zscore_ChIP-Atlas,pySCENIC,PISCES,hdWGCNA,scMINER,TIGER_DoRothEA,TIGER_CollecTRI,TIGER_ChIP-Atlas,metaTF_Prior,metaTF_PUIC,metaTF_Merge,scRegulate_CollecTRI,scRegulate_TFLink,scRegulate_ChIP-Atlas,MLM_ChIP-Atlas,WAGGR_ChIP-Atlas,UCell_TFLink,UCell_CollecTRI,UCell_ChIP-Atlas,metaTF_AUCell,metaTF_UCell,metaTF_ULM,metaTF_VIPER,pySCENIC_AUCell,pySCENIC_UCell,pySCENIC_ULM,pySCENIC_VIPER,pySCENIC_v9
ADNP__PRJNA595864,,0.5382655035545678,,,,,,,,,,,,,,,,,,,,,,,,0.4582805557231035,0.4682027464463076,0.4661821179403663,0.4445081126726582,0.4704646440275851,0.4576572772784848,0.5335464543498804,0.4907010877214146,0.4609445684299415,0.4582705028449645,,0.599718588215076,,0.4805902038332826,0.4605161787365177,0.5002713141179099,0.4827336851720288,0.4978508072051868,0.7552342971086741,0.5033339242128803,,,0.3600736734520057,,0.4570541045901442,,,0.4804102186195038,0.4583955244507833,0.4698663305582274,0.4876060013046314,0.5006799562174533,,,,,
AHR__PRJNA551220,0.5386566762986359,0.498890240194588,0.4660607486056044,0.4938075398158726,0.5104159666689067,0.605174383441973,0.4932161817082185,0.4947449768160741,0.5125260399166722,0.5551239836032524,0.4749479201666555,0.5355722061689403,0.5344634097170889,0.506679061784897,0.5197082379862701,0.5260512013729978,0.5056135583524027,0.4755577803203661,0.531578947368421,0.4275815217391304,,0.0989487986270022,0.4830449084668192,0.5050343249427918,0.5067005148741419,0.2957753708741851,0.3301396232226272,0.3379908628920487,0.3385221497869719,0.4370668856834864,0.3333684102458806,0.4786612596889276,0.4355705559262872,0.3069734613212874,0.2957882038909706,,0.6536554581498402,,0.3534252439603061,,,,0.4658598912130836,0.1974494485294117,0.0813370331279152,0.553446992257296,0.3345637583892617,0.4561829122845061,,0.2975668600174528,0.5132549484012857,0.5894016753091345,0.3487469261759012,0.2114251361286934,0.1755507338511291,0.0786948229635976,0.0837751181624699,,,,,
ASCL1__exp8,0.3624593333019001,0.454683226140312,0.3773492385308123,0.395690508746287,0.3745768305907869,0.5196567494931397,0.4009712857749068,0.4085058229996699,0.4359187137535951,0.4383610731293318,0.3765948418124381,0.3610165495780093,0.3625724928096562,0.5394228265876274,0.4505437285963191,0.5162918310536119,0.549676566599243,0.624897362465704,0.5061782788937176,0.5407445977609997,,0.793563374922396,0.462980393727595,0.5361985059980373,0.5394428534235876,0.4278110445775116,0.4660923766502084,0.4499212102111566,0.4496760864236439,0.492271597156564,0.4601533774556151,0.4636341352382953,0.4960184893371152,0.4315579367580628,0.4278390587246559,0.5130279980579382,,0.4457768268091067,,0.5298278443113773,0.3871315809938564,0.442251497005988,0.4202687062849092,0.3948611764172695,0.3074151381779029,0.4277129194847714,,0.5808982785367938,,0.4395489722309766,,0.3734441229899751,0.4807068440684264,0.3749091854604966,0.3349393167687613,0.3270547028548267,0.3145700935294162,0.536681738563689,0.4639700191453827,0.423927654894293,0.4547571523619427,0.4550158941376506
ASCL1__pilot_14,0.4279814901593252,0.5181582611386139,0.4056516936671576,0.4313077386530995,0.4195047864506627,0.5937709198018477,0.4021204311152764,0.469448721381711,0.4302533806399786,0.6037956888472352,0.4123753179809881,0.4289354331235774,0.4272367452135493,0.4496298209366391,0.4683539944903581,0.4228477961432507,0.4614755509641873,0.5190857438016528,0.4297434573002755,0.4695850550964187,,0.2193612258953168,0.4602617079889807,0.4490185950413223,0.4496298209366391,0.3218612482558763,0.3325406514972631,0.3478520446495653,0.350662766985081,0.4927182837823334,0.4131694751529462,0.4929832564130084,0.4632962595255984,0.3221161586347537,0.321847831920146,,,0.4891211219336219,,0.5193821662571663,0.3807553216511819,0.2813116843952187,0.4127651515151515,0.3645567070460102,0.5798368851892788,0.664004914004914,,0.2364853390693988,,0.3248899860470108,0.4432682336674732,0.4577280537332084,0.345860194493007,0.623614705220522,0.5934265301530153,0.575386054230423,0.569124099909991,,,,,
ASCL3__pilot_14,,0.5087764185072353,,,,,,,,,,,,,,,,,,,,,,,,,,,,,,,,,,,,,0.5949288806431664,,,,,0.3646982686560926,0.481259985581794,,,,,,,,,0.6177368938816958,0.5741513153719219,0.48169844027672,0.4801067847169332,,,,,
ASCL4__pilot_14,,0.494442555277892,,,,,,,,,,,,,,,,,,,,,,,,,,,,,,,,,,,0.3858334954709557,,0.5527520607734512,,0.5038582511190375,,,0.3614142392546823,0.3663269467939443,,,,,,,,,0.2605178249454338,0.2781015721380445,0.382542387625344,0.3697213171796413,,,,,
ATF4__exp7,0.4213626478998647,0.4957777076982375,0.4406003321860927,0.4386568723138302,0.4355233643259533,0.4346928990941935,0.4440934230578243,0.5169945720107532,0.4504032465197514,0.4337340114039143,0.4846064279721237,0.4218078457560658,0.4250612147052276,0.4717843147877277,0.4933817288766094,0.4658973942250393,0.4764974628455857,0.4944832692272965,0.4837567943369991,0.5282518012893439,,0.5105188074471351,0.5031511277245065,0.4741679758744605,0.471748198710656,0.4053709638125223,0.4535897003429471,0.4190076397868606,0.4140102321920504,0.4591430695326799,0.4146474016603886,0.4602050186465771,0.5475097293279112,0.4228369033563839,0.4054146911289769,0.419753086419753,0.4714252850898813,0.5020857489371343,0.4403368904128341,0.5160937132768119,0.4056894298690499,0.4255666601345614,0.4192107620919753,0.3307344246678884,0.4116553528318234,0.4075877825877825,0.4292063492063492,0.3889154102186684,,0.4070138615593161,0.4846739445895564,0.4387227759320782,0.4484222604704532,0.3639959525342655,0.374138465574396,0.4017893341782588,0.3984266669392232,0.423241230648638,0.4333529296492259,0.4528316676464824,0.4584477065680073,0.45600756859035
ATF5__K562_essential,0.3607703951145676,0.4893695182991229,0.232162430189467,0.4298936966090784,0.3511317570506463,0.4380534822624701,0.3211371505123788,0.3736277119543469,0.3683386398037475,0.4624458479043791,0.3629973728621883,0.3660594672651669,0.359343737494998,0.4932586367880486,0.569859943977591,0.4873202614379084,0.490905695611578,0.5768067226890756,0.5123062558356676,0.4774976657329599,,0.4223342670401493,0.5002054154995331,0.4931465919701214,0.4932959850606909,0.3711484593837534,0.414719172340469,0.4874665194544971,0.3772107383099225,0.4899916170847901,0.3738473491586415,0.502852235784825,0.5187491054816087,0.3800834202294056,0.3711689055184117,0.3475592484184685,0.5179639652471157,,0.5242826860473919,0.5045331357601045,0.3817649926864944,0.5642446952395734,0.4009894867037724,0.3268219052326813,0.4776697195732226,0.6552541808802729,,0.4679635350284072,0.5418225684434358,0.3719049663661085,,0.4800857843137255,0.410034297319421,0.6028574109069466,0.4979226140216852,0.4665205795236755,0.485129937142321,0.4038088608224355,0.3715379642981453,0.3068469991546915,0.3251144769284959,0.4623226339716214
ATF5__RPE1_essential,0.3085050798258345,0.4858823529411765,0.2468795355587808,0.3802612481857765,0.2705950653120464,0.3174455732946299,0.3032801161103048,0.3648185776487663,0.3172714078374455,0.3779100145137881,0.3224673439767779,0.310043541364296,0.3011030478955007,0.3892368501064153,0.334448160535117,0.4107631498935847,0.3784737002128306,0.4740650653694132,0.4158710854363028,0.3526907874733961,0.5438127090301004,0.3977500760109455,0.5017938583155974,0.3933718455457586,0.3892368501064153,0.2274044303205907,0.1277315636975418,0.2976726796896906,0.2072530143004019,0.4487148331619777,0.2429946723992896,0.6006168800822507,0.4659313954575194,0.643555472474063,0.2273857369847649,,0.3654830584220362,,0.4723921474551197,0.8813609467455622,0.3768099547511312,0.4265088757396449,0.3205810498514361,0.5058903313311374,0.3062399729798192,0.3719658119658119,,0.4682024915958078,,0.2275165903355454,,0.4615748317875977,0.2622801179043453,0.1551249093665546,0.340083053193593,0.2542086876277107,0.4379276250741546,,,,,0.615656108597285
ATF5__exp8,0.3995319640988932,0.5103384270050937,0.4136391167887231,0.4007158196134574,0.4324101095754639,0.5858322779582622,0.4682231154672099,0.4806398326083365,0.3977203898463741,0.4539012168933429,0.4039480204834535,0.4025659379990088,0.4022685975441881,0.5148162873915382,0.5674509437051243,0.5082559580887339,0.4944804359520078,0.4022850059639357,0.5037420773206727,0.5088523516617163,,0.7957176602661552,0.4818392310031106,0.5141614238604205,0.5148045933999111,0.4829018934282091,0.5078558868032552,0.4808980493191019,0.4932728090622827,0.5580378685641844,0.4916533758639022,0.4981638244796139,0.5093485461906515,0.4838138469717417,0.4829141618615303,0.4519703269703269,0.4288214906192434,,0.4782482474790167,0.5025058275058275,0.4019673508309871,0.4741958041958042,0.533751542575072,0.4542080436120171,0.12226732258278,0.535380087538361,,0.5832465406933491,,0.4821412505623032,0.5486746455125902,0.3627720594012729,0.4965327035732763,0.117702221150497,0.1144222954567782,0.1051875965669069,0.1212634747117505,0.4096379810665524,0.3954616811759669,0.406878835450264,0.4731449106449107,0.3495208495208495
ATF6__UPR_epistasis,0.3848314386484354,0.5192277683804483,0.3394468220574882,0.3752338625068806,0.3639755293173018,0.489084325370377,0.3698077818778316,0.2895754954435037,0.3412455834683319,0.5503002379007027,0.3033116342382551,0.3832083191539078,0.3986020785338918,0.3698484945042781,0.3453835601275906,0.4207136891604979,0.3364783776803592,0.5234905631899002,0.3353782270804754,0.2868340818605961,0.3392554194156456,0.6968112403191778,0.2998614749397097,0.3682619968404211,0.3699826592115811,0.4786383809573082,0.545907292395385,0.4825051343016338,0.5043818705728598,0.4865552153932324,0.4935902771060759,0.5435982625478283,0.524027181993841,0.4602696155066031,0.4786271338562485,0.1874518036157998,0.4380112256251941,0.4239051449374419,0.4813656725741108,0.3219091040529978,0.1988655200365199,0.5227882294997853,0.4780705499660426,0.2964684917238856,0.2900966203951167,0.401436064205596,0.4383836003770028,0.7095895659618953,0.4953358271905416,0.4822082108336576,0.4611552443786185,0.4390288588487059,0.5303394514219488,0.3504516231309317,0.3308781911790751,0.2955125021519132,0.2868144375734592,0.3338478778748321,0.3926840671777479,0.2755757085500976,0.4241281809613572,0.1718546167241949
BACH2__exp8,0.4653778742773433,0.4901152536811451,0.5191670808590787,0.474177937060193,0.531064430899626,0.5575535616187511,0.5221126428963822,0.5075627174510162,0.4834802626415884,0.4074711591283648,0.4500013079760379,0.4615167290135245,0.4715829126010411,,,,,,,,,,,,,0.5766548153329059,0.569501272561248,0.5567756600804337,0.5711837733869557,0.539344485244118,0.5461172310621515,0.5561306366691923,0.471453828369373,0.5688562491500069,0.5765693303025005,0.4821765286881566,0.4739548985694792,0.5061021957656142,0.5208031734347524,0.4934246954595792,0.5138930836605256,0.5648062015503876,0.5320807392724531,0.4578352825806127,0.4795660102497458,,,0.5623474525881604,,0.5804977560179518,,0.3912240098547911,0.5677098613214503,0.5648031465994577,0.5100155717637674,0.4617558330469316,0.4606187124230427,0.5111532985287138,0.5025425452573056,0.4877618821615025,0.4739987080103359,0.497641606168738
BHLHE40__pilot,0.4732459934438171,0.5183977643223102,0.3891026224731378,0.4724947641595337,0.4589498725186669,0.5875694317974868,0.4300730741212893,0.5457453105081042,0.4706508377344746,0.4196526133673283,0.569898470224003,0.4741508832635221,0.4680215352394828,,,,,,,,,,,,,0.5910350982498263,0.5690592026284197,0.5739085107727301,0.584420610349403,0.5575796107916852,0.5749233904087951,0.5051375813483288,0.4871817147911796,0.6021316421305364,0.5910390471978265,0.5737348178137652,0.534368954136793,0.4924431009957326,0.5121129486277269,0.4608495352186437,0.5033158951595857,0.4285084340280594,0.4984502055222947,0.5508638539708647,0.4433297239357746,,,0.4535040766273366,0.5824856258292791,0.5926186263979276,,0.4153223543934463,0.5641287296708926,0.4472826660568533,0.4420889916971574,0.4117625070363073,0.4100408105826063,0.5351747424115846,0.4683583959899749,0.4508145363408521,0.4503911806543386,0.3296023521192361
CDC5L__RPE1_essential,,0.4810313936277946,,,,,,,,,,,,,,,,,,,,,,,,0.5029087963474356,0.6006112154350307,0.5017121396222247,0.5227548878824699,0.4881807135756102,0.4921204757170735,0.4922861666482565,0.316506498766523,0.4043963327073898,0.5028535660370412,,0.1359375645207911,,0.0861460957178841,0.273018648018648,0.5260138146167558,0.52,0.676576928079074,0.5222502099076407,0.643681601969198,,,0.5605281607852302,,0.5034242792444493,,,0.5377195939618684,0.4475214873672457,0.6039443275947132,0.5814182960712524,0.5861052686245488,,,,,
CDX2__extend_61,0.3675284870620147,0.4919679947612908,0.6064033148581254,0.4187624814446972,0.4263981887888593,0.6031194267345871,0.4644485737780198,0.5888465276220378,0.5041435726566922,,0.6847253815183845,0.3679770181227907,0.3685483612597315,0.4074037074037074,0.4424575424575425,0.4196692196692196,0.4087579087579088,0.5486735486735487,0.4114885114885115,0.4141192141192141,,,0.4299478299478299,0.4040848040848041,0.4074148074148074,0.5655703634427038,0.5638557659834256,0.4842785268317183,0.5880593008252583,0.5440296504126292,0.5516933814806154,0.6141116566648481,,0.5754336286251179,0.565592012400523,0.3182458567073952,0.4122636139903642,0.2501872353173468,0.1194613781378707,0.4966441226318311,0.5034257147464695,0.5594653573376978,0.3956776556776556,0.5022915541932974,0.2851283162124708,0.6114347499889669,0.2003205128205128,0.5698280080302551,,0.5674538227729717,0.4539537290466658,0.3698133493355336,0.5541979079885218,0.2074238081654645,0.2266579732587149,0.3004681762407349,0.2821893804588489,0.2884217232043319,0.2867494824016563,0.3099750491054838,0.3141423793597707,0.38076820758385
CEBPA__PRJNA551220,0.0967387944358578,0.4803030303030303,0.296543019062339,0.0868675940236991,0.1147810407006697,0.6160484286450283,0.46854714064915,0.5616280267903142,0.2145749613601236,0.3018907779495106,0.4544152498712004,0.0959247810407006,0.0892735703245749,0.4360745614035087,0.4017653508771929,0.4219298245614035,0.3779824561403508,0.628015350877193,0.5703289473684211,0.4663267543859649,,0.4251425438596491,0.4217324561403509,0.4280482456140351,0.436063596491228,0.1329240456513183,0.1433805588351042,0.151625344352617,0.068142463597009,0.5028571428571429,0.1815859897678079,0.3078394332939788,0.1984809130263675,0.1334750098386462,0.132939787485242,0.0150592216582064,0.0493552522434205,0.0291128337639965,0.0165982388849873,,,,0.4889924433249369,0.5870113357843137,0.1762255285826155,0.371837899543379,0.399821029082774,0.0705985037406483,,0.1317827626918536,0.5123476005188067,0.195651376146789,0.2219534697152025,0.0954545454545454,0.0725768171222716,0.0520300911210002,0.0544522144522144,0.0214207650273224,0.0222222222222222,0.0129690346083788,0.0316098484848484,0.0167676767676767
CEBPB__PRJNA551220,0.4073824437446011,0.509650750252254,0.4938544196658571,0.507218587426836,0.3959357435319364,0.5651570967604482,0.4979605117895201,0.522263928755428,0.3941189914508062,0.4466808443055087,0.3834199098983936,0.4032221202155311,0.4062164685283533,0.3768549663632766,0.4047041946972695,0.3583630127951457,0.386657433056325,0.6074561403508771,0.3808122279382667,0.5648826012399419,,0.5164803456008442,0.4499406410763751,0.3773578683550982,0.3768549663632766,0.3725370095841729,0.356540702405364,0.4247927966314842,0.3252996718478605,0.5288102191724885,0.4082549940376324,0.4753175737454616,0.3800587655679932,0.3703384790192719,0.3725399685755119,0.2118112540233833,0.2924662470880472,0.4487122198260509,0.488058498675596,,,,0.2922714005837431,0.1416984556980687,0.3098348847843964,,0.3416258767724681,0.2905143157144732,,0.3760345373469091,0.401850930829018,0.3470235221080223,0.4150719759688029,0.3274173991877341,0.2877186609244025,0.2407879202137575,0.2186123286601755,0.2076776641056192,0.1704123697221194,0.1438432145938617,0.1275774663932558,0.183825364276492
CEBPB__exp8,0.4967655966081163,0.4313390313390313,0.5164869775893398,0.4594306480920654,0.5242398546335554,0.5023379769836462,0.5100181708055723,0.4478740157480315,0.5609448818897639,0.4488673531193216,0.5225439127801332,0.4990430042398546,0.4954330708661417,0.4656547465912014,0.4760483663493696,0.4332904553640339,0.4599434010805248,0.5799845639310522,0.4557756624646257,0.562541806020067,,0.3917159763313609,0.5204527913558014,0.4662207357859532,0.4656547465912014,0.4174718848403059,0.4639136302294196,0.3995501574448942,0.4582456140350877,0.4643634727845254,0.4305173189383716,0.4345299145299145,0.5501934322986954,0.406693657219973,0.4173819163292848,0.4297297297297297,0.5009891481801594,0.4667984971326874,0.4806119806119805,0.4577564102564102,0.5861888111888112,0.5227282051282052,0.5175436328377505,0.626468233753002,0.4373938364474642,0.512174875484228,0.3730488489612577,0.4011167805911235,,0.4322447143499775,0.4891456369717239,0.474675885911841,0.4189094914631908,0.5018960605167502,0.4802927596031044,0.4102858826996758,0.4125454366833677,0.4929356357927786,0.4773417059131345,0.478283621140764,0.4898504273504274,0.5018993352326685
CEBPE__PRJNA551220,0.2208660097755313,0.5031611074776542,0.1918428163188151,0.2186834325871164,0.1813318168604882,0.5457777297702575,0.3057228317588808,0.4415334590353771,0.2312642268609488,0.1670291057946312,0.1531521084744039,0.2202671512602239,0.2209613188230603,0.3185177421972197,0.3666427760047601,0.3435184183480283,0.3258336939470979,0.3954028506518093,0.3656657380862227,0.402093362903662,,0.8864100448964137,0.3513448639584573,0.3180748634175366,0.3185143614431763,0.353611258404307,0.436900201545628,0.3740946524278301,0.3973700783006585,0.3541415139098032,0.3262636643931608,0.4213262211954168,0.4027114621340539,0.340358510964883,0.3536525139813937,0.0554880243738294,0.041521396683465,0.5697501799225072,0.058283842480135,,,,0.4672177335497561,0.4817135262378332,0.0280164278913595,0.0742267242957102,0.4379798174882913,,,0.3533746455357219,0.3507824090921815,0.4860405253778628,0.4003237842938645,0.0428845190127073,0.0340535853943309,0.0200989331139756,0.0261635029457135,0.065708557275959,0.0599014933252461,0.035038947764505,0.2900588620013081,0.0397752299088373
CLOCK__RPE1_essential,0.5711708658155387,0.5209580838323353,0.5657251534666515,0.5353933642149663,0.584562949572553,0.5868451775693895,0.6056453131472903,0.5343689978533499,0.5541445411064663,0.5116032086769857,0.5512823409784205,0.5710541181787369,0.5857605543629721,0.4228775650280466,0.5757891331960585,0.4199348338895332,0.4360527955945816,0.5229462024567466,0.4614013080558251,0.5560815128636009,0.3984047714846986,0.5629294770143508,0.583852058728393,0.4264435555765938,0.4228854543876673,0.5023876912032557,0.4348605340958423,0.5163839999223909,0.5278361866788901,0.4633964149465346,0.5211593823289024,0.5176281701481605,0.5509976401995523,0.5353327367136929,0.5023876912032557,0.6015469061876247,0.4090961134125778,0.6439683447176,0.4432174233581126,0.482310105064596,0.6210446753551719,0.482315369261477,0.4494547385914865,0.2970004575232406,0.4428705706041265,0.654193834553116,,0.5130920677924357,,0.4985654450515737,0.4292603981226736,0.5866564742854716,0.4587240845873148,0.3990237177743912,0.4464387420531687,0.393748920325587,0.4087044420157115,0.5339868208787903,0.4061739534629371,0.3388975473710114,0.4169469280616849,0.3297287777386403
CREB1__exp7,0.5083615391466999,0.5016708183972295,0.5164966895282206,0.5271295389091772,0.5041195332680146,0.4616549389863721,0.5293748701048069,0.5297125976069594,0.4931341112199757,0.5098015201448888,0.5393767999762478,0.5074374276298209,0.5051030254446127,0.5079375019569778,0.5118044900898644,0.4856905783260794,0.4810486269843754,0.4447662585715627,0.5047828537433071,0.5203525691204559,,0.4924460656918307,0.4943639039358737,0.5065989291417478,0.5079609856905783,0.4615967851997877,0.4623549927970278,0.4675866252179847,0.4389399174636872,0.5015597413428939,0.4483985572392578,0.4864551628521603,0.4799102065574125,0.4683827431950868,0.461724055760753,0.4833798696981785,0.4935054526719524,0.4865967231298962,0.5280426255781586,0.4772008905940938,0.5654006433109917,0.4802481720592492,0.4803490412187072,0.7668427619885456,0.4482650486428144,0.4867163608562691,0.3335779816513761,0.5051734841691384,,0.4475509894609144,0.507054929741029,0.4345752435815376,0.4607825798607273,0.4428584509413564,0.4836126585419165,0.4315338173526232,0.4292299012860577,0.5059633027522936,0.5162249405368672,0.4848793747876317,0.4899979306063323,0.4686797496810255
CREB1__exp8,0.4796778811739441,0.5396464646464646,0.4789262705798139,0.4908518253400143,0.4825125268432355,0.5731710808876163,0.4706227630637079,0.4726270579813886,0.4941159627773801,0.4061703650680028,0.460336435218325,0.4796277738010022,0.4807874015748031,0.5050623289753724,0.4870325326847066,0.521435086652478,0.5295378534508969,0.5621921556704165,0.4947400425661295,0.4732289449680754,,0.4389784128914564,0.5337944664031621,0.503724536333232,0.5050471267862572,0.461812865497076,0.4992503987240829,0.4845401382243487,0.4773684210526316,0.4661350345560872,0.4843274853801169,0.4850877192982456,0.4859011164274322,0.4578149920255184,0.4617012227538543,0.5321560196560197,0.4812280104414936,0.4911661603178313,0.4633229609306164,0.5572585227272727,0.4504796340023612,0.4947757575757576,0.4771925133689839,0.4148920615808033,0.4760718382563808,0.5350392413342053,0.4032183145321831,0.4705142792126521,,0.4476289207868155,0.4993352497305067,0.5287623425263874,0.4901876762855283,0.4847788227098572,0.4426274236619064,0.4698101706722396,0.4805439451991176,0.5018552875695732,0.4879097093382807,0.4636363636363636,0.4664457070707071,0.5193602693602694
CREB1__pilot,0.5720556196334743,0.4463290724352671,0.4733435858003332,0.5551710880430604,0.5307574009996155,0.4960271690375497,0.5384147122901448,0.4395745226195053,0.5458157119056773,0.4222094066384724,0.5717993079584774,0.5721517365115981,0.5721517365115981,0.5648148148148148,0.5556236383442266,0.5125272331154684,0.5581427015250545,0.465754357298475,0.5443899782135077,0.4980255991285403,,0.4747412854030501,0.5535130718954249,0.5674019607843137,0.5648148148148148,0.491307634164777,0.573318216175359,0.4853719265483971,0.5054910853230181,0.4817037926281624,0.4927526566182028,0.5423502734427105,0.5008670134720555,0.5014450224534258,0.4913965586234494,0.5192782526115859,0.5226426138782461,0.5125125125125125,0.4931377551020408,0.5100884466556108,0.6365089989587981,0.5473948524795982,0.5040243979123435,0.4378513558201058,0.5131923278224192,0.3203926818384649,0.320679012345679,0.3494495755201044,0.5191632208438931,0.5026677337601707,0.5795772187281621,0.5031982942430704,0.5254122735874561,0.4853807684690037,0.5046172509407804,0.4875099029510794,0.4906788472964943,0.5400744660003919,0.5758377425044091,0.5283166764648246,0.5482482482482482,0.5092592592592593
CREB3__PRJNA524331,0.3847948429346157,0.5043185864046944,0.4895528496879157,0.3109587639414714,0.3775196971247314,0.5998465159111839,0.3213240560728538,0.4405197994474573,0.4077049012585695,0.4545073160749002,0.3730481940038883,0.38391486749207,0.3865445615471196,,,,,,,,,,,,,0.5391328896955031,0.5541197822141561,0.5175317604355717,0.5329219600725953,0.4467674934462593,0.5330994152046784,0.4578503730590845,0.5377213147812059,0.5411574914297237,0.5391570881226053,,0.494257770891837,0.5205915999346299,0.4954750485326025,0.5295090973725882,0.447131246092435,0.4922958595051916,0.5059561128526645,0.5492817296297366,0.4114628335035216,0.4601077586206897,,0.5449816034910584,,0.5444565436579956,,0.4234741232450214,0.5289451132421954,0.414604462474645,0.4431771111348351,0.3590007473043664,0.2902060424895911,,,,,0.4918836948638491
CSRNP1__PRJNA551220,,0.5098090130100373,,,,,,,,,,,,,,,,,,,,,,,,,,,,,,,,,,,0.3425950120488923,,0.5295115709835336,,,,,0.5464262289422811,0.2285432774144212,,,,,,,,,0.3063462359237007,0.3457583816098541,0.2348999698551555,0.2406394288596593,,,,,
CTCF__PRJNA524331,0.4861864320065486,0.4762972242368299,0.3938657525836488,0.5403151539957025,0.4903049217231147,0.4787424536989665,0.4477130870766397,0.5101555305433337,0.4929141512329889,0.4117210682492581,0.5078788498925612,0.486288754732426,0.4856492376956922,0.4972309299895507,0.4702194357366771,0.4821316614420063,0.4684952978056426,0.4868861024033438,0.48521421107628,0.5194879832810867,0.4850856780198858,0.4283699059561128,0.4666666666666667,0.4982236154649948,0.4972309299895507,,,,,,,,,,,0.3232953658917148,0.4864513734224202,0.5592008498120609,0.419429869638124,0.3885531461073587,0.5050738229211754,,0.3818843288947686,0.5460010983611296,0.4193700416306652,0.4760775862068965,0.382275422798155,,,,0.5177658319129409,0.4980027022263995,,0.5311839436318992,0.4967011850112096,0.4292516280559411,0.4175723283868902,0.3389138763951357,0.3693153423288356,0.4379893386640013,0.4241629185407297,0.3351684578360915
DDIT3__exp8,0.5162338750209415,0.4539444882234481,0.4484168202378958,0.4713128943988385,0.5034902552074608,0.5837046964874071,0.471793153515385,0.4635952420841012,0.5449935779304182,0.4125984251968504,0.4806388563131736,0.517529457753951,0.5169151728374379,0.5133897862852534,0.4942005265779548,0.5271472283498185,0.4981617211034417,0.4420645650987926,0.5260324011480348,0.4745368723167058,,0.3795393628881141,0.4884840722028511,0.513010270642093,0.5133897862852534,0.4441375305876985,0.44294305503712,0.4581062585541868,0.4617477499896313,0.5154493799510598,0.4557670772676371,0.5272531209821244,0.4684583799925345,0.4388121604247024,0.4440711708348886,0.4697143952463101,0.4097714736012608,,0.4937663346754256,0.4867833924349882,0.5182716219950262,0.5895886524822695,0.460355205912152,0.6585277481430786,0.4589569769783207,0.462804224705342,0.456282031371331,0.5376312589318208,,0.4477707270540417,0.4797465870546352,0.5787844981007783,0.4569136241304016,0.5079073938208202,0.4574785105477206,0.4371212738784272,0.4549921650679782,0.4415979157620495,0.4167028513533072,0.4656245476914169,0.4278959810874704,0.4624376149198844
DLX2__PRJNA551220,0.2818465683612515,0.5109319427501245,0.3847983416182797,0.278520406031998,0.264518672459167,0.4180939053427461,0.3285459918960692,0.4166214127574251,0.2898225698650737,0.5095973098291491,0.3817410919420193,0.2814105643510589,0.2833921634153473,,,,,,,,,,,,,,,,,,,,,,,,0.4739159824469853,,0.499562685807204,,,,0.4152625547461819,0.4964143543819554,0.0596930622870325,,,,,,,0.4254990081824944,,0.1210374392192574,0.0941156509338327,0.0384540214085668,0.0599141337777701,,,,,
E4F1__K562_essential,0.463379917184265,0.518613387978142,0.3863008971704624,0.4724163216011042,0.3840795376121463,0.6013198757763975,0.3131469979296066,0.4131944444444444,0.387724292615597,0.372196342305038,0.3251164596273292,0.4663561076604555,0.4570824706694272,,,,,,,,,,,,,0.2149229521492295,0.3671684914841849,0.2254283252230332,0.2320306163828061,0.2970017234387672,0.2926804541768045,0.4738696269261962,0.4406680859691809,0.207978507704785,0.2148976074614761,0.4146184456928838,0.469187675070028,,0.3521858181474837,0.4503818638824439,0.4609641638225256,0.1745547493403694,0.3374909812409812,0.711046918767507,0.4515981443649983,,,,0.209309103811841,0.2191681873479318,,0.550754123263889,0.3042154747225647,0.4826305821371611,0.4190340909090909,0.4389453748006379,0.4741576953748006,0.4452662721893491,0.4733111439842208,0.574026134122288,0.5876996007984032,0.6616575591985429
EGR1__PRJNA551220,0.4931434772600217,0.5017346719474378,0.4384557203459502,0.5134006379690224,0.4859416620079581,0.521687658259068,0.4932969405987263,0.5520514759884683,0.4806800618238022,0.5144529580058534,0.4770407883630942,0.4933298255998772,0.482664123559911,0.4347937663307204,0.4528275475923852,0.4574934677118328,0.4440789473684211,0.4792833146696528,0.4527575587905935,0.5384705113848451,,0.4796332586786114,0.4609929078014184,0.4337206047032475,0.4348170959313176,0.4048833178426989,0.4117996767900056,0.4564545705744932,0.3603121572173796,0.5303490835405729,0.4047995846835305,0.424811809724769,0.4962613144431326,0.3994322891808385,0.4049670510018672,0.3320732980523455,0.5360452718773067,0.3801748309417779,0.3974417580929161,,,,0.5016941481918169,0.52596670317063,0.487645578900015,0.4459098416399494,0.5077347803322386,0.309943227038786,,0.4163045207532634,0.4561083974942738,0.4772464051011777,0.4174582447875327,0.5016298981482734,0.4546130851740136,0.4497256450834787,0.4783424183811031,0.3830562337712669,0.3894508390497229,0.3276363213579816,0.390352998065764,0.3506800528077123
ELF3__PRJNA524331,0.2083780541700865,0.5019934095439568,0.5755256013637224,0.3197960729844056,0.2838878717090725,0.5372971778521372,0.3960950817602121,0.4224698528947535,0.3063009028347749,0.3871456531346676,0.4684481343519161,0.2121503882820885,0.2096565439737357,0.671244358478401,0.6432624113475177,0.6110573823339781,0.6470341715022566,0.548388136686009,0.5786911669890393,0.5960348162475823,0.62984597311056,0.8309477756286267,0.6691811734364926,0.672340425531915,0.671244358478401,0.4796814731865123,0.4999253452780888,0.4694413338310315,0.4422172452407614,0.4765210899589399,0.4647256438969764,0.4700012442453652,0.4926713947990543,0.4893741445813114,0.4796939156401642,0.1829450274381438,0.5879732739420935,0.4019612786124836,0.4591524348909929,0.4074557817703245,0.4869135582658239,0.4870811252603549,0.4768690220573882,0.1009969502951615,0.4458957333721062,0.1903257978723404,,0.4365793780687398,,0.4584173198954834,0.6703341153628347,0.3660335641016347,0.4734734986780813,0.6646268361768,0.5170344509584349,0.4389038930241749,0.444437125354061,0.3579761537670881,0.349856100318635,0.424247096310001,0.5322232500770891,0.371669175379358
EOMES__exp8,0.4879110699397869,0.4801775116176739,0.5426057036988023,0.4709852444914974,0.5028253821213524,0.4045788394097797,0.4982465427115728,0.5366373320981936,0.5514060742407199,0.1720373188645537,0.5215642162376761,0.4817838946602263,0.4906504334017071,,,,,,,,,,,,,0.4828935082805052,0.4730355300014742,0.3814143201140105,0.4980195587006732,0.4993562337215588,0.4649565089193572,0.5146297115337363,0.4948842694972726,0.4839451570101725,0.4830114501941127,,,0.4014387245900931,,0.5027223389355742,0.4845301757066462,0.4814789915966386,0.4292493467975425,0.64034090457375,0.1113180287888025,0.5286862946617495,,0.4415393191068668,,0.4875030714040002,,0.541466024612092,0.494344277090311,0.0638462281464309,0.0684986638333494,0.0714178391663178,0.1186290608197302,,,,,
ETS2__PRJNA551220,0.4338002419332696,0.5031596755734686,0.4334336274324549,0.4389425351957995,0.4450425482776386,0.5470792775594779,0.4298304690566056,0.5192666417950221,0.5211045594246575,0.5344706458067862,0.4728745645443402,0.434790262589655,0.4355654826794836,0.4856734312269702,0.4627708573942694,0.5053312159709619,0.4823014629049111,0.5357339272947258,0.4999106308089974,0.4923486223395479,,0.4367025518341308,0.495576225045372,0.4854156354836935,0.4856837430567013,0.4646110989798649,0.4626384349952318,0.4912661196502747,0.4665775945342774,0.3755068907533997,0.450898678598878,0.5251924858650422,0.5326020042463474,0.4759388042374649,0.4646604464216319,0.0856897347357701,0.3166794454413226,0.3560113295478171,0.5584445222986509,,,,0.2273530054299619,0.1657816437703608,0.1008821779755811,,,,,0.4653143000250438,0.4896543592370775,0.4238397898632002,0.4778458052452823,0.2774105347488078,0.2503279944146288,0.0907416892027892,0.0940910519137934,0.0813619519102843,0.0719918232637283,0.0478670252553802,0.1221086254393464,0.0765197881185341
ETS2__exp8,0.395696875470184,0.5391601792875679,0.4165655248507949,0.4060685089523045,0.4014343748432719,0.541631977531471,0.4123727368473845,0.5098249661467475,0.4837705000250765,0.3729675510306435,0.4705702392296504,0.3960529615326746,0.3994332714780079,0.4958034211703556,0.4647231749142577,0.5122275951686087,0.4735317299703896,0.5550241782587393,0.4996059050337644,0.4543488912084868,,0.3360032379694523,0.4756087169546045,0.4988496687472041,0.4957927699550519,0.453808619212575,0.4805266882705702,0.4756583603382128,0.4535031847133758,0.370536745260178,0.4219093381010914,0.5038291056728872,0.1090885387566581,0.4616754199724364,0.4538607665660967,0.1223317266310896,0.425829178495034,0.5,0.4499118767411451,0.4628483280254777,0.4123066424021838,0.5075286624203822,0.269242091741155,0.6876781420797956,0.0552477445799594,0.4702607340878889,0.5497001255288484,,,0.4544194882109733,0.5090506281312153,0.4342660845917126,0.4803596673912713,0.080958017099023,0.0828472883162099,0.0413280620836078,0.0516244885342183,0.1554660080592746,0.1393474587287144,0.0800727934485896,0.088220983722576,0.1100298812613037
FEV__PRJNA551220,0.5483238798133453,0.5084129055420922,0.6129479945472788,0.5496944553318099,0.5622490256835005,0.4659907461501865,0.5906933978194044,0.5094227066894439,0.5088458817410253,0.1733211066164779,0.5234267346038273,0.5479122141450296,0.5500321690836618,,,,,,,,,,,,,,,,,,,,,,,0.0422121293080416,0.3478241483859461,0.6424712238665726,0.5579721764095046,,,,0.6589251925325106,0.2098703267192044,0.0697632884089629,,,,,,,0.5843378253807998,,0.0252790561620487,0.0298062094495326,0.0261510274559426,0.0686332661104301,0.0661489790048892,0.0587758517007869,0.0202020202020202,0.0754132231404958,0.0245103115916513
FEZF2__CRISPRa,0.2042044409407436,0.4335997078473072,0.2421495204309551,0.2163184864012613,0.2152673761660754,0.2905794245171462,0.4301931415057154,0.6580475627381421,0.1456313230850085,0.1723163841807909,0.5151754040204967,0.202759164367363,0.2017606096439364,,,,,,,,,,,,,,,,,,,,,,,,0.2196085067975404,0.6521606352114827,0.2654382286954283,0.2393343109504484,0.400367888582315,,,0.3000124855635671,0.1105454065818109,,,,,,,0.2477041602465331,,0.1610169491525423,0.1901140684410646,0.1030375287319284,0.112876200296449,,,,,
FOSB__PRJNA551220,0.3666705218924252,0.4950182093039236,0.3555990144641061,0.4179064722230984,0.3664392083469142,0.4706775033557988,0.3871347611687643,0.5226284228271422,0.3665373413662219,0.4804627672810495,0.531807364883099,0.3662149043027824,0.3666249601334609,0.463219059553646,0.5110917173887098,0.480203484902733,0.465188268289772,0.3863154911087242,0.4728562477622628,0.4825083542188805,,0.5392573696145124,0.4693802959780403,0.463875462465688,0.4632265186776465,0.4268259054900984,0.4182562438592123,0.4454778369435141,0.430919317746776,0.5218873066739486,0.4397700835548702,0.5338730533535728,0.5039930179076747,0.4544490759704117,0.4269088981519408,0.5083623974124337,0.5082819225360027,0.5302196675397118,0.5197237869670976,,,,0.4603060367723915,0.5335446678671468,0.467372331339218,0.2362625415462988,,0.6125785309967712,,0.4259183405751123,0.4905194243715645,0.3250494081424619,0.4198422248963765,0.2747151838060929,0.3573771106238639,0.487725838375189,0.461019499980539,0.4473935293607424,0.4894985316530983,0.4911837230338401,0.5017908678622964,0.5014871749565627
FOXA1__PRJNA551220,0.5527884418296743,0.4847322765211328,0.5672444643876065,0.5323827092785561,0.5488718264058544,0.470118495620814,0.4560530266518201,0.49238558995751,0.519558148166614,0.5357619672821349,0.4851755829220056,0.5522483145258236,0.5419249583132517,0.5223483776645915,0.5993326730805508,0.5127629220901716,0.5258736559139785,0.4777341539332201,0.5058420581022449,0.5106937370307489,,0.4838473872854179,0.4835585266930767,0.5201553952084512,0.5223601678928504,0.4417890678887746,0.4428660293762933,0.4652621734733171,0.470795089563418,0.4836318780600306,0.4604740323215396,0.5206886629174019,0.5252313668735956,0.4382852403380262,0.441827152970848,,0.5261877198955851,0.3559547294230965,0.4156783319788704,,,,0.5682794194210461,0.5519927393000211,0.260733742558584,0.53830952030245,0.4390921555892328,0.5118141027359916,,0.4410062078683779,0.5720611410959096,0.5974943277103679,0.4407804217400118,0.3509388949271647,0.3493974256437599,0.2582900969997744,0.2485183438262617,,,,,
FOXA2__PRJNA524331,0.2540087879479571,0.4724316075893514,0.294025336681123,0.2853015863958,0.281770714448756,0.4095597466331888,0.3461253138552841,0.5612089134900707,0.3877824697557636,0.475376626341018,0.6894259301529331,0.2534452750513581,0.253573670394887,0.5433420745920746,0.4166958041958042,0.5398892773892774,0.5327214452214453,0.5654865967365967,0.5541812354312354,0.4842948717948718,0.5494189476168004,0.4091783216783217,0.4564393939393939,0.5427884615384616,0.543312937062937,0.4018780926675663,0.3947424651372019,0.4070400359874044,0.4072312190733243,0.4465530814215024,0.4080015744489428,0.4772998200629779,0.5113697705802969,0.4064608636977058,0.4018724696356275,0.2533827880264532,0.2665959257920451,0.3779051221290557,0.1609624921422085,0.4401268834258525,0.420287522797983,0.4413723667905824,0.4763344453711426,0.9180153459281708,0.2171018048011214,0.4188852163461538,0.352921362077413,0.4294295189921741,,0.401417004048583,0.4681558935361216,0.294989188835015,0.4167444242148384,0.4076893307930459,0.3558972374374851,0.2435222672064777,0.1953947368421052,0.3184805834262356,0.393313359345968,0.302942679301375,0.3182483277591973,0.2740292690101485
FOXA2__extend_61,0.290126861555433,0.4822587951079571,0.2667638483965014,0.3189267985186352,0.2998975652036876,0.6032227562839808,0.3243243243243243,0.6080293121109448,0.2690883303128201,,0.6970687889055236,0.2905208415412497,0.2910330155228114,0.2828009828009827,0.2596232596232596,0.3339066339066339,0.2923013923013923,0.4236691236691237,0.3651105651105651,0.3402948402948402,,,0.452088452088452,0.2832104832104832,0.2828009828009827,0.1056162545524247,0.1735671842054821,0.1363171682320618,0.1374353076480736,0.3210976934381189,0.1456136988051881,0.442687368219283,,0.1049134240623602,0.1056162545524247,0.529011529011529,0.4749298271531984,0.302873505475736,0.54158889258227,0.434520560947251,0.5173890872004079,0.4747619960385918,0.3036711711711712,0.8271833640296398,0.4178841464664057,0.737544773689352,,0.2121334817964031,,0.1077566928630758,0.2728825479754848,0.2924545706115672,0.1714964061534458,0.4970266929475829,0.4611298566799184,0.4359736745398055,0.4099488858450539,0.5068546807677242,0.5084214649432041,0.4398746572659616,0.4749314531923227,0.4626302279933564
FOXA2__pilot_14,0.3938373850008607,0.5174571805006588,0.4414436815025916,0.403152076200677,0.4068435246638486,0.5214314404299677,0.3755331560928026,0.4388998335979189,0.4877684907139988,0.525467169060689,0.5984928179331714,0.3949276055314347,0.3876403419849664,0.4674931129476584,0.5381345926800473,0.4636757182211727,0.471310507674144,0.4524203069657615,0.4615112160566706,0.4895316804407714,,0.2180440771349862,0.4665092483274301,0.4636757182211727,0.4674931129476584,0.2952360508440791,0.3231420291632806,0.3589291464143884,0.3141109185973412,0.4942118094420337,0.3690182308836382,0.467547800487588,0.4989343596191294,0.2905748324874653,0.2952360508440791,0.3361383514444739,0.5348014719569295,0.5429035250463822,0.4368774083059797,0.4303849303849303,0.4115186236790377,0.1968730907211003,0.4037770562770563,0.4085616909577789,0.312833063592942,0.6387426387426387,0.5681608713866778,0.21287056654429,,0.2915561416151734,0.4828897338403042,0.4113000401660195,0.3282498751248751,0.2180548411984055,0.2413446701813038,0.2681705670567056,0.2963626719814838,0.2707826932425863,0.3014792693937079,0.2290436835891381,0.2503142019271051,0.3627893845285149
FOXA3__PRJNA551220,0.5390713549716641,0.5288961038961039,0.4267516743946419,0.5051906233900051,0.5639039155074704,0.6559247810407007,0.4480100463678516,0.6402498712004121,0.6261785162287481,0.4005795981452859,0.5153722308088614,0.5357418856259659,0.4996973209685729,,,,,,,,,,,,,0.4931523022432113,0.4607192050373869,0.4230667060212514,0.4768644234553326,0.5383854781582055,0.5293044077134986,0.4717138921684377,0.5248573396300669,0.4942443919716647,0.4931621408894136,0.5317893401015229,0.4094411274609666,0.6122308354866495,0.3684486804726419,,,,0.387975790652113,0.49580078125,0.2180566431741059,,,0.375384455527847,,0.4946674537583628,,0.4117278287461774,0.4874498596068993,0.2362391396482305,0.2315850815850816,0.2232914812460267,0.215691883873702,0.5238615664845173,0.4948542805100182,0.4333105646630236,0.4315104166666667,0.4697691197691197
FOXC1__exp8,0.5076441999773952,0.4923157772522564,0.5582639490637833,0.5032965376935539,0.4878574388727724,0.3526730211355159,0.493764834419621,0.5744490072712203,0.5029499303017745,0.7147006743774253,0.5324341634329202,0.5082394604980597,0.5017744791470444,,,,,,,,,,,,,0.5242787990710428,0.536400011192255,0.5227062872492235,0.539612188365651,0.5047818909314754,0.5209658916030108,0.5003105850751279,0.4747306863650354,0.5199082235093315,0.524273202943563,,0.5020578344055576,0.4448530768379233,0.4745920745920746,0.4759818580542265,0.47188995215311,0.5651419457735247,0.497531261308351,0.4591626567924929,0.4462628107406457,,,0.4939787174159086,,0.5216094462631858,,0.547739368851137,0.5344120770574733,0.3644429778731049,0.3685188240542142,0.4646434092895072,0.452889451074569,,,,,
FOXF1__PRJNA551220,0.517100200598507,0.4908292867673912,0.4372170519692634,0.5103697370296075,0.5166891380841198,0.5651451872800816,0.4877777412388876,0.4315937167724468,0.4639744812391069,0.8152246593661964,0.4453670514211801,0.5185361789820996,0.5249049075383385,,,,,,,,,,,,,0.410372026426185,0.4285923618612207,0.4357976002076582,0.4243889572709688,0.4716102723839667,0.4202064859705092,0.5308431091796663,0.4420943337771191,0.4112219179917439,0.4104180796637276,,,,,,,,0.4483448559229683,0.1117836097204839,0.2724415046346435,,,0.4709370191542421,,0.4096896011789629,,,0.4278319720750015,0.4357644289946031,0.4516576267059826,0.2768437236522342,0.273498261892846,,,,,
FOXH1__PRJNA524331,0.0398026139030025,0.4789542206801178,0.0516317489506773,0.0411609120598964,0.0301915349664754,0.4053475153592176,0.0470836890780887,0.2666070607621993,0.0253882344512176,0.125585859369869,0.0897372364752312,0.0399369510833547,0.0386562699639976,,,,,,,,,,,,,0.1628696153529363,0.2486439102450963,0.1489015967147916,0.1999776436396154,0.4127525386235542,0.2188146422394013,0.5650511254662478,0.5029781025333286,0.1620353701154294,0.1628613787991104,,0.1789503879283516,0.5676976551250631,0.2610847861843819,0.2984995257392527,0.3822979719320105,0.8461412838867156,0.2634103201359953,0.8181401906830759,0.0945582378095452,,,0.0922482787544123,,0.1625730994152046,,0.0404025515957756,0.2613991642160656,0.033829603005027,0.0345802368389906,0.0557736511950962,0.0945424871208676,,,,,
FOXL2__PRJNA551220,0.4526641514747153,0.5023027038837315,0.5330350942876982,0.4411025884717169,0.4716400907517096,0.390824349362082,0.564951792154265,0.4810992604823664,0.4514417553863827,0.3864179634625169,0.5380750781597499,0.4531185500206399,0.4492561623802804,0.6147706222076931,0.5808815517053504,0.6215470742072573,0.6071837201699902,0.5544908466819223,0.6096559333115398,0.5022406559877955,,0.1967078021139806,0.4564944971123461,0.6137013729977117,0.6147910537212598,0.3723530375139635,0.3634188134470461,0.4486789325863295,0.3926072045778426,0.5050268760037253,0.4209547275611646,0.475836040488779,0.3959340114054964,0.3669411710066707,0.3723945920445073,,0.346951488092911,,0.6883258137286496,,,,0.3860005945210195,0.4953378090366581,0.2302433077006636,,,0.4624979993081478,,0.3715415019762846,0.5940498344490901,0.4840047865975269,0.3851828598336211,0.2758466829613075,0.2221480759030166,0.1605732870555004,0.1931836279662366,,,,,
FOXO4__PRJNA551220,0.4923422790501616,0.4926406926406926,0.5384759496042341,0.4984965575382886,0.4988712472483724,0.4469486206735047,0.5027961219615007,0.495892464053206,0.5821179335862489,0.3262423305699967,0.4677813685541661,0.4935412861224298,0.4969228607559364,0.4998006379585327,0.5678827751196172,0.5166267942583732,0.4901714513556618,0.4102671451355662,0.5070374800637959,0.4605263157894737,,0.3725877192982456,0.4347687400318979,0.4994417862838916,0.4998006379585327,0.3998998246932131,0.4622446424099316,0.4564630961325176,0.4624163715072806,0.3381489034381596,0.3881936245572608,0.3971020714822368,0.4775643089692676,0.3249830059747415,0.3998855139351007,0.3366866635902169,0.5358984499189677,0.4710985827264897,0.3688927008162782,,,,0.3726483983410935,0.6291499554367201,0.2056144847061057,0.4387297633872976,,,,0.4022253228864799,0.557222025704516,0.5281845982763413,0.4776574408343361,0.2834922653104471,0.264859658248088,0.1720125604423125,0.1995915929800227,0.3935419771485345,0.3393277032621295,0.1204504056963073,0.1684228650137741,0.14645152826971
FOXP3__exp8,0.5604541619797525,0.4998004469987229,0.5640044994375704,0.5583380202474691,0.559533183352081,0.4199732845894263,0.5352502812148482,0.4753726096737907,0.5489735658042745,0.4110868953880765,0.4751195163104612,0.5618953880764904,0.5650871766029246,0.5224110129001434,0.5769678690874344,0.5170359531772576,0.5120043000477783,0.3720287864309603,0.5205446727185857,0.485412685140946,,0.3130673674151935,0.5051958910654563,0.5232471333014811,0.5224110129001434,0.5357664995822891,0.5275793650793651,0.510829156223893,0.4981986215538847,0.5123068086883876,0.4940058479532164,0.4964285714285714,0.8242272347535505,0.5376670843776107,0.5358187134502924,,,,,0.5111514136904762,0.5742042555658627,0.4628095238095238,0.5163415366146459,0.3812550682524666,0.5290143364127985,,,0.5008548632218844,,0.5388105680868839,0.5668937041219649,0.5580942348849652,0.533849727241732,0.5933679985404122,0.5898900748038679,0.5203087940156906,0.5276010308337894,,,,,
FOXQ1__PRJNA524331,0.4203702454815214,0.503650269424648,0.4339594011329916,0.4108780685190181,0.420151065551659,0.4793802265983275,0.4229161046668465,0.5300782303749663,0.4413103587806852,0.4543937145940113,0.5232667925546264,0.4231690045859185,0.4232027245751281,0.4817148760330578,0.5172176308539945,0.490702479338843,0.4954889807162534,0.5801652892561984,0.4929063360881542,0.5892906336088154,0.4525237032905744,0.4608126721763085,0.4945247933884297,0.4769283746556473,0.4817148760330578,0.4512759170653908,0.4793859649122807,0.4874269005847953,0.4877724614566719,0.5253322700691121,0.4715178096757044,0.4470627325890483,0.4784157363104731,0.4595029239766081,0.4513024986709197,0.2086846976552858,0.3306408607547288,,0.309901429505746,0.416066712107012,0.5074806643844301,0.5135462431001465,0.4847789824854045,0.5088299169397241,0.31799199282115,0.4990767045454545,,,,0.4517543859649123,0.4873833390943657,,0.4300430338891878,0.2181114551083591,0.2636222910216718,0.3192161553616662,0.3144525752884886,0.2796168203776899,0.3019872639437857,0.4470520421607378,0.4539964866051822,0.2181905092994959
GABPA__RPE1_essential,0.3549135220125786,0.4753676470588235,0.3208333333333333,0.3502751572327043,0.3462657232704402,0.4649764150943396,0.3912342767295597,0.4436320754716981,0.5225628930817611,0.2430817610062893,0.4471305031446541,0.3556996855345911,0.3467374213836478,0.3558959156785244,0.4320652173913044,0.3260046113306983,0.3421442687747035,0.5963438735177865,0.3851284584980237,0.4446640316205534,0.5227272727272727,0.4132081686429512,0.3934453227931488,0.3506258234519104,0.3558959156785244,0.0972306601863102,0.2596445929526124,0.1549463345484001,0.0916616038882138,0.299944309437019,0.0921172539489671,0.4118570271364925,0.2281287970838396,0.4167932361279871,0.0972306601863102,0.4817708333333333,0.3217884130982367,0.6407035175879398,0.4367865373278311,0.4694940476190476,0.4199601715686274,0.7535897435897435,0.1375536480686695,0.5039357682619647,0.4957235638492498,0.3765740740740741,,0.295817266495287,,0.0982685297691373,0.3648648648648649,0.4101162332545311,0.2020241038318912,0.3619144530134248,0.4538881748071979,0.4695622679234504,0.4808626106826621,0.3584474885844749,0.4199486301369863,0.4587614155251141,0.4549086757990868,0.4927696078431372
GATA1__K562_essential,0.3982412328445497,0.4809869866486395,0.1804657317880088,0.4673326076284391,0.3474845787709973,0.2436020575868178,0.2763654991355574,0.4082303472711361,0.2811252694713026,0.5778531941687478,0.2539540244605238,0.3957012657147126,0.4520074278030351,0.3216494845360824,0.1911569301260023,0.3955097365406644,0.3063459335624284,0.4504009163802978,0.3881786941580756,0.3472164948453608,,0.2623138602520046,0.5866208476517755,0.3228407789232531,0.3216494845360824,0.3352522136102541,0.5162038778939976,0.3112975644016354,0.3355532144380064,0.5093435673614769,0.3366819675420774,0.4303684751799734,0.2221260691800236,0.3845536408558457,0.3352396719090977,0.175721070311595,0.6678723035605995,0.6442353163718907,0.1102941176470588,0.4211017293754635,0.2534393582210337,0.1443298969072164,0.9380372205114472,0.405722082647492,0.0770721228267851,0.6335612942737573,0.1940833706857911,0.0851111758937799,0.2549351594050217,0.3348257957709383,0.3235527359238699,0.6803318298969072,0.4300405506756327,0.2217728012627632,0.1952350416810536,0.1216725036583962,0.0913365888949177,0.0702738973952296,0.0725919599829195,0.0424571463429512,0.2416198530773504,0.3757534786772576
GATA1__WTX_DIFFEX,0.4997115845619082,0.4952997380181846,0.4078999610451876,0.4858770076711015,0.4675382805945103,0.430688526309481,0.4404328478964401,0.4884315444084862,0.4783482410403931,0.4671112759199328,0.3918685574733309,0.5002322306124896,0.4988145001797914,0.4259828705463228,0.4013482438662966,0.4565371784388472,0.4182396818267322,0.4082007931297915,0.4567598383028711,0.4492124367050947,,0.4881663960197629,0.4245125476511304,0.4267276294018511,0.4260097432885326,0.4562691393506998,0.4500471871401737,0.4589134365868444,0.4494915861499577,0.4914070075823957,0.4593327335958158,0.470508361924716,0.4762383216696069,0.4619186148399986,0.4562756300164733,0.4894001219454997,0.4471409674413011,0.5136218756780379,0.4380834219543896,0.4986902921071087,0.4076406292778468,0.4333458133098094,0.5333816847160181,0.5176619887285889,0.4390047010350936,0.3970120697726486,0.2966819779378501,,0.4350005257439276,0.4532769424290927,0.4368327133049027,0.5031165116963265,0.465668594223636,0.3908491251362994,0.4144796893902668,0.4147067943695435,0.4241003512848173,0.5030112498073663,,0.4844752658344891,,0.4445090699396994
GATA1__exp7,0.4494980726815493,0.4890960475808833,0.3541524952074701,0.4239069940016078,0.4344711726753653,0.3951724280089873,0.2344217013996248,0.5181085482241874,0.3609754086533506,0.6315935934697916,0.3396924535691464,0.4497351225444726,0.478129573516377,0.4269907175930958,0.5067715919219147,0.3396013130149344,0.4178604812938849,0.4586204647725049,0.3041238233951435,0.4535118801765179,,0.8238951327145062,0.512727984174257,0.4260124779896089,0.4269689789352405,0.3143729461042721,0.5099602192827439,0.2560028275141187,0.3678400348927274,0.2945352273667271,0.2301265613367524,0.4419720406981554,0.2685687213770595,0.3039427277991262,0.3143955060573474,0.0468475953106249,0.4894093444633461,0.0574211041409295,0.105045285325332,0.4819854945449276,0.2411801590706577,0.8279468428088385,0.9577589491250758,0.4901311279245141,0.0987159883750367,0.3505838641188959,0.072764331210191,0.133829797423495,,0.3093947164589898,0.5059528608669945,0.6176862687009332,0.4397283401120405,0.2673723756362249,0.1849758634408028,0.1527349982159042,0.1066971261704283,0.0577022882755366,0.0690728945506015,0.052276480301958,0.0575642928978497,0.3097819209516176
GATA2__extend_61,0.4289753767255612,0.5239954230329138,0.4301520952615125,0.3725104499631178,0.4449927991850785,0.5526010748533492,0.4122905616635638,0.4544943622888054,0.5823000456637043,,0.4276581544838245,0.4323299027011837,0.4287294952404369,0.4686746987951807,0.499671412924425,0.4531580868930266,0.4609711573566994,0.5358890105878057,0.4638919313618108,0.5068638189120117,,,0.635815991237678,0.4734209565534867,0.4686746987951807,0.2333732091486513,0.2150160927397533,0.2660998604346464,0.2739610925973397,0.4121735167620838,0.2976444786237147,0.5463983593950269,,0.2369050670768179,0.233415933236492,0.2654815064453619,0.2751173335454617,0.2646571415774622,0.1968631384573298,0.507727133291727,0.5103735697507009,0.2718533709305306,0.3324096385542168,0.4668913371393657,0.4117851238159613,0.5064232834954275,0.5524096385542169,0.2336537159875456,,0.2330314164459255,0.49169167375823,0.428533245610428,0.2455888536093833,0.5297407181259028,0.4471383680581411,0.3962053405215423,0.4030336426050307,0.2642744892613934,0.2929980792736162,0.3079273616203946,0.4559105989174088,0.2455408225079087
GATA3__exp8,0.511395450568679,0.5242981647036564,0.5264727325750947,0.4831583552055993,0.5120005832604257,0.5524205307669875,0.5220472440944882,0.5252478856809566,0.5078958880139983,0.438079615048119,0.5229148439778362,0.5121245261009041,0.5125692621755614,0.4602997646475907,0.4998916140220488,0.4540133779264214,0.4465037780255171,0.4911278335191378,0.4767589495850365,0.532051282051282,,0.393038523473306,0.5444382509599901,0.4645732689210949,0.4603307320698625,0.496437080355209,0.4984026424084903,0.497043534762833,0.5012778860732078,0.5083116742473467,0.4969027507039203,0.5083495776478233,0.4619287416071042,0.4928470868529348,0.496420836040719,,0.4725458917094373,,0.0558595993378602,0.4904610339506173,0.3773599086099086,0.5260802469135802,0.4884337068160597,0.1767690703948982,0.1273586283444327,0.4130029309885425,0.4891862665585293,0.3128447596532703,,0.4937134502923977,0.4746742790221051,0.4431439866833125,0.5141153982144435,0.1958043611938886,0.2140568090440376,0.1255469230405373,0.1274123740598836,,,,,
GATA4__extend_61,0.4276134943773427,0.4514764565043895,0.4417534360683049,0.4169096209912536,0.4308413161182841,0.5996876301541025,0.4557476051645148,0.4911495210329029,0.593127863390254,,0.4287380258225739,0.4296751353602666,0.4291961682632236,0.4311255411255411,0.457056277056277,0.4565800865800866,0.4351082251082251,0.4708225108225108,0.512077922077922,0.4144588744588744,,,0.3972294372294372,0.4332034632034632,0.4311688311688311,0.2405606214116852,0.324113475177305,0.2460824045930428,0.2627997298210064,0.4800742992232354,0.2655690645052347,0.4356636271529888,,0.2379094900371496,0.2404930766632894,,0.4142483195449845,0.1475039830058417,0.2620051030647057,0.4712780634641916,0.4676729559748427,0.6461330631543397,0.4273928571428571,0.207929590219606,0.2189429221271526,0.1209982788296041,0.61,0.2362582486177991,,0.2379939209726444,0.4668613913967073,0.4083373963920039,0.3442152312188413,0.1927688504326329,0.2309729825180999,0.2167049267172876,0.219247748543175,,,,,0.3723064644852354
GATA6__PRJNA524331,0.3198389147944044,0.4946169772256729,0.4078423060618906,0.3991521831284442,0.329673590504451,0.5146248410343366,0.3765578635014837,0.4786350148367952,0.3362017804154302,0.4801186943620177,0.3512929207291225,0.3206443408223824,0.320517168291649,0.4346320346320346,0.4038961038961039,0.4177489177489177,0.4362770562770562,0.5625974025974027,0.4038095238095238,0.488051948051948,0.4986853637160385,0.0652813852813852,0.4916883116883117,0.4325541125541125,0.4346320346320346,0.465296574770259,0.4464494569757727,0.4157393483709273,0.4413700918964077,0.5808521303258145,0.4523642439431913,0.4651629072681704,0.475889724310777,0.4669340016708438,0.4652631578947368,0.155656108597285,0.4481222640350203,0.5588354773188897,0.3604757010717956,0.4644798500468603,0.3739390316796174,0.4429102496016994,0.3728821637078517,0.8638007424260568,0.2459268901182341,0.3033928571428571,,0.3785537043601559,,0.4732163742690058,0.4337859858772406,0.4088099294232173,0.450312764158918,0.2368155683325961,0.1830694383016364,0.2100840336134453,0.2245555064130915,0.1829537612146307,0.3511387163561076,0.2269151138716356,0.2513457556935818,
GATA6__extend_61,0.4589935353023197,0.4179013845032791,0.5472810242109266,0.4452085181898846,0.4540816326530612,0.6331600963366713,0.4643174039802256,0.4742996577512992,0.4664406135124857,,0.5081125617949043,0.4606097097223983,0.4589618456078083,0.5261528326745718,0.6040184453227931,0.4586297760210804,0.4972332015810276,0.4062582345191041,0.4589591567852437,0.5755599472990778,,,0.5944005270092226,0.5259552042160738,0.5261528326745718,0.3581046356254497,0.3798437660602322,0.363192517216569,0.3816425120772947,0.4578579504573954,0.4284099085209168,0.4310052420598211,,0.3567941206701613,0.3581303319971219,0.4051383399209486,0.3020152848891467,0.3758687570712785,0.2599600546620414,0.4136733213726762,0.4269346458846049,0.5831791551032994,0.4051811594202898,0.5114724729552814,0.3163298941886145,0.4009952854897852,,0.5299082668403626,,0.3591838832356871,0.6088572813964764,0.449918385517139,0.3803170616857636,0.4871285000268716,0.4274869672703821,0.3152980061267265,0.3075589831783737,0.4223377441713926,0.4056395715185886,0.2345620667926906,0.2277882797731568,0.2986397862521253
GBX2__CRISPRa,0.2847194849559847,0.5001469579700205,0.3209433714360793,0.2235580081461043,0.2760346866377611,0.5023518591512285,0.3801340165549862,0.3514781237682302,0.285967678360268,0.9102483247930626,0.2443174352910261,0.2896728419392984,0.2915517014846932,,,,,,,,,,,,,,,,,,,,,,,0.4124665477252453,0.2034484365534274,0.7304168575355017,0.3789946564524519,0.2752873171230774,0.3747339377217186,,0.6794082789542073,0.5588694322189968,0.1347028952054343,,,,,,,0.2796610169491525,,0.291900281411785,0.2585819853494017,0.1346372795428669,0.1398412493823978,0.4237864637380376,0.4388908105615127,0.4116799262077713,0.3991757603900626,0.3129225041638092
GLIS3__CRISPRa,0.5706155950752394,0.5332513233430254,0.4845234838121295,0.542781577747378,0.5516279069767442,0.5154217966256269,0.4420063839489284,0.5222252621979024,0.4958321933424532,0.9124395804833562,0.4267578659370725,0.5703055175558596,0.5750843593251254,,,,,,,,,,,,,0.4435872709739633,0.5125223860035818,0.4009643201542912,0.4349221655875465,0.374996555999449,0.4308582449373192,0.5193001790880286,0.461771593883455,0.5003306240528999,0.44364237498278,,0.3155830915222335,0.4569687334393216,0.371812894156489,0.439069712391999,0.4458002735978111,0.5253598247809762,0.4114178105951732,0.3039161520961976,0.212845044632639,,,0.5368783922546575,,0.4459016393442622,,0.505005347593583,0.518419205390987,0.1808543949899351,,0.1873108178632669,0.2179303660627749,,,,,
GSC__PRJNA524331,0.6328850387671101,0.5331502380239023,0.3269359624772662,0.65060144858173,0.5362464503366198,0.5036932452697744,0.2933378003254522,0.3887798730097955,0.6297900513704093,0.4734931878370186,0.5469512778788169,0.6305797517628665,0.6323984556970103,,,,,,,,,,,,,,,,,,,,,,,,0.4162493834172882,0.4018371298985884,0.3081424261512449,0.4875290987695377,0.5246097089125838,,0.420067798434179,0.5754017611695464,0.1970999583608886,,,,,,,0.4502024143173783,,0.247105429608176,0.2273910582908885,0.1743466826458936,0.1708612137554512,,,,,
GSX2__CRISPRa,,0.5016054076890578,,,,,,,,,,,,,,,,,,,,,,,,,,,,,,,,,,,0.2035569181684488,0.4021271271271271,0.1518773348465503,0.4698412698412698,0.4113006029285099,,0.7413460638397454,0.1940351954164109,0.0800432338953739,,,,,,,,,0.1175961132234896,0.1204478242501056,0.046092099704267,0.0788973384030418,,,,,
HES7__PRJNA551220,,0.5212224912418336,,,,,,,,,,,,,,,,,,,,,,,,,,,,,,,,,,,0.3964193694052647,,0.4697785453067858,,,,0.5715740393375851,0.5373318210262829,0.0503840450524,,,,,,,,,0.0391851861871204,0.12788275554233,0.0205258957676752,0.0541924226643762,,,,,
HHEX__exp8,0.4513438320209974,0.4993827160493827,0.3343884514435695,0.5111128608923884,0.4552125984251969,0.4904356955380577,0.5002677165354331,0.4732913385826772,0.5019370078740157,0.3843412073490813,0.4713070866141732,0.4481574803149606,0.4523359580052494,0.4846711259754738,,0.4464548494983277,0.5214604236343366,0.5359866220735786,0.4624414715719064,0.4558974358974359,,0.6635005574136009,0.5332441471571907,0.4848272017837235,0.4846711259754738,0.5202300194931774,0.5374775828460039,0.5079103313840156,0.4935594541910331,0.5573567251461988,0.5083469785575049,0.4752670565302144,0.4974541910331384,0.5191929824561403,0.520187134502924,,0.5776487723678735,,0.6459282117645108,0.3764236111111111,0.4725595238095238,0.5344666666666666,0.5824929971988795,0.6518133081046988,0.0404915878023133,0.5901079136690648,,0.4777889027951605,,0.5111539961013645,,0.3938826466916355,0.5384606205250597,0.0318816517667092,0.0381226053639846,0.0202298850574712,0.0404086845466155,,,,,
HIC2__exp8,,0.472546828437633,,,,,,,,,,,,,,,,,,,,,,,,0.4744736842105263,0.4201461988304093,0.4284795321637427,0.4738206627680312,0.5189961013645223,0.4791423001949317,0.5062865497076023,0.5030799220272905,0.48317738791423,0.4745224171539961,,0.6063254265501457,0.4586118251928021,0.5161700161700161,0.5281423611111111,,0.5033111111111112,0.4414705882352941,0.4291351308735415,0.4812039957939011,,,0.4165623696287026,,0.4728362573099415,,,0.4216587112171838,0.4410972754363558,0.4974829714772243,0.4473073648361004,0.4724297573435504,,,,,
HIF1A__exp8,0.5122877207916577,0.4805138471805139,0.4938667801659927,0.5320493722068526,0.5147435624600979,0.5749308363481592,0.5317982549478613,0.5079378591189614,0.5205618216641839,0.4053245371355607,0.5026771653543307,0.5042689934028517,0.5112577144073207,0.4792099792099792,0.4800325409021061,0.5166139383530688,0.5035162252553557,0.5909879779444996,0.5027659766790202,0.5432070866853476,,0.4406580493537015,0.4921992226340053,0.4760824369520022,0.4791828617915574,0.5028702386597124,0.4810494705231547,0.5200632211158527,0.5089457878931564,0.5198893630472577,0.5204962857594436,0.4789157578631263,0.5125620357199305,0.5039007428481113,0.5028323059902008,,0.5376522590005736,0.5089279510873341,0.50892964034958,0.5213316441441441,0.5157335907335908,0.5012108108108109,0.5261662502838974,0.7035976373724718,0.4399224145280928,0.506163717674509,0.4974945748668377,0.4556202009268342,,0.517265686739371,0.4951287255635082,0.537994736309343,0.4939302070566987,0.5444668806737772,0.4876583480031756,0.4144437540989265,0.4175175175175175,,,,,0.5358191524858191
HINFP__K562_essential,0.509295857121944,0.4420359898828798,0.336783988957902,0.5257544387979171,0.5095049877658573,0.5550118158813812,0.5009097183010227,0.5033983729635904,0.5029801116757638,0.5635861722818245,0.4980028023506284,0.5126210343601648,0.5051968965012443,,,,,,,,,,,,,0.4475779694757797,0.5524220305242202,0.5031949666986164,0.4874536115412028,0.5232249502322495,0.4941999066086657,0.5502961488362949,0.5130256334635896,0.4459313327926466,0.4476394111430608,,0.4770817417876241,0.5595866926142156,0.6569842222603327,0.55574304530221,0.464956734581308,0.4419125289837691,0.453434780707508,0.7519947372888549,0.5659041900104208,,,0.4465866895172808,0.3863329155299959,0.4452554744525547,,0.4721696127946128,0.4391635217775785,0.4112899328210332,0.5569571311198105,0.5552333542764165,0.5841992492710196,,,,,
HNF4A__PRJNA551220,0.4073549601512783,0.4661297733923432,0.4512533135312961,0.4161277231398893,0.4348389213646136,0.5807983559704006,0.4238556984103684,0.5427456330463765,0.4964468582974277,0.5877923894554152,0.5512420885392831,0.410195746591488,0.4107742654106188,0.4189576595119082,0.5315348426933255,0.3845560129373714,0.454608938547486,0.5225117612466921,0.4245810055865922,0.6250918847397824,,0.5135805645398412,0.568546015877683,0.4188290208762129,0.4189576595119082,0.0614129395236556,0.0805867570722827,0.0618284711733162,0.064361235514105,0.3637352997434256,0.0986524902218147,0.3731738043571461,0.2851800307361505,0.0609578334311701,0.0614261310045972,0.1274990783540821,,0.1367199341734875,,,,,0.3407070721284869,0.5752675197173842,0.0723719611694658,,0.4783847624760977,0.070278215076833,,0.0628705981677033,0.5180314327326478,0.4790220901030188,0.094830889619426,0.2623993578792969,0.2548416540290588,0.0655012838862508,0.0640948690720148,0.1367341331623775,0.1054736392221509,0.0250633452391855,0.0709751142712036,0.0517062081307891
HOXA11__extend_61,0.0949924710857655,0.5492060473519064,0.2150225867427033,0.1007432800435715,0.0182456027937077,0.2556787236087527,0.3197225515009771,0.1207349501810143,0.0263511998205875,,0.3705667510332233,0.0947201486560087,0.0972351263896453,,,,,,,,,,,,,0.5877172472917154,0.5177045177045178,0.5546852674512249,0.5590626867222611,0.5436183202140649,0.5402540721689658,0.3765489829319617,,0.3998908892525914,0.5877692047904813,,0.3313857290589452,,0.5145083198842451,0.4801107584250693,0.2803787407560992,0.4417556438833034,0.4478846153846154,0.1918766653314989,0.2334769097468112,,,,,0.5834437430182111,,0.1009263773768893,,0.0444450481533299,0.0595498444694983,0.1627636887216615,0.2590431817873103,,,,,
HOXA13__PRJNA551220,0.4872670828054209,0.4465947630208262,0.4416753454371778,0.4487532421012132,0.5046998029863815,0.6024636652493185,0.4450982083037592,0.4821725892365556,0.4674927529502292,0.510139236223972,0.4949552573448932,0.4930846229875755,0.4893566211832757,,,,,,,,,,,,,0.5020141777847592,0.4913681714305982,0.6013802818328764,0.5709066586944074,0.2624917026009495,0.3985386443443408,0.4991360570759712,0.5178235732273969,0.4508869982923826,0.5020091106708352,,,,,,,,0.3708752698169029,0.6288480655137592,0.1322842902322705,,,0.5679363822204146,,0.5022219294556399,,0.4409497184706855,0.4561286624006446,0.2584629572534371,0.2208376874783429,0.1344769159829635,0.1296284675137582,,,,,
HOXB9__PRJNA551220,0.5380847682695866,0.5075300286567892,0.4609169701361181,0.5251042576945444,0.5383242266582493,0.5958813157150009,0.5100028299627751,0.3665081680189327,0.4761179130423966,0.811835464098346,0.4288699740949561,0.5365049648742533,0.5468265543803781,,,,,,,,,,,,,,,,,,,,,,,,0.3396394875258386,0.3424526487087902,0.6557438904045975,,,,0.2757721813669591,0.2108154441354006,0.1188887435812998,,,,,,,,,0.1117039170816379,0.1068713616728981,0.0721480823913602,0.0967457638392337,,,,,0.1348785352809497
HOXC13__PRJNA551220,0.4531427099433281,0.5054545454545454,0.4844049459041731,0.4272797527047913,0.477877382792375,0.56086038124678,0.4845440494590417,0.4720556414219474,0.3891447707367336,0.4043740340030912,0.4598454404945904,0.4519629057187017,0.4529314786192684,,,,,,,,,,,,,0.3573435655253837,0.4310625737898465,0.3769775678866588,0.4149075167256985,0.4124635970090515,0.2857575757575757,,0.7622274695001967,0.3035104289649744,0.3573868555686738,,0.3529868600703969,0.4077174849267873,0.3314252336448598,,,,0.3524657150853624,0.8054947916666667,0.1639180370660402,,,,,0.3573002754820937,,0.3794006116207951,,0.31824962915872,0.2581966518330155,0.1660860351769442,0.1537084127993218,,,,,0.3523665223665224
HOXD13__exp8,0.3831900124326564,0.4717117866505344,0.5020151263986738,0.3617229589722337,0.3875,0.3494508910070452,0.4240261085785329,0.5961717778698715,0.3507925818483215,0.8323533982594281,0.5410225859925404,0.3841380024865313,0.3824440530460008,,,,,,,,,,,,,0.4736303477993229,0.4501058017851647,0.4482533087103724,0.4566866728224069,0.3953678054786088,0.4243882733148661,,0.7822137580794091,0.4769467528470298,0.4736919052016005,,0.491312427122862,,0.1670621045621045,0.5143331962719299,0.4813899094326725,0.449890350877193,0.5013710747456878,0.6382123562216799,0.1606549892080358,,,,,0.472526161895968,,0.483509511137394,,0.0932563688915776,0.1046497949855481,0.1130184176917389,0.1744429320427505,,,,,
HSF1__exp7,0.3685283491108733,0.4957111976979526,0.4430999333911955,0.4977965269227405,0.3565118516574827,0.4109157701390711,0.3491445141930578,0.4418114903551797,0.3799628605453848,0.4243821865181089,0.3411077246028702,0.360431006062074,0.3695813064745104,0.4096059829848225,0.4376334854150553,0.4198519864048874,0.4050719136043368,0.4409329255745637,0.4071651068238099,0.3890004470209248,,0.4945399587037812,0.3750505559379279,0.4072786359475779,0.4096272696955291,0.3677133677133677,0.3978944888035797,0.409892318983228,0.3410397955852501,0.4569680933317296,0.35178826087917,0.3881965700147518,0.4769284769284769,0.3685773685773685,0.3679023679023679,0.6235801018409715,0.5397256728778468,0.5485371052121683,0.5111409872659937,0.3989927088518638,0.4107231982879651,0.3265516228479191,0.428822640280096,0.632553673649564,0.4379092312319657,0.3952938952938952,0.448964656964657,0.4890448574659101,,0.3793700157336521,0.4320113687202295,0.4649349707489242,0.4021666708413696,0.4102809531013008,0.43734947984787,0.4189584105875155,0.4178754017775267,,,,,0.4967988875273643
HSF1__exp8,0.468979314648606,0.4928918817807706,0.4504524347044032,0.4901896004258209,0.4891837820971679,0.5876805609089074,0.4745296698052603,0.5114182405520988,0.5167373309105593,0.4306187251069141,0.4786850944331259,0.4696657673035625,0.4667731218912321,0.4940711462450592,0.4799214163762658,0.5004794536567112,0.5190651043493854,0.5966118608259077,0.492433987417265,0.5269156707283797,,0.3743246719835348,0.5286151975115186,0.4876784308222435,0.4940555542562231,0.4568246568246568,0.4316334737387369,0.4598645019697651,0.4656252129936341,0.4958900748374432,0.4469117627012364,0.4640221377063482,0.5267274635695689,0.4496926075873444,0.4568028462765305,0.4573647073647073,0.4931481335975718,0.4885337456031544,0.4844440699862386,0.5339209401709402,0.5051615051615052,0.4559595959595959,0.4793814029108147,0.7007947901987638,0.4953600552969638,0.4817544565746004,0.5765402480730948,0.3695236761569677,,0.4660641502746765,0.48112625187724,0.4498092419440734,0.4645453989129406,0.4900746337527947,0.4825695802707296,0.4732381284105422,0.488748373805845,0.4444285872857301,0.5000555000555,0.551638837353123,0.5421361046361046,0.3250741028518806
IKZF3__PRJNA551220,0.3256820513375758,0.4840817517142942,0.6851317003981735,0.312061325747015,0.5005264767741184,0.6386555759168682,0.6743477236984925,0.4756778557643116,0.4912204245920143,0.1845510871948397,0.6298800607410736,0.3240363038894317,0.3291765578434212,,,,,,,,,,,,,0.5688253793651024,0.459019884748272,0.6075010803557214,0.5404549279728391,0.6147151686078609,0.6015813513027333,0.4961861892286984,0.3846128397951356,0.5758740543010564,0.568829514698007,,0.335803412103386,,0.6342719660910954,,,,0.3471423886974845,0.5043565532605336,0.3087344874356629,,,0.6384520310432324,,0.573341162896966,,0.3753916354697216,0.4867070880777912,0.2607764787354025,0.3112617361940718,0.3100626487029926,0.2869392985616517,,,,,
IRF1__PRJNA551220,0.0977873586593996,0.5118705855547961,0.2294517204913365,0.1053892459123078,0.0655535670706906,0.6148865207841862,0.1687261042869926,0.4754006345074433,0.1688928658586187,0.1531684698608964,0.7998739119824291,0.0976043276661514,0.1071260066704628,0.0624307479224376,0.1036963296398892,0.07946675900277,0.0768438365650969,0.5758483379501385,0.1580938365650969,0.2889196675900277,,0.1923476454293628,0.3650709833795014,0.0616343490304709,0.0624307479224376,0.0250233020567948,0.0621015348288075,0.0262536506555645,0.0294351581432921,0.3082520350462934,0.0518113465481886,0.2872584353445597,0.3470484061393152,0.0246784316162306,0.0250046604113589,0.0112743788405022,0.2806070813849552,,0.364784318158979,,,,0.1829643377966326,0.5736031830495356,0.0065037299591971,,,0.0163768211051319,,0.0263033617100602,0.0910198648371902,0.404635441815548,0.0699980999429983,0.0248887476160203,0.0177736139458627,0.0033425904239301,0.0048248402315387,0.0127408685648547,0.0160770779407535,0.0092464768478573,0.0515101674641148,0.0079061289587605
IRF1__exp8,0.2467538255831228,0.5213720009317494,0.385316693903828,0.2286287327291635,0.2243203090179765,0.5845788144406477,0.2638637151488139,0.5396721636210567,0.3194126677561531,0.4062794037537761,0.6091071163274402,0.248170157975536,0.2581092457782399,0.2050756189394417,0.32420437096401,0.2135840642813571,0.2408342272985422,0.5562777392145727,0.2413075029974127,0.4734439746744914,,0.4152415809511789,0.2973959319324372,0.2051071706526998,0.2050440672261837,0.0676744271580418,0.1845525764095774,0.0658023465372025,0.0876788407076391,0.2908234947956894,0.0997866784361322,0.3467358122770237,0.4042737871933502,0.0681488837397476,0.0676523594100555,0.0552226755056943,0.4279713251517364,,0.4221847642043081,0.379232180293501,0.0448930000816793,0.02683857442348,0.2665741768405475,0.634224963257826,0.0476162133206356,0.5342744672186779,0.4614378184823027,0.3460733149140829,,0.0700540659825664,0.3171253138439356,0.5057828657574259,0.1406838684498881,0.1222539498943749,0.0805943115095142,0.0420592464075439,0.0466657831112396,0.1354982244470115,0.1114961707953621,0.028066572540966,0.0427148846960167,0.0456168957217175
ISL2__PRJNA551220,,0.5021866480072704,,,,,,,,,,,,,,,,,,,,,,,,0.5437826359119831,0.5261840051345847,0.5008280310293733,0.5466351829988193,0.5633859733920746,0.5544479925199877,0.4902973780338027,0.4810899899368477,0.5424276760457358,0.543790559653891,,0.4743648142524547,0.4913375995005462,0.5455369063513256,,,,0.4623941304752084,0.934165885313857,0.4316849999737219,,,0.3617131667475606,,0.5452247569392169,,,0.5305001655642511,0.5978487650238719,0.5723599158620513,0.4387930556325919,0.4206214773633931,,,,,
JUN__PRJNA551220,0.4775436347871979,0.4813219301024178,0.4728012967919478,0.5126701096995514,0.4441814000829344,0.5779696158630829,0.5098578806499039,0.5554340860255589,0.4400196026689787,0.6210804086402534,0.4567195687412824,0.4798205601839635,0.4748444980585818,0.4222400513478819,0.4143132220795892,0.5157252888318357,0.4095154043645699,0.6043324775353016,0.4339216944801027,0.4794127086007702,,0.577102053915276,0.4152118100128369,0.428867137355584,0.4222560975609756,0.505635384571083,0.4924698361505457,0.5649897774066289,0.3603536153425288,0.5148213205862874,0.5169579865810464,0.4719612981253779,0.4770581967921213,0.5069024102283526,0.5056181069484839,0.2314968428872106,0.741277836202284,0.3647948572508981,0.5396960256773341,,,,0.5648133357907886,0.472834469153515,0.2807991290562866,0.4679585699966588,0.5181862825339663,0.5994647527522657,,0.5076338295850491,0.4517604631299231,0.4273081226225106,0.4249596430982361,0.334678182128293,0.3087497867985673,0.2160079388460763,0.2155799854247747,0.3271491403438625,0.3237638278022124,0.2110355857656937,0.1658259423503325,0.2224263541336712
JUN__exp7,0.4602708226877874,0.5292784942488672,0.4858140496873251,0.4489257123391001,0.4471190111200331,0.4290884979438888,0.447173759641823,0.4992761028785556,0.4715672676837725,0.4469912645691899,0.461067717838285,0.460647979171229,0.4605080662822103,0.4902101670558649,0.5007441812722934,0.5111755497959918,0.4648438502399343,0.4009982293618004,0.4820883266185942,0.4979470861453977,,0.4770586876748184,0.4828196771792964,0.4851933588236803,0.4901845056326824,0.4933999698182883,0.5172612759762453,0.478233659710078,0.4668356250721254,0.4956458442446139,0.4759300849526413,0.4942521593239296,0.5416019387311254,0.5044562409565827,0.4936307711427329,0.4686444371799063,0.5085479901558655,0.5340334463362436,0.4593762938984455,0.4719043002957013,0.4605100834989026,0.4702239136936992,0.488645793084227,0.7387549107602666,0.4201082993652653,0.4047619047619047,0.4846917293233083,0.3701547100834794,,0.4853086080017044,0.4954950667808763,0.4963717433117677,0.4999682942295498,0.4722632401996621,0.4910215009513481,0.4242068468014854,0.413817060358559,0.4613756613756614,0.4791144527986633,0.4791979949874687,0.517609814008706,0.4701737788179057
KLF1__PRJNA551220,0.1191175991515515,0.5004790291675538,0.1267415091812689,0.3754529100260977,0.1559530747206527,0.427990473053437,0.2193568587137898,0.507663726295748,0.2323451056759897,0.3141159522060021,0.1341156626331582,0.1188759868099569,0.1184235292414277,,,,,,,,,,,,,0.3447745037589619,0.3611596515045525,0.3773899615394187,0.3681135236915522,0.4426616602473532,0.3805468536147693,0.4026734389732048,0.4764370183786833,0.341539501588469,0.3447606789633615,0.0456912231481591,0.2404583256825543,0.3965893893457752,0.2546210835815781,,,,0.3658985128510668,0.537373325354732,0.0979191386427865,0.0536656668056847,,0.3873162526937924,,0.3389618684487749,,0.1832337838128182,0.3676441577400327,0.0482196640914971,0.0690185373493868,0.0413323636125424,0.0991061844266017,0.1418045584264342,0.2467974558810355,0.0304417655264201,0.1121693368107302,0.0338235145026714
KLF1__exp8,0.0997727895953304,0.5021804557459615,0.111971637873624,0.3020762330081874,0.12731617503036,0.4835664198691581,0.1708112978415011,0.5011595565479688,0.2047910056019117,0.3240255415834215,0.1096603596192267,0.0983938574842323,0.1015512986249853,,,,,,,,,,,,,0.3323848593290855,0.3251345611125658,0.3595589304937301,0.3420558028570597,0.3987431264728986,0.3777545023420907,0.3697739373308893,0.4177911611532978,0.3259841145151435,0.3325448779494341,0.0456837434449374,0.3723618544151481,0.3758840757651331,0.2831556020532398,0.4421304933665008,0.3451977127350261,0.4309419568822554,0.341262176512396,0.412811768969721,0.0759903165560211,0.1341225527041053,,0.1291321863772501,,0.3352361002007507,,0.1204278234296681,0.3484160343865398,0.0346717879313521,0.03892574166206,0.0244864438980067,0.0745935075579954,0.1464954140860324,0.1963481910177006,0.0427285341997495,0.0773735489220563,0.0548799213807505
KLF4__extend_61,0.5449137183831061,0.4720524872698785,0.4167677881963597,0.5348278307461981,0.4742376487274446,0.5803285793081712,0.4303128201087385,0.4962256717358758,0.4289141911590891,,0.4345008273579702,0.5478015916791427,0.5343708139626507,0.3404258804258804,0.3117199017199017,0.37,0.3654054054054054,0.5464209664209665,0.34999180999181,0.543963963963964,,,0.3716625716625716,0.336969696969697,0.3403849303849304,0.4092645837326688,0.4438374544757524,0.4105073158264648,0.4115743402977446,0.4524694907673631,0.4183949907354162,0.4589610887483228,,0.4059964219538687,0.4092677784167146,0.5367416367416368,0.3917257484992749,0.4045765095950969,0.2634976778188699,0.4580143796122725,0.3545877953425123,0.388291482972334,0.2826351351351351,0.5260151197155952,0.3719300043030142,0.5457261478345815,,0.2010156223639369,,0.4122580026835346,0.3502963930473224,0.5331842080988839,0.4227892152079878,0.2027027027027027,0.242027194066749,0.4040507132596131,0.3838222029198543,0.5251664708186448,0.531786133960047,0.4623971797884841,0.5156286721504113,
LHX1__PRJNA551220,0.5567511951403616,0.4970104386892177,0.6336086050106036,0.5533365083929406,0.5490456849142734,0.431373782394594,0.548600877035333,0.6344128535997987,0.6050150965098307,0.1694942669206714,0.4980680061823802,0.5554077854857842,0.562888645267963,,,,,,,,,,,,,,,,,,,,,,,0.0224884901428402,0.2518552688904266,,0.4290415736222535,,,,0.453119813328647,0.4991623738885088,0.0358671304474513,,,,,,,0.6196127586942607,,0.0226404145537337,0.0158396043702597,0.0140617838820798,0.0384726267390115,0.0477983225314525,0.0450343118566526,0.050530562968611,0.1616840644820296,
LHX3__pilot_14,0.5287893961708395,0.5127450495049506,0.5818556701030927,0.5109219440353461,0.5207245949926362,0.4504624447717231,0.5418262150220914,0.5182680412371133,0.5345508100147275,0.8773431516936672,0.4763063328424153,0.5305036818851252,0.5259145802650957,,,,,,,,,,,,,,,,,,,,,,,,,,,0.5211279279279278,0.4469598965071151,,0.4325966666666667,0.7091621841890791,0.5715835866261397,,,,,,,0.5862886597938144,,0.5347920792079208,0.5301732673267326,0.567730198019802,0.5730198019801981,,,,,
LHX4__exp8,0.3756814052089642,0.3716229492091561,0.4153846153846154,0.351817080557238,0.3928528164748637,0.4654149000605694,0.3556632344033918,0.554694124772865,0.4274984857662023,0.91671714112659,0.5675651120533011,0.3774379164142943,0.4012719563900666,,,,,,,,,,,,,,,,,,,,,,,,,,0.4613394735345955,0.5385216346153846,0.3826486013986014,0.4236410256410256,0.4919683257918552,0.6710574194017903,0.1943096335840815,,,,,,,0.4039902045520023,,0.1519795657726692,0.1618773946360153,0.1674403183023873,0.1845711759504862,,,,,
LYL1__PRJNA551220,0.5060330159884665,0.5059138722240326,0.5266387853441222,0.5036302001480654,0.526905043315626,0.5162092657774083,0.5301066330705388,0.591417401581962,0.4969282921824062,0.5006948683646566,0.5335679867000896,0.5068188017092463,0.5059031340511475,0.5400680008845643,0.4924259177355152,0.5247816231755861,0.5543316010614773,0.4993918620079611,0.5539722467934542,0.5238417735515258,,0.8233497346306944,0.562016253869969,0.5398192171605484,0.5400403582485626,0.5049953865843858,0.4979066006567916,0.5477414106138323,0.5221543162719633,0.4897463117478396,0.5296994830990247,0.4541634835752483,0.526435367535444,0.5041520740527615,0.5050152292321888,,0.4938508881442057,,0.5754663038763358,,,,0.4834825617904592,0.5227134052150272,0.5400558030573231,,,0.5731783985414615,,0.5069350054071216,,0.4599182792383008,0.5172364974870814,0.401942976809287,0.4374208679021513,0.3782367365255066,0.5056280617777944,,,,,
MAX__K562_essential,0.2667868006032257,0.4910611886932469,0.4835902154742734,0.3865117705697416,0.3292436674079186,0.2828259591544615,0.3921734018352376,0.4983769138358511,0.4307824042123559,0.331927510671472,0.3949850471589601,0.2643713416660276,0.2664545152467857,0.5761865569272977,0.5622222222222222,0.5430727023319616,0.5886419753086419,0.4872153635116598,0.5787928669410152,0.5853497942386832,,0.6761042524005487,0.6144032921810699,0.5730864197530865,0.5761316872427983,0.2459523594965606,0.2142546033462497,0.2540551500405514,0.2202697425730677,0.3501096392418371,0.2676474122135111,0.2727614069868733,0.2911072061518128,0.2003244120032441,0.2459598690336727,0.7221528644749619,0.2703599958501919,0.5585003964208858,0.1279724655819774,0.4843172638996305,0.4696203598365145,0.2991628391804293,0.1921329699107477,0.30480988691773,0.3518392413523499,0.5791468035692457,,0.1268605795169634,0.6759334354630381,0.246710822744886,0.482826843937955,0.3520769032921811,0.2409538597372547,0.3943430405418709,0.4478951306436686,0.3668507688975525,0.363921869769823,,,,,0.5431424138163665
MAX__PRJNA524331,0.4323147135891162,0.5232073172095312,0.436271192323043,0.4843562913217762,0.4182935082513405,0.4764953927846322,0.4623440401200826,0.4600360941919587,0.4376073715445884,0.4582574140593819,0.4788467211550141,0.43026706231454,0.4339025109757579,0.4713804713804714,0.3573631047315257,0.4846535530746057,0.4356370724791777,0.428548644338118,0.4892787524366472,0.4331915647705121,0.4488752556237218,0.4414141414141414,0.4933014354066986,0.4697146907673223,0.471398192450824,0.6468862214014568,0.5764645531958551,0.6291850483909579,0.5121575869498307,0.5551793714305256,0.6135768270578982,0.3093464655791526,0.5363359666222086,0.6512362778290756,0.6468862214014568,0.2533142811780582,0.4625352375909168,0.4930295723510989,0.5195783223045624,0.4976460207062486,0.4816119797401453,0.6296296296296297,0.5103034204917354,0.1587697239746474,0.334985146998095,0.2694261695906432,,0.5889745040848606,,0.6494032351834752,0.4279678918462188,0.4121063590264702,0.580276134122288,0.1788604638531312,0.2212083355964731,0.3197581156192856,0.2830843879564753,0.4805068226120857,0.4730626889284403,0.3984377207107947,0.3998785207785971,0.2029787662272315
MAX__RPE1_essential,0.2707292197858235,0.4914944356120826,0.4678480367159612,0.3140234574196838,0.3143039265680775,0.3789648138704742,0.4129270780214176,0.418281489036206,0.3702192758796532,0.5306476287608364,0.3972463029066803,0.2717491075981642,0.2724375318714941,0.5997222518961649,0.5997756649930562,0.5614250614250614,0.618096357226792,0.5003204785813482,0.6308620873838265,0.6090161307552612,0.6105116974682192,0.8553573336182032,0.6167076167076166,0.6023394936438414,0.5997222518961649,0.4641555285540705,0.4283438967521592,0.5983711536566944,0.4430724770943482,0.612672818626646,0.4681783849463071,0.3129453876719976,0.5274539423992645,0.4214804111523431,0.4641719483760796,0.5593883357041252,0.5145346858193206,0.6157137036534021,0.4593354266588454,0.5940377190377191,0.4307432432432432,0.6308108108108108,0.4762904535436724,0.505922799373681,0.4793514700210639,0.2541741741741741,,0.4020357118043494,,0.4645988637483169,0.5967859751643535,0.3813174877004665,0.4076270337086159,0.4994094351420829,0.4925889900182959,0.4777206512425021,0.4635702540586859,0.5472047389855609,0.5077748981858571,0.5410033320992225,0.5697889670492411,0.6257551669316375
MEIS1__PRJNA551220,0.5975885393295773,0.4875930521091811,0.6483106479865716,0.5919795250203587,0.5649565405261671,0.4512722075418391,0.5502567682105998,0.4903691146898007,0.444441674560835,0.3755712884944574,0.4549700021605092,0.5966412391351316,0.5961011118312809,,,,,,,,,,,,,0.4519112363687144,0.4952584072818677,0.4559165175000952,0.4684211194475124,0.5026151756357035,0.4830965710731106,0.5283353010625738,0.4251247286437902,0.4474362392250955,0.4519556689644666,,0.505314489484829,0.3162596204606707,0.4429421377866299,,,,0.4535268997770013,0.5643332938013915,0.4212072986923317,,,0.3873984393854074,,0.4518921938276776,,0.6444115616059978,0.485139034457772,0.5301594788398307,0.435360826856428,0.4722125381949429,0.4145527004764541,,,,,
MEIS2__exp8,0.5693470623864325,0.4878416347381865,0.4244070260448213,0.5549800121138704,0.5506335554209569,0.6903597819503331,0.4784591156874622,0.3717892186553604,0.4778388855239249,0.9260860084797092,0.4316753482737734,0.5710866141732284,0.5669969715324046,,,,,,,,,,,,,0.4433612235717498,0.4254826810616284,0.4963562753036437,0.4203616734143049,0.5461520467836257,0.4808277103013945,0.4518866396761133,0.4702869995501574,0.4402123256860099,0.4432856500224921,,0.6430116200902718,0.4391536484081471,0.5398187833671705,0.4776442307692308,0.5123326673326674,0.4990810256410256,0.330448610213316,0.4306091259733643,0.1485197767532152,,,0.3773409069028593,,0.4527719298245614,,0.4230884471333909,0.430291903800257,0.1386914235190097,0.1848708124570193,0.118437960506926,0.1484900284900285,,,,,
MITF__extend_61,0.3516460155490767,0.517704470539761,0.3874817784256559,0.3320274538386783,0.3288083090379008,0.5337402818270165,0.3138666180758017,0.5091715257531584,0.4224672011661807,,0.4647108843537415,0.3488520408163265,0.3514334305150632,0.3042929292929293,0.4817550505050505,0.2964015151515151,0.2823863636363636,0.4959595959595959,0.3230429292929292,0.4899621212121212,,,0.6565656565656566,0.2995580808080808,0.3042929292929293,0.3488721434200157,0.4091558313632781,0.4019651300236406,0.367612293144208,0.3812549251379039,0.361825256107171,0.5103181639085894,,0.3523936170212766,0.3488721434200157,,0.3397376585206553,0.2989467162329616,0.3315165974250339,0.4335857477319285,0.2231132075471698,0.2708579590228526,0.4264756944444445,0.4421470549392499,0.4651092999747283,0.4109563253012048,0.4994791666666667,0.4128953391593841,,0.3301812450748621,0.3980793060718711,0.5317477246871445,0.4261181307661452,0.1959080140090646,0.2412829625051503,0.5045967243510506,0.4591702719406674,,,,,
MITF__pilot_14,0.1843751423409197,0.4861245789527406,0.2339553315214916,0.1977969421374671,0.1720465208083446,0.5713678393027952,0.1876774516800024,0.4416743847076507,0.1842005374793131,0.499764663012617,0.5117402790641179,0.1850242169351532,0.1866525970575285,0.1858403623867541,0.2623867541393315,0.1793658231802561,0.2000234301780693,0.4816619806310527,0.2065604498594189,0.4889175257731958,,0.6196344892221181,0.501038737894408,0.1861761949390815,0.1858247422680412,0.3372241629036381,0.3440280431845567,0.379483684075999,0.3293583174089266,0.4913916917197142,0.3697616816173517,0.462073540330335,0.533003079394832,0.3388551467276866,0.337211991382563,,0.5246803941493633,0.1262426362297496,0.5707827526009345,0.1742453794000185,0.1001286992704818,0.6386653899245147,0.2321176975945017,0.4043839639049227,0.3965919061197631,0.4713321568991672,0.2313601596275357,0.0583443530061239,,0.3379270682457186,0.2282936772372702,0.3725998157792184,0.3664595311260903,0.5257189700928856,0.5292101536184546,0.4167203608247423,0.3975435720118403,,,,,
MIXL1__PRJNA524331,0.3249790581119646,0.5321314826610574,0.3245744182414493,0.3056734769213294,0.3282765181094089,0.4915735521701475,0.2979995172717334,0.4862919370181591,0.4059886700836256,0.8435853932105688,0.4431303508298667,0.3260119546235429,0.3222992063379382,,,,,,,,,,,,,0.4795321637426901,0.4913427907887741,0.4722404096365315,0.4747754553848737,0.4766613503455608,0.4746747250902375,0.4979714037885783,0.4756792299728588,0.4807101485771846,0.4795237695514704,,0.3739715708109524,0.481031315902855,0.3161678574524201,0.4906189602830455,0.4955055954835739,0.4904128350616317,0.4381741562945198,0.5622280287321978,0.1637784147675048,,,0.4620757001911501,,0.480959176250035,,0.3273721705533773,0.4838509668469182,0.1835602233842416,0.1756291940095101,0.1620765253973662,0.1547217325610677,,,,,
MYBL2__K562_essential,0.196687370600414,0.4791801370748739,0.2989759946281685,0.3346203346203346,0.1893011023445805,0.4172122432991998,0.1979184153097196,0.3217503217503217,0.299255777516647,0.4374125678473505,0.2167198254154775,0.1970231100665883,0.1948967601141514,0.1631231231231231,0.2598198198198198,0.174054054054054,0.1722522522522522,0.5425825825825826,0.163003003003003,0.3524324324324324,,0.0776576576576576,0.1431831831831831,0.1586786786786787,0.1632432432432432,0.2893404353258368,0.3156112316696258,0.2974616952719142,0.2944696521338857,0.350233445123956,0.2884855658578286,0.4468336950088775,0.3324784638653251,0.3497731307950286,0.2891760373512198,,0.4486988343724586,0.4421026531118274,0.2697610294117647,0.570953784410861,0.3791163176828706,0.2966554945446766,0.2678366678366678,0.3099875085169203,0.3301217458520829,0.2839175809472839,,,0.3523377391990531,0.2898007496547642,0.2796257796257796,0.4916948198198198,0.2732029193188255,0.292404845036424,0.3801888012414328,0.2488038277511962,0.3106599422388896,,,,,
MYBL2__RPE1_essential,0.5771594929245283,0.5102481617647059,0.5349719929245284,0.5439047759433963,0.5736438679245283,0.5299749410377359,0.5589401533018868,0.5322892099056604,0.5251842570754717,0.5288841391509435,0.5629201061320754,0.5774616745283019,0.5674602004716981,0.384572628458498,0.6099771492094862,0.3364778903162055,0.3904397233201581,0.6381700839920948,0.370707756916996,0.4972208498023715,0.3555922677865613,0.5845016057312253,0.3721899703557312,0.3803112648221344,0.3845880681818182,0.6624392466585662,0.6247057260024301,0.6363912515188336,0.6595771947144593,0.5352701625151883,0.6703276883353585,0.5447866038882139,0.6199166540097205,0.5567806424665857,0.662880657654921,0.6887849506578947,0.6857707708209981,0.6157349246231156,0.6616624685138539,0.5590444711538461,0.4825511259191176,0.6715144230769231,0.619836373390558,0.5047524401763224,0.6228346254116356,0.6448090277777778,,0.6297598007712082,,0.6632508733292831,0.4864653716216216,0.5502641105200946,0.6479208513597033,0.5786639085261354,0.633107058697515,0.5948813731790917,0.606941543487575,0.705880779109589,0.661574272260274,0.6684770976027398,0.6102044092465754,0.7119025735294118
MYC__RPE1_essential,0.0431119152235719,0.432232070910556,0.0738433703799431,0.0692426983716722,0.0214008787800465,0.2190230033600413,0.0750323080899457,0.1701214784181959,0.0263117084517963,0.3566554665288188,0.0272421814422331,0.0447143964848798,0.0393900232618247,0.0623206454058151,0.043045102604364,0.1073149602035843,0.040392008230007,0.2132763008284152,0.1039038388651253,0.0874979695706318,0.074340787265147,0.2609778547836915,0.037359900373599,0.0717959824570902,0.0622123558395148,0.0493017526922884,0.0549443233076449,0.1941776660730038,0.0944756071172955,0.1414304499076216,0.0729539439737678,0.1291133341100883,0.4443149852693953,0.0100034953977263,0.0485860283959453,,0.402436078810255,0.4760101879259309,0.1696293630802447,0.1865873852175222,0.1405620467365028,0.03536354056902,0.1469810100535011,0.4637176080880577,0.5426221373471873,,0.5224505327245053,0.5233651442053738,,0.04537359143794,0.1920029618659755,0.1869879205932834,0.2069526051103171,0.5567841673416206,0.5781714030824853,0.502588301581153,0.4992898310854433,,,,,0.7104754230459307
MYC__WTX_DIFFEX,0.4938011543510153,0.4908682744993803,0.5003317793992742,0.487861699868736,0.4848346652768126,0.4440535479885723,0.449102627210254,0.5142327329935913,0.4907065574086943,0.4567287275113891,0.5032176569376883,0.4952718419427071,0.4929723090881013,0.5156952114334045,0.5221820214215586,0.501737317581654,0.4941846230700936,0.4429380822486948,0.4739303440754379,0.4993285669417522,,0.4480696608706619,0.5200131566256717,0.5140481601744984,0.5163654079666831,0.4770544459859392,0.483655834669249,0.4765351322828311,0.4650040265627704,0.4710994816061762,0.4559055835840004,0.4895915652081561,0.4880336240988319,0.4824892604086438,0.4774081814068969,0.5085128561501042,0.4534664671955276,0.522457167493164,0.4968691912315886,0.4898673106686722,0.491866640336821,0.49370215493458763,0.4737815475045748,0.2225556591090645,0.485182830886369,0.3404827776102377,0.457284404492367,0.4522607770294395,0.478232727801848,0.4744102109952341,0.5311710494697122,0.517487038068191,0.4819010021000169,0.4894466749007548,0.4977032708461698,0.495800896371468,0.4714826704329648,0.5111684701677752,0.5356894668916907,0.5052635758959595,0.48786689536327,0.5135606844230665
NEUROD1__exp8,0.4592818897637795,0.4867777777777777,0.4450834645669291,0.4714267716535433,0.4804661417322834,0.4790614173228346,0.5092031496062992,0.4700409448818897,0.496592125984252,0.4485291338582677,0.5172094488188976,0.4573228346456692,0.4615181102362204,,,,,,,,,,,,,0.5275321637426901,0.5327672514619883,0.5266526315789474,0.4283274853801169,0.5242900584795321,0.5011181286549707,0.5056140350877193,0.5396771929824562,0.5258479532163743,0.5267040935672515,0.2828378378378379,0.5541023720349563,0.3553521850899743,0.155464622713531,0.4622208333333333,0.3880844155844156,0.4532053333333333,0.4276672268907563,0.6132412488174077,0.0346719242902208,0.62168345323741,,0.3484005006257822,,0.5318128654970761,,0.4766441947565543,0.529217183770883,0.0470651340996168,0.0534431673052362,0.0207560664112388,0.0329272030651341,0.2771972789115646,0.2429115646258503,0.212734693877551,0.2166388888888888,
NEUROD1__extend_61,0.2807288629737609,0.4814525139664804,0.2203790087463557,0.3060641399416909,0.2420116618075802,0.4977259475218659,0.2950145772594752,0.3867638483965014,0.240204081632653,,0.3262099125364431,0.2841399416909621,0.2859766763848396,,,,,,,,,,,,,0.6771158392434988,0.6001891252955083,0.6764302600472812,0.424160756501182,0.6782742316784871,0.5841371158392434,0.6604491725768321,,0.6911583924349882,0.6773522458628841,0.2688111888111888,,0.5235687732342007,,0.4673046532045654,0.340251572327044,0.7155082742316785,0.4769333333333334,0.7499683042789224,0.4339499620924943,,,0.3965293383270911,,0.6919148936170213,,0.4664505119453925,0.5621419975932611,0.3838195302843016,0.4393077873918418,0.4224845488257107,0.3973053152039555,0.2721739130434782,0.2365217391304347,0.1366666666666666,0.3239130434782609,0.1383240223463687
NEUROD1__pilot_14,0.4641895631455024,0.4768300563094249,0.4164423140061724,0.3737793495492622,0.4221175764284307,0.5616539872236241,0.3577854281774434,0.5507537311332702,0.3469226944832697,0.7857283566128533,0.4303349811918989,0.4601559055561288,0.4654184216204047,,,,,,,,,,,,,0.5894163740139421,0.4377683694417916,0.5006880785687965,0.3609742891734785,0.5082456628490213,0.5787003963031757,0.519751238917423,0.5364456041931434,0.5931387662713662,0.5891907744831891,0.3680293773560379,,0.1365888181174805,,0.5323578355425489,0.3687675612429034,0.2486688743248331,0.4992940552016985,0.6119165900985781,0.3577430158945269,0.6536982842715326,,0.7098460391366769,,0.5854232623196144,,0.517017970100904,0.5118048750612445,0.2997532635429147,0.3427666015009144,0.4092711420823611,0.351477265560951,0.3431997002622705,0.3294049524847576,0.3130896828911066,0.4307581672488185,0.12376534662605
NEUROG1__extend_61,0.4317884789383734,0.4537601409431255,0.4505378506082235,0.4363459669582119,0.3912402399383398,0.5115947856975303,0.3592540464461646,0.4146476324519955,0.5681780101203043,,0.5957240038872692,0.4317549679970511,0.433413759592507,,,,,,,,,,,,,,,,,,,,,,,,,0.3868734777592617,,0.5001665102479489,0.4897130051326537,,0.5242911877394636,0.5242180811337596,0.3753975930912482,,,,,,,0.4898983955121416,,0.4148302857224045,0.4023485784919653,0.3797578960828608,0.35803390023159,,,,,
NEUROG1__pilot_14,0.2654581517101409,0.5085816887057834,0.4317278007861277,0.2609542260133833,0.304833730350924,0.4141634789943099,0.4619604432100108,0.3840395633794928,0.3381107234286505,0.8181791224758083,0.6241775475844528,0.2645685687268749,0.2669737375334829,,,,,,,,,,,,,,,,,,,,,,,,,0.4722222222222222,,0.4395106515911885,0.4690635572495666,,0.4161968680089485,0.6823120358671138,0.5288787798426525,,,,,,,0.3034702522352145,,0.5212458745874587,0.5502746583383171,0.5210520632600173,0.5159132943495691,,,,,
NEUROG2__exp8,0.4760728346456693,0.5050047892720306,0.5268011811023622,0.4674015748031496,0.4504921259842519,0.3195177165354331,0.4581594488188976,0.4778838582677165,0.4653641732283464,0.3803051181102362,0.5305708661417323,0.4729625984251968,0.4758366141732283,,,,,,,,,,,,,,,,,,,,,,,,,0.4336760925449871,,0.4419466145833334,0.4334212662337662,,0.4319695378151261,0.6062736518448439,0.1432225946372239,,,,,,,0.5125351123595505,,0.1097980523627075,0.1262372286079182,0.1235991379310344,0.148786717752235,,,,,
NFE2L2__PRJNA524331,0.3629684251674692,0.4779427760158459,0.4381119067502976,0.3416283160681604,0.333588016844649,0.4671191741146786,0.3475186126263793,0.3889639119387338,0.4020060768670374,0.4410614971836741,0.3383322376019474,0.3654382629399954,0.3628351605394552,0.288205407367084,0.4332607512248231,0.2903102885138813,0.3234984576301941,0.4635274904735982,0.3196516058791508,0.5968789693340592,0.2754123654531428,0.4131917982217383,0.3303211758301578,0.2862275449101796,0.288205407367084,0.2450957733655496,0.4417060615610883,0.2446615540848128,0.2606646356409987,0.4175928844066253,0.271246979724761,0.3603179605700879,0.5598557271422069,0.2452358441012711,0.24513079104948,0.4668355596499309,0.5112221211455817,,0.5606590052633218,0.4814494721896413,0.4784907173101495,0.5251133420890561,0.3439792641572567,0.5870371578720179,0.243317465297196,0.4642402694610779,0.4013501659102178,,,0.2444514479812305,0.3559345187951094,0.4244560283181507,0.4037628884243348,0.243681058934762,0.2969132941547245,0.2512263398898797,0.2343152703880165,0.4925366657988371,0.5420174144464693,0.5619774942867888,0.5411206572362521,0.4808051201612072
NFYB__RPE1_essential,0.5935010482180294,0.4870915032679738,0.3220649895178197,0.5736897274633124,0.5099842767295598,0.4657494758909853,0.3559748427672956,0.3187368972746331,0.7600104821802935,0.5131289308176101,0.314622641509434,0.5944182389937107,0.5979559748427673,0.1879666227492314,0.1705094422485726,0.2014163372859025,0.1863746157224418,0.2789855072463768,0.1998792270531401,0.2432476943346508,0.3440931049626702,0.3920729029424681,0.1877470355731225,0.1877470355731225,0.1879666227492314,0.1281895504252733,0.1867490211961658,0.1357837181044957,0.1116511408127446,0.2774740110706089,0.1418590522478736,0.4945153233427838,0.4269272309977048,0.8161198865937627,0.1282401782098015,0.7061403508771931,0.2628294296778074,0.1193467336683417,0.1689482714562114,0.3811813186813186,0.6265829248366014,0.0938888888888888,0.196828803051979,0.4635460397425133,0.1955268935236004,0.5925308641975309,0.6246141975308642,0.4203977435018566,,0.1269407317402457,0.1545045045045045,0.7376543209876544,0.1685208075813762,0.1001618585166143,0.1510758830810245,0.151635247072265,0.1849828620394173,0.6972983257229832,0.5571727549467275,0.4531963470319634,0.4348363774733637,0.3501633986928104
NFYC__RPE1_essential,0.4070230607966457,0.4784858387799564,0.3963487071977638,0.4388714185883997,0.407477288609364,0.403738644304682,0.4143256464011181,0.4922781271837876,0.3680118798043326,0.4964011180992312,0.4821104122990916,0.406638714185884,0.4226939203354298,0.4060532864880691,0.4543624652320304,0.4440418679549114,0.4356243595374029,0.4166666666666667,0.4260723173766652,0.5559947299077733,0.5199824330259113,0.5871395110525546,0.4662933684672815,0.4044795783926219,0.4059068950373298,0.1475181134962423,0.2052450384771162,0.3317019936096485,0.1583412087664821,0.3660276315197336,0.1705593807659421,0.4226294946222041,0.370944151928356,0.2287138292606093,0.1475068628774582,,0.3032592931837264,0.4489577517215708,0.383904282115869,0.4884513634513635,0.5354711328976035,0.6622222222222222,0.1939437291368621,0.2767165780389962,0.3706143025572224,,,0.2128796534323526,,0.1479006345348994,0.3355355355355355,0.3669774975921548,0.1867760838712631,0.4015440033006442,0.3215827223967755,0.3380621409755943,0.3461550668063093,,,,,0.5921023965141612
NR2F2__CRISPRa,0.2629289105222042,0.5439799256172425,0.2629289105222042,0.3076858361877291,0.2686857760951865,0.4790337119163512,0.3807463493780422,0.4764857881136951,0.2795384892734811,0.515786310918815,0.7051379123850731,0.2624361516735773,0.2687578871462051,0.5044548474781033,0.4554011879593275,0.4863082653780328,0.5102436323366556,0.5172908486861975,0.4907882814859559,0.4833635356891171,,0.568081143662539,0.4958471760797342,0.5019128158663042,0.5044548474781033,0.372147486520342,0.4129858577056442,0.3853185193253817,0.3916271807998838,0.5456311384637729,0.4040720367445491,0.4936822613147432,0.5421817983769947,0.3718660929869469,0.372147486520342,0.2092003263973888,0.1840814228077972,0.8042984845310427,0.3846301694589486,0.4180197463852884,0.2892013701099693,0.5373886689757547,0.4911019245965661,0.7232715176952618,0.3203933279039604,0.5421457594881992,,0.3915695257979084,,0.3714848501352504,0.4839560299911043,0.2465257223396758,0.4078277922702633,0.4078216956013401,0.3906721293758167,0.2272329806152425,0.2356088071447519,0.1922691557243052,0.2145757527817328,0.2057691293571692,0.3325369013486248,0.2337679795671461
NRF1__exp8,0.4414107400562068,0.4930475991014853,0.4793629895941463,0.4585917917816543,0.4552801478593311,0.4895105957414487,0.4600501303896498,0.4381446692153835,0.4461807225865256,0.4193786869888852,0.466324024609464,0.4395321163632681,0.4392991872800466,0.4632698491219391,0.4813149942466314,0.4751852369635118,0.4859069352288981,0.5835313854326856,0.4703782167783286,0.5001989482626977,,0.1344621406833066,0.4827775328264633,0.4617427867812321,0.4632698491219391,0.4553017054963239,0.5231229198397924,0.4701566348884,0.4594046746018315,0.4775765781012015,0.4740414809800493,0.45743404599387,0.4728906940448656,0.4504089806509844,0.4552904232714691,,0.507777657349535,,0.4909137685057417,0.5213390943193998,0.4726949095920157,0.4559185423365487,0.4681266718906212,0.6610850340860349,0.4785443314027204,0.4303129843392168,0.5287628793390757,0.4667812257283018,,0.4505782140238054,0.4908811306127117,0.5499716993629346,0.4892140987959388,0.339870971980962,0.3780948039735045,0.5030183193505069,0.4804199365126297,,,,,
NRL__pilot_14,0.4587209789623669,0.4817324720276905,0.4780583593759354,0.4557156028114036,0.4687548642791287,0.439479387430104,0.4541949543206772,0.5133326149167236,0.5220972975561862,0.5832704718799765,0.5477088496952717,0.4615587245710454,0.4652346228911479,,,,,,,,,,,,,0.5075301638494544,0.5343392749157716,0.5208915253261152,0.5568961710868585,0.5416822645204019,0.5124062928940978,0.5480365901651932,0.6067133162476843,0.5121471285551108,0.5074725717741239,,0.531986984698954,0.4784004387662924,0.547261249388909,0.4960594741082545,0.5137727573912221,0.5514234997597263,0.5422560975609757,0.7813823126006322,0.4336496404477722,0.3718840792011523,,0.5356943980398708,,0.512655858553863,,0.4748973262928505,0.5184197154471545,0.3124245351364405,0.3465245914835386,0.4464954117362955,0.4263513241568059,,,,,
ONECUT1__extend_61,0.3644460641399417,0.4980098887515451,0.3343002915451895,0.3904810495626822,0.374198250728863,0.4234985422740525,0.3660495626822157,0.5827551020408164,0.4700437317784257,,0.5824344023323615,0.3655539358600583,0.3655247813411078,,,,,,,,,,,,,0.4470567375886524,0.4205200945626478,0.5113475177304965,0.4530260047281323,0.5657328605200945,0.4898108747044917,0.48677304964539,,0.4504255319148936,0.4470212765957446,,0.6066651099176035,0.1836431226765799,0.4408021145236957,0.5637137840210711,0.4338490566037735,0.5402245862884161,0.501275,0.5656933438985736,0.1831235784685367,0.5810843373493976,,0.3625093632958801,,0.4473404255319149,,0.3345051194539249,0.4601925391095066,0.202991347342398,0.19831891223733,0.1799690976514215,0.1842027194066749,,,,,
OSR2__PRJNA551220,,0.5031707598293554,,,,,,,,,,,,,,,,,,,,,,,,0.3963640365797531,0.4254182973091183,0.4392043131862634,0.4068639922701115,0.496253691279005,0.4174797247656591,0.4698937426210153,0.4885180854804452,0.4026888805669347,0.396389764758684,,0.1964986001131448,0.3133559822562581,0.1817341322171894,,,,0.4182529178686801,0.5394680912619285,0.0388120234887685,,,0.3326233447857354,,0.3975375274076573,,,0.4268945784273447,0.0301847613095687,0.0301701380283814,0.0167790606927741,0.0328854504509358,,,,,0.4320985713237529
OTX2__extend_61,0.4864166445799098,0.5386700752893584,0.4056453750331301,0.4584216803604559,0.4848595282268751,0.3503180492976411,0.3384905910416114,0.5139477869069705,0.4816459051152928,,0.4723694672674264,0.4817784256559766,0.4866485555261066,0.4422865013774105,0.471831955922865,0.4179063360881542,0.4380853994490358,0.4267906336088154,0.4300275482093664,0.5130165289256199,,,0.5506887052341598,0.4409090909090908,0.4422865013774105,0.4199172576832151,0.4315495379325166,0.4477756286266924,0.4381313131313131,0.5166290565226735,0.4339404685149366,0.4591124006017623,,0.4199978508489147,0.4199441220717816,,0.2869567523135258,0.6784386617100372,0.6893797716221866,0.4479008699816426,0.387535734705546,0.3072211476466795,0.4905113636363636,0.8011183547039331,0.3911365359432077,0.3791073384446878,,0.5200034048348655,,0.4156189555125725,0.4335079418722541,0.4775829972075706,0.458128213543376,0.5812591302393527,0.5587846949095404,0.4208197550286549,0.4128413304865715,,,,,
OTX2__pilot_14,0.5306287463438983,0.4816107135923676,0.6080906589439901,0.5274563433620871,0.5366600248346761,0.3886131772296547,0.5240941737519751,0.4442684290210929,0.5415073245793163,0.5674104693423762,0.5423323968762763,0.5279843896321416,0.5224357784350854,0.5181139122315593,0.5915626856803328,0.5147186147186147,0.506153976742212,0.4269416857652151,0.5002716238010355,0.4929802223919871,,0.2229394788218317,0.5235294117647059,0.5165690518631695,0.5181139122315593,0.435569269029926,0.4379603080901782,0.4646949688966496,0.4506133031725087,0.4640037833315144,0.4455137426871575,0.4847393502855687,0.4815876763928712,0.4330889380545606,0.4355957258936633,,0.428750205933417,0.4656973900671379,0.3008444546906085,0.528975193681076,0.5256177503342864,0.4958050771575216,0.4676657329598506,0.3897221480279153,0.3700522762296407,0.4086271145094674,,0.3461494186715782,,0.4304002592772646,0.5579981041846396,0.5567924764407481,0.4404189560439561,0.5164860498654907,0.4509959924563884,0.3789936766785922,0.3801012979449205,,,,,
PAX7__extend_61,0.4399488018203797,0.4691730230034068,0.4526416838512408,0.4802673682713503,0.4554860271634786,0.3825997297873854,0.4956623764488373,0.5756239778141221,0.4955912678660314,,0.4094787740880324,0.44090876768826,0.4481262888430634,,,,,,,,,,,,,0.41653693132676,0.4378135270714409,0.4146629764169982,0.369889869111457,0.4992504180360952,0.3817678602317938,0.3220319437236925,,0.4197658997866574,0.41653693132676,,,,,0.5222381635581061,0.4559288234391778,0.4690941590266966,0.490670731707317,0.5750067643307178,0.5541707501987833,0.3017925359976491,,0.3283091257878871,,0.4187856772184743,,0.4555481561641555,0.4614775028616711,0.6356839217341493,0.5536042690463988,0.4942114625101752,0.5353944948596582,,,,,
PCBP1__K562_essential,,0.4753048309924371,,,,,,,,,,,,,,,,,,,,,,,,0.46134526332313,0.4669178243465976,0.451900688067394,0.452842529367135,0.3951155063705099,0.4676634487088926,0.4166078015854328,0.4759961279857677,0.4589514166862883,0.4614237500981085,,0.5430672268907564,,0.4945845004668534,,,0.4434136238545124,0.5604896895219476,0.454165537182615,0.4907465375026085,,,0.6301379329408188,0.4692070219501347,0.4607042879941396,,,0.5004441615952694,0.5734681277974997,0.5423162010598344,0.4428323986897841,0.5098952170259471,,,,,
PCBP1__RPE1_essential,,0.5076006359867453,,,,,,,,,,,,,,,,,,,,,,,,0.3965051025783296,0.4224007753952479,0.4263409632038433,0.3892076780985959,0.378314217686597,0.3920241046783584,0.5022299636884653,0.4302319864586771,0.3978465925452489,0.3965683141474515,,0.6107262804366078,,0.4090531930656393,,,0.3785148955091151,0.369490684462527,0.498471192906335,0.3242641320279436,,,0.3868448816440555,,0.3964489145168881,,,0.3953142750987803,0.3418329692755001,0.3549142854312476,0.280606862118668,0.3003600952989484,,,,,
POU1F1__extend_61,0.2857975843398584,0.5252992817238628,0.3995002082465639,0.358350687213661,0.3152019991670137,0.6098708871303623,0.3690129112869638,0.5449812578092461,0.3470220741357767,,0.2648063306955435,0.2880466472303207,0.2843815077051229,0.1464069264069264,0.2658874458874459,0.134025974025974,0.1599134199134199,0.1286580086580086,0.2898701298701298,0.2589610389610389,,,0.7516017316017316,0.1481385281385281,0.1464069264069264,,,,,,,,,,,,0.4873642709410548,0.4463621879978757,0.4529801324503311,0.5285087169196037,0.1225157232704402,,0.3785952380952381,0.5097124745302242,0.0562547384382107,0.5453528399311532,,,,,0.2351566648964418,0.3116040955631399,,0.0801871799399611,0.0642062511036553,0.0494084407557831,0.0725233974924951,,,,,0.3865921787709497
POU3F2__PRJNA551220,0.2445918223970773,0.4868634395907123,0.4084417591681888,0.2554784319235633,0.2412252353519741,0.4510327385134186,0.3180722214416186,0.5908332162427988,0.1833469158353238,0.3465842349304482,0.7115863425600675,0.2462554447098496,0.2499423914570746,0.5132655502392345,0.493744019138756,0.4725,0.5163516746411483,0.543409090909091,0.4648325358851675,0.5151913875598086,,0.5077511961722487,0.4654904306220095,0.5129784688995215,0.5132775119617224,0.4626124288934206,0.4141676505312869,0.4315595148653,0.471589567457336,0.4775142213158742,0.4816958248363207,0.5233186648062681,0.4312933347644091,0.460465815176559,0.4626296018031555,0.4568343331795108,0.3964504076863627,0.4597885835095137,0.4874048113534094,,,,0.351451034272193,0.6186380347593583,0.0830469139318003,0.4089788293897882,,,,0.4634667811527316,0.5237637071100106,0.3435329441201001,0.383629799803085,0.2420273940935098,0.1679061434433335,0.0733976767034618,0.0875154597468647,0.4780725285643318,0.4669249875807252,0.3612121212121212,0.385495867768595,0.3672255017709563
POU4F1__CRISPRa,0.2893261776982707,0.5412776048614198,0.3317034386801828,0.312065195786126,0.3096402305704631,0.6116080302126814,0.3264162194394752,0.4757304710793083,0.3127410057642616,0.5711786921089246,0.3044722719141324,0.2929437487577022,0.2884118465513814,,,,,,,,,,,,,,,,,,,,,,,,0.3183279742765273,0.3980711480711481,0.3973722404705522,0.426301398132384,0.2985887497515405,,0.4609984230877238,0.1134367474146479,0.3688316871196249,0.2398246115718234,,,,,,0.2277855477855477,,0.3432452633973546,0.3168080335380716,0.3467225634526015,0.4063403854278379,,,,,0.2694530902623388
PRDM1__PRJNA551220,0.3904383869607981,0.4967467105896858,0.4798487190295536,0.3689288557912978,0.3764811952601752,0.5807105053627465,0.469246171139525,0.4283815746335066,0.4675015221769472,0.320611446770643,0.5495351505784272,0.3918142007400122,0.3637944358578052,0.5496286881977671,0.5141671650717703,0.6024970095693779,0.530016447368421,0.3383298444976076,0.5911707535885167,0.3815041866028708,,0.1919233452950558,0.5773649322169059,0.5476226076555024,0.5496162280701754,0.5802296876677042,0.5312466459160674,0.5956763622052877,0.5341624628814711,0.5553066079925584,0.5672784515759722,0.4431684018460878,0.5209205395155809,0.5898626167221208,0.5802028549962434,,0.5921319724390314,0.7658953879884113,0.4128703318324568,,,,0.5172442307203012,0.6036113664215687,0.2060700980043188,,,0.4268684349731731,,0.5882973775535759,0.5087548638132295,0.4528634973589102,0.5952940961966232,0.3185598836425282,0.2838886320291278,0.2179607582500144,0.1991369512030669,,,,,
PRDM4__RPE1_essential,0.5875471698113207,0.4457895146841162,0.68631217838765,0.5817495711835334,0.6021612349914237,0.6421269296740995,0.6144082332761578,0.3550943396226415,0.5634648370497427,0.8088679245283019,0.4069296740994854,0.5844939965694683,0.5841852487135507,,,,,,,,,,,,,0.5158290069590191,0.4229095327515741,0.5245112117530101,0.4923450789793439,0.4177399756986634,0.5142825582679774,0.5111454766375787,0.4570418645752789,0.5107257262785817,0.5158510990831768,,0.4052209754980536,,0.5120347047299189,0.4937562437562438,0.4664438502673796,0.4928111888111888,0.5136324619586422,0.3427066636134646,0.4801915976449456,,,0.5101425566721196,,0.5158510990831768,,,0.5183953253174515,0.5314637376334034,0.4591571239386149,0.4697359196073849,0.4853003038093012,,,,,
RHOXF2__PRJNA551220,,0.4977702432247887,,,,,,,,,,,,,,,,,,,,,,,,,,,,,,,,,,,0.3923291374503674,,0.7615627655055225,,,,0.4535808688621451,0.5106872957516341,0.562919458220946,,,,,,,,,0.4529702620611711,0.4367003367003367,0.4860657860657861,0.5369028278119187,,,,,
RREB1__PRJNA524331,0.5294927229051858,0.4801711736319767,0.4497809806415148,0.5250388582732797,0.5310809665112336,0.5390871838349584,0.5153680938250671,0.5083764306909708,0.510837925674721,0.4617691112053129,0.5201328246432104,0.5278677405680373,0.5294248975554614,,,,,,,,,,,,,0.5702678919521025,0.5215906432748538,0.6382177666388192,0.5540072403230298,0.5897699805068226,0.5729724310776942,0.4574413812308549,0.5071612364243943,0.5659147869674186,0.5702411584516848,,0.4074820923373262,0.3872037914691943,0.3930698653314442,0.4894184852947739,0.5329826658696952,0.6280852068212662,0.529032924262282,0.8353634295293977,0.4391437972303576,,,0.447446531962661,,0.5694346978557505,,0.4348438387279955,0.562466046773739,0.5304343210968597,0.5086575261683621,0.4383971693940734,0.4090579389650597,,,,,0.2942329053992534
RREB1__PRJNA551220,0.8642401834510208,0.5101717454658631,0.3321716115606469,0.6626359972118677,0.7413502237577153,0.3619621985837096,0.4331403864997828,0.4127041852289602,0.7890717337939813,0.8127708579567839,0.1677728278328333,0.8629471366083785,0.8667050539948077,,,,,,,,,,,,,0.4962844641989027,0.4778726917764351,0.4446836585874019,0.5012770948599826,0.50149315924717,0.5023574167959194,0.5109073932603345,0.5334243890393623,0.4992476329374725,0.4963153305399295,0.2318436680932948,0.3792279518151978,0.6829136478019288,0.5700616695276242,,,,0.4537681851357952,0.5235756680123029,0.5472896545723483,,,0.1963473668769253,,0.4983525090476962,,0.6751574024105055,0.5024028062889817,0.457499719531805,0.3985972435170296,0.4586382126489078,0.513796957647225,0.2904389442480088,0.2931176113432622,0.3258687810278938,0.2996509209744504,0.2569957275839629
SMAD2__PRJNA524331,0.484940104211114,0.4824384175674335,0.6667816711327411,0.4452672208012601,0.4772096096593999,0.4930899790066052,0.4674846206925138,0.4690377905488273,0.4118155507169695,0.585409712553855,0.6001026506294361,0.4879440371200281,0.4778142974527526,0.7048629267199522,0.7103234481213118,0.5776051393142602,0.6720674285998854,0.6115385573068399,0.5265979432783048,0.5577301362017878,0.6645754671801826,0.428960932247703,0.3886905206543662,0.7047359378501531,0.7048604367421131,0.0535868567611853,0.0797714637181834,0.0644543431984508,0.0557549722018,0.3616831725987112,0.1239064519694195,0.0785259505927239,0.5718971490627418,0.0466615731330517,0.0535734021440893,,0.0353288264590754,0.5878257076876945,0.041046265702904,,0.2483070494814855,0.4545324955529828,0.6368378743447533,0.5033918069042849,0.0755595402763557,0.3899368323746919,0.1926581496736781,0.0054908645308093,,0.0519444324313934,0.6182815687769276,0.2983486356681817,0.108159068035182,0.122294328794096,0.0953494229071639,0.064253315390075,0.085840683200582,,,,,
SMAD4__PRJNA524331,0.6951629421496285,0.4319024010558554,0.7604973608886322,0.665712560069326,0.7041569286520837,0.4744229405740395,0.7140962684803445,0.5147842756230141,0.5511541188519209,0.6811533310574828,0.7759118720621833,0.6954255402956855,0.688348520259447,0.6090372754089569,0.6829176722982033,0.5175650308393671,0.5998927326360954,0.4620005363368195,0.4650576562080987,0.6587020648967552,0.492724903632119,0.3773665862161437,0.4600160901045857,0.6071600965406275,0.6090104585679806,0.2934326967862133,0.3618485742379547,0.3321947937690835,0.3065052010557367,0.5237903017129846,0.3325570563577084,0.4598664803601925,0.3910779899601511,0.2908347565077886,0.2934223464265383,0.2623633524206142,0.4303887866757044,,0.4094886253159634,0.5011155252921515,0.8341664506732823,0.4228158480551808,0.4140249618044536,0.8518459450036718,0.3245509706291451,0.8319690265486726,0.4154219040640324,0.2152221173060453,,0.2915385809656886,0.635822201285373,0.3538013899986432,0.3164266638739069,0.2247787610619468,0.2977177456916627,0.3348968464889449,0.3138442149099976,0.2833568466504211,0.3018896156641443,0.5019665683382497,0.4758240348852122,0.4028832975177244
SNAI1__PRJNA551220,0.4014335828282653,0.5036768645042393,0.400960352881927,0.481917406178907,0.4223989719187955,0.5702116944237015,0.47498827779032,0.5465111230745185,0.4109589635830019,0.3673957591650313,0.5293489397912579,0.4012468957852143,0.3950775402462532,0.4367145919574217,0.4403459491425192,0.3866887196924897,0.447294500295683,0.5307879952690716,0.4470265375517445,0.5367478562980484,,0.5702339591957422,0.4374075990538143,0.4371673565937315,0.436705351862803,0.5799152328774392,0.5893404348460528,0.5062016635050343,0.5720421049838823,0.4800220208800392,0.5705364604751735,0.5525018903466299,0.491413846623244,0.5767447567754003,0.5799450804558056,,0.3986983129877279,0.4201797172139477,0.3797494475064568,,,,0.5889678204511363,0.5316656683740912,0.34817822670761,,0.3791003695045623,0.2559332007060999,,0.579961662443787,0.4553075678747869,0.3903515101535924,0.5793480171446342,0.2714451023950513,0.3225729837067937,0.3554165446402422,0.3418894690600513,,,,,
SNAI1__pilot,0.5020493748328142,0.5075529758491472,0.4368576827826627,0.5118087135103417,0.5083096756378949,0.4505043619325389,0.4754333888462235,0.5093624071309616,0.5328719723183392,0.41422395568173,0.4636333042825462,0.5030244458059004,0.5017085314395672,0.4955717324336218,0.5961474988998093,0.4730544961126595,0.512826389907584,0.526523764119114,0.5047949977996186,0.5020536893061464,,0.2019445870617573,0.4871827783482471,0.4939214463840399,0.4955625641777908,0.497687354243443,0.4707349273874138,0.5124972682339769,0.4841377947687803,0.4855238853646196,0.511446473851386,0.4639511665015133,0.4853203126637188,0.4943643292728563,0.4976753793786841,,0.4867644108120503,0.4796522207993529,0.5093850698174007,0.5138304735673255,0.5060591493154664,0.5105264573543029,0.5473900139295225,0.7327885643035269,0.4971237741058824,0.4013860930004306,,0.6442426678894703,0.4938404289396557,0.4987561109231722,0.5851056321460499,0.5668185612727245,0.4758723628883994,0.5944013629029031,0.5076579940523024,0.4750256711163268,0.4952008348113673,,,,,
SNAI2__pilot_14,0.3617136079867582,0.4878671283827113,0.4061803537216364,0.3416580864623926,0.3269305459616562,0.534398581985481,0.5048626950095795,0.5109961291331604,0.3823790842858446,0.8837319326964432,0.4217706934977257,0.3628422849844253,0.3775229058871062,0.5894877983373559,0.4965996245642263,0.602649503888442,0.5909198176454814,0.5135103244837758,0.5929418074550817,0.5167068919281309,,0.8953794582998122,0.6334566908018235,0.5892732636095468,0.5894717082327702,0.8548965113727784,0.7442655494143828,0.813452999132806,0.8242876994284878,0.571021094753999,0.8455976846966388,0.5894348611967276,0.6526564344746163,0.8011910856641348,0.854890242500862,,0.3304245153924949,0.4366729877791825,0.1940662743582451,0.4128071434266124,0.4975969959587402,0.91559294170394,0.6799778761061946,0.6680298014439131,0.4027651504962746,,0.6099229232086784,0.6267845138253673,,0.8551389077535498,0.5130320670278273,0.3259404555545418,0.7354790673927842,0.482922982563743,0.4707252694295978,0.3937812144046262,0.4006177166389205,,,,,0.4365589329229191
SOX11__PRJNA524331,0.2660025434506146,0.5160569490954277,0.2599366155957932,0.3350945719534104,0.2723207977553039,0.4557368941641939,0.2870162901956035,0.3533276812208563,0.2812127818486445,0.4333000262419508,0.285093562647611,0.2659571246896384,0.2682936676154141,,,,,,,,,,,,,0.3769184866929228,0.3972152603731551,0.3961928631101563,0.4117516012252854,0.5804232804232804,0.3861001710625771,0.5234673986553685,0.1637029080638103,0.4105342721884075,0.3768468791025182,,0.5153332191194107,,0.6026455803287399,0.489639717180218,0.4530118881583316,0.4938421465240371,0.4517568495288023,0.2562510335232165,0.4517817757323126,,,,,0.3776743445916378,,0.2640487199990728,0.4065934065934066,0.3781554727154019,0.4232851035150902,0.4739516859375328,0.4503380299488216,,,,,
SOX17__PRJNA524331,0.366488743051471,0.4968070828334753,0.3470571846794058,0.3855090281125208,0.3825991588797445,0.4096724407080977,0.3810027108660178,0.6465813458808545,0.4545034427556196,0.544937137095526,0.3701039681241073,0.3671830431571639,0.3740176980192546,0.4578015625705641,0.5298333559138327,0.4039922323081786,0.4693311656053832,0.6429526261120896,0.4356771891794246,0.523154044167457,0.4713091896537537,0.1909203811588312,0.4431242379081425,0.4537912658628009,0.4578060786704602,0.3283795678963927,0.2404301862455443,0.4291404118841564,0.3213759684855456,0.5325663886492187,0.3312451521252211,0.4540347391080782,0.5676819968450685,0.3315815619525714,0.3283586512231896,,0.0549380961461657,,0.0861092638494246,0.3050490462416039,0.4307108397923955,0.1422851834820876,0.3534129907063636,0.536528282842163,0.0258558549383449,,,0.1652268936774489,,0.3340967919052475,0.5057487547670182,0.3453489287264806,0.2900201941816065,0.0132134930998048,0.0176549025759805,0.014770247262761,0.0245269525176138,,,,,0.0169775997127656
SOX5__CRISPRa,0.7164704756436023,0.4764821856076608,0.581720738826682,0.6655565125849364,0.6603502727533735,0.4778064886592018,0.4025648387405493,0.3122786869556895,0.6219351134079816,0.5562254761221169,0.2470858455354579,0.7197435161259451,0.7309790410565604,,,,,,,,,,,,,0.5295631306560269,0.5675831959984966,0.4666348628097261,0.5265417642466823,0.5809697285107122,0.5009541157082141,0.5041923265966982,0.5331916616069622,0.5391476566339954,0.5295775869546361,,0.2791425509110397,,0.8249147856893636,0.3760215614675709,0.4897119341563786,0.3589768846861045,0.5908764704046928,0.6902212218357092,0.455233703223327,,,0.3340260459961208,,0.5249515713996589,,0.7189674523007856,0.5734111199504994,0.253070772504655,0.280891580215619,0.1555884147772614,0.1516922499178519,,,,,
SP1__PRJNA524331,0.3885621796601025,0.4942673387797671,0.343550040463987,0.405157809549501,0.38309684380901,0.4382087941731858,0.4113083355813326,0.5256487725923927,0.4068626922039385,0.459266253034799,0.3703048287024548,0.3946155921230105,0.3851578095495009,0.4475812672176308,0.4439559228650138,0.3723746556473829,0.3934104683195592,0.4329917355371901,0.4282314049586777,0.5072727272727273,0.4373452314556609,0.4902038567493113,0.4061928374655647,0.4522534435261708,0.447603305785124,0.6069494949494949,0.6090249867091972,0.561076023391813,0.6112791068580542,0.5504518872939926,0.5870792131844764,0.5492270069112174,0.5606847421584263,0.6139968102073365,0.6069622541201488,0.3618839983545865,0.5379192674230765,0.5453769926755709,0.4721411946073393,0.2511578767998637,0.4302776721186763,0.5285479328602005,0.4817165820001516,0.4884020422159567,0.2880872506385035,0.3204886363636364,0.4119513607411696,0.5747529889465374,,0.6023689526847422,0.4690079502246803,0.4161189406845284,0.5746573426573427,0.5241947649873346,0.5006631016042781,0.4332879256965944,0.4552682240360259,0.3773561703996487,0.3452876592007026,0.4279139218269653,0.43433465085639,0.3206952894142187
SP1__RPE1_essential,0.4246588346979945,0.5174620791712912,0.4045567817728728,0.4363237213717811,0.4224516435267592,0.4296546813812745,0.4197935208259167,0.3967485463391479,0.455939242909695,0.5125192832562003,0.4044025157232704,0.425121632846802,0.4205767176931292,0.4240684117632436,0.4067665995475675,0.4108434633455142,0.4216073781291172,0.4244661545727993,0.4452730752976856,0.4249384741591468,0.4532776493399955,0.5168667810177244,0.432868471424665,0.4296119521714271,0.4242672831680215,0.5612615297614953,0.5241523189435796,0.5027625576010454,0.553589032302437,0.4734863247667301,0.5452287611667698,0.5479263623650245,0.4687941799063099,0.5405824678847903,0.5612768136209755,,0.5168249047342247,0.4994469201352675,0.4991521377652655,0.395362499136084,0.4318118756936737,0.4462119013062409,0.3509487947742057,0.4782646578901509,,0.4934730957372467,0.4825296995108316,0.5204200417131494,,0.5590300862773867,0.4382117967023627,0.4900010407838589,0.5369934152731457,,,,,,,,,0.4281539030706622
SP2__K562_essential,0.5451135715786,0.5681476201789815,0.382422660305458,0.5441233834428542,0.5383622888348787,0.5295106070153329,0.520628919494704,0.4431541992978666,0.518888588831878,0.5808203558676148,0.4797911603204609,0.5434632580190236,0.5464638281273442,0.5923349436392915,0.4010950080515297,0.5969726247987118,0.5831884057971015,0.519098228663446,0.5807407407407407,0.4856038647342995,,0.8093075684380032,0.5637359098228664,0.5896296296296296,0.5923349436392915,0.2209351528615254,0.378662858351846,0.5317183257519659,0.2492506787968546,0.4067315490673155,0.2280228498889241,0.4756338375824253,0.4483056525265348,0.2093338975281215,0.2209527839486582,0.4294903110242631,0.5380282547801729,0.4767318175774498,0.5793143344294239,0.5314906351928445,0.5053173072166989,0.4620855799013422,0.4788506179810528,0.4200615028620144,0.4628798981510266,0.5434065145645,,0.5460116985209195,0.4461017666349307,0.2208293663387284,,0.5123037439613527,0.3591021998248717,0.4339620460901925,0.4379839585789242,0.4358112012574255,0.4713843237870698,0.4665123059771889,0.5646170997341565,0.483148958065346,0.5067256790766294,0.4140334204482458
SPI1__PRJNA551220,0.166714215398892,0.4815556316570515,0.2524336068169207,0.1972593119750698,0.1629866037978374,0.557226205517116,0.2658329440607453,0.4114292521890705,0.1951117813218129,0.4969730790573438,0.2223054760464117,0.1682221894780403,0.1655134792818156,0.1160323476032881,0.2025728621757233,0.1433890253015906,0.1695113163232625,0.6064041315255685,0.1601233052204548,0.5181221308850219,,0.4031306715063521,0.1253069285790541,0.1166795665634675,0.1160323476032881,0.0700743107160219,0.1361038003118032,0.0775772263878478,0.0805108592311247,0.375239180881814,0.1036518340593575,0.3650061905639999,0.4659255551750481,0.0694756101357613,0.0700647315067377,0.0472915229456039,0.4699048064918851,,0.278457088474946,,,,0.0767180493321275,0.6234171787376208,0.1955108400933349,0.1533246269693517,0.0440257565650652,0.0403175630902459,,0.0703760558084733,0.192642520579948,0.4492881999367289,0.1443384275159086,0.0988292548314676,0.0990097860833616,0.085882585052786,0.1577688400480213,0.1327990777995766,0.1529722120617608,0.0373424666644498,,0.0597279664216783
SPI1__exp8,0.2012708937698577,0.4685943253194715,0.2543076852235575,0.212718147073721,0.1921167748768246,0.5932771561449556,0.2617212322143942,0.4077266657457291,0.2447207256987613,0.237804484965695,0.2386793756043652,0.201160381268131,0.2012064281438504,0.1473723327270238,0.2195231668915879,0.1662070449255804,0.1823035850495804,0.62841049111072,0.197324414715719,0.5821744997946371,,0.1938039077627178,0.1618064112343288,0.1482524594652741,0.1473723327270238,0.1184706405389692,0.2008207653637016,0.1157073971478403,0.1289901166170787,0.4111145309667932,0.1627851304674942,0.3000512978352313,0.4947163229711706,0.1167880715433808,0.1184432816935125,0.0574126758337284,0.4533879434332815,,0.2857931542142068,0.1201998050682261,0.0620775423407002,0.777029239766082,0.0737284387439186,0.3950494337388726,0.2507286881768037,0.3252135133998065,0.1190933538225124,0.0832546531117112,,0.1160562224274135,0.2680119270508286,0.4708587949273934,0.1870577398149311,0.246626037208816,0.2172891786725221,0.2154257504126429,0.23805949526861,0.0989776027370012,0.0891912320483749,0.043402156184111,0.0419103313840156,0.0572882824344812
SPI1__pilot,0.4627424766698123,0.484077500670421,0.4471138722868827,0.4855719828038167,0.4679013316556569,0.4534471007654398,0.469455803711859,0.4513840830449827,0.4478242633951976,0.4978609625668448,0.4365104330502254,0.4622208241585404,0.4621448044458425,0.4031528520499108,0.5040552584670231,0.4074643493761141,0.4168504901960784,0.4994652406417112,0.4098262032085562,0.5033868092691622,,0.4754066399286987,0.3811720142602495,0.4044730392156863,0.403125,0.4399814471243043,0.4635054021608643,0.4569918876641566,0.4348248390265197,0.4791116446578631,0.4440612608679836,0.4766561169922514,0.4929462694168576,0.4411819273163811,0.4399723525773946,0.3181818181818182,0.1777777777777777,,0.4646106850383465,0.3953320518619026,0.3921625897529511,0.3939370593453798,0.4295878993671863,0.7231610186688311,0.5261883170860726,0.4666666666666667,0.2646717171717171,0.458653919548126,0.4314962348575794,0.4372676343264579,0.474271012006861,0.4750242295018414,0.4730627442306275,0.4452276778479987,0.563424688057041,0.5122751579970831,0.5060555420515314,0.4400112233445566,0.4215648548981882,0.2888488055154722,0.3342260442260442,0.1849356395816573
SREBF2__exp10,0.1052540913006029,0.5105346849532896,0.0496770025839793,0.2429801894918173,0.1314814814814814,0.4226744186046511,0.1612618432385874,0.2823858742463394,0.1882428940568475,0.4648148148148148,0.0976959517657192,0.1080964685615848,0.1036175710594315,0.0933412063953488,0.0511446220930232,0.2052598110465116,0.114734738372093,0.439453125,0.1473928052325581,0.344703851744186,,0.400890261627907,0.0835755813953488,0.0926598837209302,0.0933412063953488,0.2269688799011347,0.0905797101449275,0.3503679361869453,0.2769070890911133,0.4427030670711156,0.2907959779800022,0.5448123806313898,0.4176497022806426,0.2201297607010448,0.2269688799011347,0.4339231547017189,0.5573112456196241,0.5656456091634849,0.4696527101590392,0.3338718591896603,0.1371056552438945,0.1012832489306258,0.4221855292736786,0.7663493692050463,0.4173369470187096,,,0.4968821544764429,0.3186439725873497,0.2262947983372654,0.1697546639407104,0.1624959811381416,0.3289912969039806,0.5276982264854048,0.4137136843558071,0.4136360499620454,0.4179145676626872,0.4578488372093023,0.4971968438538205,0.5233077242524917,0.5310428285804483,0.4661101172729079
SRF__RPE1_essential,0.079722164627825,0.4962508080155138,0.0752228903172299,0.1306862948372382,0.0750984864192411,0.2525399129172714,0.1499688990255027,0.0970765083972631,0.1123574538668878,0.4093302923491602,0.0654986522911051,0.0814223512336719,0.0762388554841385,0.2006254614950267,0.216305433696738,0.2041002475785084,0.2024497241888546,0.360335316857056,0.273248490639795,0.1851192285974894,0.1577118533640272,0.5255179603005691,0.1740433479563914,0.1997133301481127,0.2005820266689831,0.2363505267514988,0.1729534135366456,0.295181125071769,0.2448559945522278,0.210553723311925,0.2712670075975057,0.2500500714352476,0.522705726836954,0.2046920272922703,0.2363238219860334,,0.6271209898413929,0.1633441934949472,0.6236546828486375,0.4223221833111942,0.1595830639948287,0.0970752324598478,0.1806348158279488,0.3701109973150275,0.3495494626120312,0.3952136752136752,0.4498371998371998,0.1167264611994689,,0.2457506041953186,0.2215622215622215,0.3049905177564752,0.3111425039731591,0.1812574743166003,0.2628416998596947,0.3295761650517435,0.449419475126416,,,,,0.4471234647705235
TBX21__exp8,0.425140607424072,0.5147403150276714,0.4393700787401575,0.4266029246344207,0.4212410948631421,0.5155605549306337,0.4064491938507686,0.4923134608173978,0.4312523434570678,0.3977502812148482,0.5862392200974879,0.422928383952006,0.4271278590176228,0.4502707437490046,0.5168816690555821,0.4590699155916547,0.4331103678929766,0.3964007007485268,0.4413521261347348,0.4711339385252429,,0.3278388278388278,0.4793756967670011,0.4497531454053193,0.4502707437490046,0.5219855193539404,0.4937621832358674,0.4670843776106934,0.4798106377053746,0.6083681425786689,0.5410052910052909,0.4944862155388471,0.3947089947089947,0.5234892787524367,0.5218880534670008,,,,,0.4988343253968254,0.3621289424860853,0.4843015873015873,0.4090436174469787,0.8011442987791144,0.0978199639477242,0.5003854059609455,,0.4202127659574468,,0.5288916736285157,0.5088932806324111,0.4604958088104155,0.5204284577792931,0.0095633400231101,0.0119275679620507,0.0048272821261327,0.0939229459344401,,,,,
TBX2__PRJNA551220,0.3738421003495741,0.4675687846828786,0.4832214765100671,0.3588218208976899,0.3770759208738317,0.5505326597719988,0.4220771137827661,0.4830062342458222,0.4439462464861051,0.463458087403919,0.5341249753638372,0.3735075671918924,0.3705797537421034,,,,,,,,,,,,,0.5147797595936705,0.5340522808491082,0.4354531984184211,0.5024662646688273,0.5313918845035379,0.5219487650848236,0.4893465290048572,0.5154711060751329,0.5131514306316014,0.5147777786581935,0.2863932136408544,0.4712645229499161,0.5305958760383608,0.4613277473412826,,,,0.4161271054158988,0.5349203020134228,0.0636099183804323,,,0.3711672998711275,,0.524995443848403,,0.4892709808509328,0.5119630266760352,0.0095679183537633,0.014782807186712,0.0116329673986781,0.0653509090055765,0.2494498844757399,0.2168096967029742,0.1779898778743536,0.222515634533252,0.0150207734100351
TBX3__PRJNA551220,0.600406285953771,0.5003134720515785,0.4942460619359178,0.5944508065657091,0.5675777402279152,0.376391102284224,0.4155728712030815,0.6464191045158604,0.6344093771438791,0.5683331865151503,0.6168606001393437,0.6003956082677323,0.5585470872607198,,,,,,,,,,,,,0.5650788213199894,0.5512700519765994,0.5369759773904852,0.5617326620623841,0.5364702811711761,0.5595100456146146,0.5181836533697108,0.4553182725580276,0.5642101657174666,0.5650543521480874,,0.3701829514577366,0.2987285393599407,0.0781244839998678,,,,0.5117526526670234,0.5361868840800569,0.0435254800286184,,,0.6002610055172949,,0.5676990618111672,,0.3636513444565923,0.537685831208212,0.0046696904916405,0.0074618426007969,0.0038780500391428,0.0514884707065583,,,,,
TBX5__extend_61,0.5779883381924199,0.4575818036711891,0.5762598917117867,0.5605893377759267,0.5551957517700957,0.4628071636817992,0.5134527280299874,0.5654518950437318,0.5662848812994585,,0.5263744273219492,0.5769783423573511,0.5801332778009163,0.5351515151515152,0.5632251082251082,0.515995670995671,0.5565151515151515,0.6397186147186147,0.5055627705627705,0.5672077922077922,,,0.3963636363636363,0.5365151515151515,0.5351515151515152,0.5576916582235731,0.5387031408308004,0.4572695035460992,0.5436001350894968,0.4529466396487673,0.5537993920972645,0.5361026680175617,,0.5771192164809186,0.5577507598784195,,,0.3435475305363781,,0.5447698482378026,0.537529200359389,0.5369976359338062,0.510452380952381,0.2578277111161421,0.4320101808729557,0.5877581755593804,,0.3586409844836811,,0.5527946639648768,0.5553637812002125,0.6173817649926865,0.4877256317689531,0.2501854140914709,0.3966846194596504,0.4260595090941197,0.4137736182235564,,,,,0.7237829209896248
TFAP4__exp7,0.462999991969613,0.5119311927461333,0.4856135617175391,0.4676696620010118,0.4739654853967412,0.4670473070097248,0.4716085668168349,0.4648791025239506,0.4894681474700266,0.5131577890738555,0.4458390549840597,0.4643450817894914,0.4631686300962843,0.506322038635151,0.5221419558092464,0.5049839514223528,0.5139525233106649,0.5773846323224282,0.5044334725056953,0.5094640029133038,,0.7687480415653927,0.5207530551579874,0.5055344303390104,0.506322038635151,0.7309874875857281,0.6438751863971806,0.7230511424059811,0.7218734344834051,0.5706580809220105,0.6987382119346928,0.4959322202723962,0.5692284255334109,0.7363047509675075,0.7310021356942178,0.5643363181932607,0.5021716011898341,0.588926877136839,0.4680464287907633,0.4969392610674545,0.4860352194465516,0.2851011106686136,0.5293429021178566,0.2238555743858439,0.4671916114041351,0.5437250921121889,,0.4562336361996803,,0.7326134276280903,0.5057742040183854,0.5206061130667282,0.6499147956590631,0.4295232632270208,0.4912975606326665,0.4704318384811914,0.4611597819956252,0.5298410072603621,0.454976564653984,0.457752044848819,0.4615944327319539,
TFAP4__exp8,0.5081335503453129,0.5312042923293164,0.4897285883957243,0.5032595785861963,0.5315532485813576,0.5284212378480623,0.5143183917652752,0.5436677957154797,0.5022566313289052,0.506866669599261,0.5216205516209915,0.5080631680816434,0.5070602208243522,0.5555389473290857,0.5278115132377945,0.547448665009996,0.5523065712524056,0.4830253545337344,0.5374152201939426,0.5054651445227107,,0.4897703705087722,0.5214214981035481,0.5541002597111414,0.5555389473290857,0.5497010683132412,0.5134829625273613,0.5479499493612989,0.5754908686987488,0.4751282302590741,0.5614492469535104,0.5208206736580744,0.4980887974125257,0.5446829363912574,0.5496487961057205,,0.4875888379748778,0.377892030848329,0.354628993357317,0.4614990689013035,0.5114271203656678,0.5904283054003724,0.6039246983709685,0.82475964968843,0.4540251660997832,0.5944696756561231,,0.6069178652086058,,0.553301316606227,0.5402433369399607,0.4583830268030883,0.5050599325342329,0.6236684575155005,0.5598043622509044,0.4485683911613405,0.4530669178135947,,,,,
TFDP1__K562_essential,0.4177100792007624,0.5617139387631191,0.3470045022840053,0.5542574517729798,0.4002431890630648,0.4737750172532781,0.3837786322258372,0.4569982582404942,0.3971047356140524,0.4426369581649084,0.3876236484932137,0.4171842650103519,0.4392027342337901,0.4466666666666666,0.2831746031746032,0.4768253968253968,0.4423280423280423,0.4835273368606702,0.4306878306878307,0.4837742504409171,,0.3963315696649029,0.3880070546737213,0.4474426807760141,0.4467019400352733,0.3397926080407832,0.2657378442049975,0.3720310508631677,0.332068512725447,0.4517823349940138,0.3027845363611787,0.4650581238172478,0.4349824276831576,0.2836867106940099,0.3399857104236666,0.4318262885678616,0.6611620057859209,0.460353866317169,0.620655462184874,0.4850292785327588,0.4780323961211333,0.4067722075637643,0.466646052360338,0.2374783246631986,0.4050537477503769,0.5381109539525382,,0.2549781695025911,0.4088942957556096,0.3407774301934885,0.4506512006512007,0.3970940806878306,0.3253968253968254,0.4195400116452748,0.4032556137819296,0.3489152173362699,0.4079770132401711,0.4687235841081995,0.5430168122475815,0.4403587865126326,0.5142571998859423,0.5097146326654522
TFDP1__RPE1_essential,0.4382676965936432,0.4733122779313068,0.4043307585158921,0.5219956945675573,0.4335570469798657,0.4594023046726605,0.4201848803343042,0.4445865518551349,0.4654805622388249,0.3332657971381537,0.3857414207927061,0.4383563378498164,0.4527415474230721,0.4800381993262064,0.543703743003422,0.4980502427248853,0.4707801681831445,0.4490012467835637,0.4753428654800116,0.4817624744674642,0.5219778762235722,0.3198663023582778,0.4472504443324402,0.482903148791681,0.4800116720163408,0.4495013333115871,0.3444755233349915,0.453872311970447,0.4673440596279775,0.438957162778181,0.4430508778653967,0.4655255367904294,0.490609735213289,0.2967535697684849,0.4496073458536864,0.3446220416813846,0.5343288952860741,0.4358706283093319,0.5267957960566316,0.5061213953831404,0.4798904461113304,0.5093236964377904,0.4598438805196302,0.6994488867851165,0.4254120039192863,0.4387472035794184,,0.4534342057590448,,0.4497541324504391,0.4328314892073281,0.4569946213527536,0.4128636729411569,0.3016338572488397,0.4281557138995761,0.3883703409764036,0.4106151837729968,0.3945021605222028,0.484048910545187,0.4630872483221476,0.4788544635469339,0.4050927753651796
THAP11__RPE1_essential,0.5478393183201461,0.5182163187855787,0.4566240616757963,0.5255427064313248,0.4759991884763644,0.4835463582876851,0.4288496652465003,0.5280990058835464,0.4081761006289308,0.4006289308176101,0.4347129235138973,0.5466220328667072,0.5457496449584094,,,,,,,,,,,,,0.7198683024340532,0.6319784684931865,0.6417512640614589,0.7047518258665516,0.4470270058401599,0.6831419276447301,0.4768810671683716,0.4841192072015574,0.6720364781353297,0.7198421719646193,0.4978070175438596,0.4699197469392537,,0.4473895122509732,0.4603863878057426,0.5479522454142948,0.5302233250620347,0.5497438737366745,0.2491400557948051,0.4304852283323301,,,0.4414959781076374,,0.7209004559766916,,0.5019446350949439,0.7045602562568949,0.4756060480415734,0.4203315181837447,0.4136053293529038,0.4340234587352922,0.4692149064663425,0.5065547208719988,0.4878479893946089,0.4938135218736191,0.5259962049335863
THAP1__K562_essential,0.4269611226132965,0.5192015786278081,0.3760927076144467,0.4328272371750633,0.4181044398435702,0.5632045088566827,0.4225040257648953,0.4614964343225213,0.4484702093397745,0.8177766275592363,0.4174143087186566,0.4261847250977685,0.4265585461237635,,,,,,,,,,,,,0.7552210056772101,0.7169674236280076,0.6096580156799134,0.7566909975669099,0.6686435523114356,0.7633988915923222,0.520360232495269,0.626081373344147,0.7337118140037848,0.7552379021357124,0.5704588014981273,0.509016106442577,0.5621814475025484,0.626671795478755,0.513631090487239,0.5413348502085704,0.5251026092055117,0.5191919191919192,0.7276931605975724,0.4518641470888662,,,0.6913203370465582,0.7446945120302785,0.7562178967288457,,,0.7182319495821345,0.6933922558922558,0.4533825093035619,0.4376329080276449,0.4712586390217969,0.5889217619986851,0.4812623274161736,0.4296515450361604,0.4585828343313373,0.5214784456587735
THAP1__RPE1_essential,0.3601299103000309,0.5233365477338476,0.355536653263223,0.3820290751623879,0.3168110114444788,0.4979276214042684,0.2709093721002165,0.3382616764614909,0.5257191463037426,0.3262295081967213,0.3042066192390968,0.366192390968141,0.3588772038354469,,,,,,,,,,,,,0.7222277553134275,0.714558890902934,0.6493337051570623,0.7168595502260822,0.6583072724737565,0.7237216899388483,0.4996514152540685,0.4564169471943908,0.562824930781029,0.7221978766209192,0.6417169974115616,0.3568074115185928,0.7201993574429525,0.5006032639756155,0.4586110610700775,0.5052736258437801,0.5184867591424969,0.5535777105466827,0.7197010364619895,0.5486944629393028,,,0.6628176492898985,,0.7263808935720972,,,0.7331759508804636,0.6483838341270176,0.560846783822889,0.5580162108250102,0.5526500625114136,0.7519088255108914,0.7384909050078599,0.693521221648327,0.5652369189310578,0.6098360655737706
TP53__Dox,0.0632737390382656,0.5038286156758153,0.4248557067265093,0.5110838764170552,0.1752800987073641,0.7948509866596004,0.514793683391161,0.1464462864666572,0.1922226546649994,0.7601626352878827,0.4999627363138761,0.0677039772774322,0.0271610867747037,0.6243302312464749,0.3310067681895093,0.6167865200225606,0.535233361534123,0.6319091934574168,0.5353214890016921,0.2492421037789058,,0.7574555837563451,0.6108819796954315,0.6209461364918217,0.6243654822335025,0.0225672828273153,0.0256919835264821,0.0417704242888612,0.0262426970596686,0.5444641317881429,0.0258655780097691,0.3692713820515276,0.2749736615266737,0.0201190020113016,0.02253735274399,0.3257445371560533,0.2666007194244604,0.4815310598931757,0.5094077943691924,0.0163191676804967,0.0030139593908629,0.2215182626617304,0.0446812071177553,0.3997641054470697,0.3187657974489347,,0.7995120607563059,0.4735061002760709,,0.0212802892443252,0.4613241170752781,0.0524205494874479,0.0326905987900035,0.6693014904417324,0.484103304892537,0.2928940760341289,0.3054663030564856,0.280508069472582,0.3426509753932303,0.4945027429377888,0.4415548292886447,0.7399122429665319
TP53__Mock,0.4582326226682997,0.4673624500516948,0.4988023108355643,0.5644313415202523,0.5162799015835511,0.5500428133230726,0.6207931845525194,0.4569861588320091,0.5767063006037221,0.4805714223778194,0.619541301308245,0.4522929515179762,0.422654209254181,0.6216373601278831,0.4721055035396209,0.6021580269467914,0.5919273806805206,0.484585521808632,0.579778488239324,0.444610641699018,,0.5807718657227677,0.6164649463347797,0.6233272436629368,0.6216716145238639,0.3561711233287516,0.3153895414219667,0.4133528051980507,0.4154731038360614,0.4657511245782831,0.4160783456203923,0.6134105960264901,0.4785158690491065,0.3572293202549044,0.3561359802574034,,0.3395217512548801,0.4734505009339446,0.3684916201117318,0.2612477970233612,0.6384042282221091,0.5080123672326854,0.4022899612476687,0.5283868064039092,0.4347080072245635,0.3664880440827056,0.4228062913907284,0.4208816225165563,,0.3552691178308134,0.510981641378154,0.4092702169625247,0.3675893722108406,0.5744493353249351,0.3904222460156948,0.3965997365093213,0.4265376531704802,,,,,0.3596697124654204
TP73__PRJNA551220,0.1066768168431413,0.4970949448561389,0.3461517758964067,0.2316008827577722,0.1146508569978546,0.5940852153452213,0.5540381554361116,0.4781963443985636,0.1707767191861403,0.4632094550431767,0.336593693049436,0.1058309688035863,0.1070766722800218,0.3856376014663525,0.3409105786855197,0.4323448546739984,0.3753600418957842,0.3946386488609583,0.4217563498297984,0.4272715370515842,,0.429268133019115,0.3646733438072794,0.3841156061796281,0.3856376014663525,0.1207892062708887,0.132419367154781,0.0938107573114357,0.1185982719225595,0.3952727507680018,0.1609308827762016,0.4219692564332998,0.4112554112554112,0.1216526576092383,0.1207833324522605,,0.5435833413361503,0.5822695308984792,0.3961692513094382,,,,0.3946764915974284,0.3875041154521509,0.2494224258503878,0.1436652354665031,0.2164679955925073,0.2182975397327576,,0.1223516420259975,0.3450645604661517,0.2127071066684924,0.1745723847668995,0.3436188415835634,0.2991020738646247,0.2439677012268599,0.2318414285849835,,,,,
USF2__RPE1_essential,0.5287735849056604,0.5436274509803921,0.5911949685534591,0.5373315363881401,0.5318733153638814,0.3946540880503145,0.5556603773584905,0.4646001796945193,0.5018643306379156,0.4249775381850853,0.5882973944294699,0.5273135669362085,0.5237421383647799,0.580180688876341,0.5911443628834933,0.5632411067193676,0.5828627893845285,0.356248823640128,0.5961321287408244,0.4643798230754752,0.5926971579145492,0.4164784490871447,0.5925559947299077,0.5809806135893092,0.580274797666102,0.4076404559393624,0.5041804084938958,0.4966874963837297,0.4344297864954001,0.3872157611525776,0.46334548400162,0.4878493317132443,0.4608574900190939,0.3858415784296707,0.4076115257767749,0.4087562656641604,0.3571604103950359,0.5606604450825556,0.373594642747435,0.5146847200418628,0.4880952380952381,0.5704395604395605,0.4633251583895361,0.5364939426652272,0.4519105117348805,0.5233862433862434,0.5555555555555556,0.4804290610845881,,0.4093039402881444,0.5342985842985843,0.4044804683102555,0.4488345399964683,0.6322683314971232,0.555524952054515,0.4622760843840535,0.4265822010037948,0.4403946510110894,0.4412100456621004,0.5036692759295499,0.5272341813437704,0.5031512605042017
YY1__RPE1_essential,0.51437106918239,0.4622549019607843,0.5423270440251572,0.5038993710691824,0.4754716981132075,0.3820440251572327,0.3987735849056603,0.5522327044025157,0.4883018867924528,0.3517924528301887,0.330062893081761,0.5140566037735849,0.5820125786163521,0.3293148880105401,0.4729907773386034,0.5040184453227932,0.3576416337285902,0.3887351778656126,0.3415678524374176,0.458695652173913,0.3819499341238472,0.3075098814229248,0.3119894598155467,0.3312911725955204,0.3294466403162055,0.4622114216281895,0.4791211016605913,0.4987039287160794,0.4599432968813284,0.6513568246253544,0.4288173349534224,0.4633859862292426,0.3423248278655326,0.5371607938436613,0.4622114216281895,0.5344298245614035,0.3804807240746275,,0.2715100092801272,0.4997252747252746,0.6303308823529412,0.3647692307692308,0.3393991416309013,0.658144416456759,0.2724844493230882,0.5644444444444444,0.5600308641975309,0.4340402742073693,,0.4631227217496962,0.3756756756756756,0.5461780929866037,0.4823650597445406,0.37774921451014,0.3826620965438446,0.2273350471293916,0.2314053127677806,0.489269406392694,0.4197488584474886,0.4267123287671233,0.5680365296803652,0.4652941176470588
YY1__k562_tfs_7,0.4679248250373516,0.5170890188434049,0.6237673979712196,0.4169772745144295,0.4590587402689314,0.4342258394275379,0.3887355508374616,0.5020602343319965,0.4432256035228434,0.5241094597782495,0.4510183219312731,0.4652866242038216,0.5036250688055359,0.4104044834307991,0.4835445094217024,0.3578866146848602,0.3700211176088369,0.4348521767381416,0.3523229369720598,0.4217105263157895,,0.3592024041585445,0.3987248213125406,0.4083414554905783,0.4104369720597791,0.3146322378716745,0.360861879093491,0.3183359415753782,0.3078421144148844,0.3512345679012346,0.32760969106822,0.4571987480438184,0.363641105894627,0.3107459572248304,0.314646728105257,0.2004824748119767,0.2477660916812896,,0.1271801909990278,0.4145428137585,0.3543002036829197,0.4035434145010572,0.2557331090552285,0.2671520626317374,0.1977062566381166,0.517038886576964,0.5046051342347638,0.1499343314946152,,0.3107807337854286,0.4858275619793235,0.4314638447971781,0.3559670781893004,0.2250246834593177,0.195461402968334,0.1772090708750977,0.1795060148653665,0.3010335917312661,0.4058283089290841,0.2516508756818834,,0.1753346328784925
ZBTB10__PRJNA551220,,0.5138978668390433,,,,,,,,,,,,,,,,,,,,,,,,0.4864921175081603,0.4540989949698888,0.4640203188713502,0.4404472532814779,0.5867173315607235,0.5199170577321838,0.4614804599525761,0.5709523478813012,0.4913138809242705,0.4864623535364559,,0.3282241735645569,,0.4702937249666221,,,,,0.565207149036085,0.5603074432592144,,,0.503384396152476,,0.5033186828450389,,,0.4641770065426893,0.637993023019761,0.5992082783526633,0.5106711470347834,0.5076955130431067,,,,,
ZBTB11__K562_essential,,0.469117403543633,,,,,,,,,,,,,,,,,,,,,,,,0.1758460517584605,0.3539408685394087,0.4082798790827988,0.1856521418565214,0.3166334881663348,0.1654501216545012,0.4806090098060901,0.4042984590429846,0.1863894418638944,0.1758460517584605,0.4931903302689819,0.4987904252610134,0.5325271059216014,0.4921875,0.3458482739225198,,0.4179259614615815,,0.2733638910109498,0.4262543721174978,,,0.363714263457194,0.3697928186979282,0.173892206738922,,,0.2658521092553152,0.4308878256246677,0.4578077424967377,0.4350442221255618,0.4278430235368034,0.5436614667383899,0.4819795589026358,0.5314685314685316,0.4919252404282345,0.4432853121377711
ZBTB17__K562_essential,0.4677288684850121,0.502791636968401,0.4927536231884058,0.4558016023044378,0.471892159510307,0.4251057700963183,0.4813664596273291,0.529885678278873,0.4953866234584571,0.5338014222702313,0.4981321451075704,0.4672562786929516,0.4573994058871186,,,,,,,,,,,,,0.2876864487464297,0.4484290701364646,0.5133026552417222,0.3080900243309002,0.4081376282661589,0.3145033322754681,0.5127076060509891,0.3751983497302444,0.2931873479318735,0.2876467788003808,,0.5699899525027402,0.5586856800957319,0.5916730328495035,0.3796277615252698,0.4925434040658852,0.3442698175977974,0.5035008469791079,0.4354676653270004,0.5259248567748812,0.5630650021523892,,0.5785738236280318,0.3564873585105257,0.2897228393102719,,0.4676177536231884,0.3557872728247467,0.6381578947368421,0.5176478746272797,0.5114936550863325,0.5455412246030095,,,,,0.5208481824661441
ZBTB17__RPE1_essential,0.4562750142938822,0.528698752228164,0.5320040022870212,0.4517438536306461,0.451186392224128,0.4605917667238421,0.4493138936535163,0.5330045740423099,0.4511578044596912,0.4935820468839337,0.5015723270440251,0.4580188679245283,0.4553459119496855,,,,,,,,,,,,,0.2704444198976398,0.4975790713943812,0.3493961486063552,0.2933373835560955,0.4722651791303067,0.2826595235465223,0.5827257999189955,0.4789572517397547,0.4312198534555764,0.2704536249493722,,0.5464057353226118,,0.5472243375705387,0.5267857142857143,0.498690953654189,0.4299300699300699,0.5136168552477565,0.4750973208152049,0.5146691946911486,0.4521548821548821,,0.6078425644621017,,0.272405095916639,,0.5229780070205603,0.3782915683410121,0.5455519202305835,0.5304068967308042,0.5214159590766274,0.5206759107787385,,,,,0.4901960784313725
ZBTB1__PRJNA551220,,0.4848938650433523,,,,,,,,,,,,,,,,,,,,,,,,0.4973779913811202,0.4810590070454489,0.5285824899939275,0.5229050455888627,0.4696679993047106,0.5021073138577049,0.521166822053316,0.5440639666261081,0.4987911445411879,0.4974050805790768,,0.5476267410834497,,0.3825290676282287,,,,0.5388565933474931,0.5405105935777753,0.4609048753426934,,,0.6227905379953558,,0.4946622992859738,,,0.4935678408147018,0.5583161840766568,0.5543997111874741,0.4749811287270004,0.4490305453281292,,,,,
ZBTB25__PRJNA551220,,0.523020544435619,,,,,,,,,,,,,,,,,,,,,,,,0.5216073030475717,0.4909979795556113,0.4953578858680685,0.5176291271189445,0.5392677865909022,0.530507074282006,0.5271751133602908,0.5336263568470161,0.5224171167904109,0.5215882165283803,,0.4810335529275756,,0.4097137434235354,,,,,0.5426041808178237,0.4461470572809757,,,0.4381310004434641,,0.5162194513443726,,,0.4989675479332894,0.3489103799832332,0.4206668829805508,0.4388196309254466,0.4355117903301821,,,,,
ZBTB33__PRJNA524331,0.6123164669158735,0.5470869687587954,0.5094994026744768,0.615938957185248,0.6033565840687503,0.6596593317661567,0.5856102354618675,0.5634899225403676,0.5138926355543566,0.5067054607113954,0.4360669004585918,0.6121045126979845,0.6123164669158735,,,,,,,,,,,,,0.5391509075719602,0.5727956254272044,0.4739576213260423,0.525571504518873,0.4903926482873851,0.5275157590947065,0.4978203083466241,0.462808536492747,0.5434495329232172,0.539363560416192,,0.4591846615667667,0.4979996307010525,0.4839076107535024,0.479959590550031,0.5006430111032621,0.4583433914288933,0.5807436933375215,0.8515583326983159,0.5852044690313483,,,0.3324417517965905,,0.5469431153641681,,0.4818469435164495,0.5554599246906939,0.786361625990109,0.7411603876000161,0.5676008202323991,0.5863053355313418,,,,,
ZIC3__PRJNA524331,0.6504001012558539,0.4692939929136498,0.6073312050852939,0.626682323821846,0.6580505435470488,0.6629445764833279,0.5934929050585738,0.616120775732347,0.6622203158620108,0.7763687119411592,0.6257963351006229,0.6506180826079008,0.6538596762625339,,,,,,,,,,,,,,,,,,,,,,,,0.527648135275843,,0.5196673829767355,0.5276076344625716,0.5610462234032005,,0.4894797797532699,0.4722889843200661,0.4106021512341347,,,,,,,,,0.2648687511921705,0.3301189969627162,0.4175722271946943,0.4029404428271683,,,,,0.2421773762380723
ZNF143__PRJNA524331,0.4808315426856305,0.4980989428803762,0.6149595825232784,0.3974555748831815,0.4980729219959753,0.5464033561854088,0.4066305126368566,0.6142262696544902,0.4830314812919949,0.6408983935332037,0.4530338688222654,0.4830996964425799,0.4789897336198369,0.4836642284918147,0.4109717868338558,0.475304771856496,0.4833507488679903,0.5795193312434692,0.4500522466039707,0.424486241727621,0.4592059798321697,0.7037095088819226,0.4619296412399861,0.4818181818181818,0.4836293974225009,0.3218928547422195,0.4485044027693756,0.2978423069167171,0.3245815688646905,0.4614371176984607,0.2947099549640384,0.557961954695167,0.4132419170531693,0.3212610069234388,0.3219197418834442,0.4460914339210485,0.4242197851766232,0.4679141471918069,0.412281012628321,0.4492346141830678,0.5443658923676238,0.4753094332635417,0.2631503264214431,0.5500476919964159,0.4187067438186753,0.4169540229885057,,0.498089044807621,,0.31630032936748,,0.5276782392449431,0.4113718288784602,0.4108181203515889,0.4171310629514964,0.4293939717447778,0.449158392939753,0.3747570659114887,0.4034094064079071,0.4789272030651341,0.4938641790216003,0.3600360431638865
ZNF236__RPE1_essential,0.4539150943396226,0.5345758354755784,0.3984905660377358,0.4942688679245283,0.4545754716981132,0.4562971698113207,0.4595283018867924,0.4993632075471698,0.4331603773584905,0.3784433962264151,0.4023820754716981,0.4526650943396226,0.4644339622641509,,,,,,,,,,,,,,,,,,,,,,,,0.3278867824473021,,0.4109770648283176,0.5751373626373626,0.5065257352941177,,0.1683690987124463,0.3288098236775819,0.4767563117453348,,,,,,,0.4099881796690307,,0.6137317909168809,0.4766816623821765,0.4868466152527849,0.466334618680377,,,,,
ZNF236__exp7,0.5165316107331244,0.497218997013654,0.4688989119078562,0.5009555844354407,0.5156970669928395,0.6118479728868842,0.514817929312234,0.4069897816171037,0.4732054124302423,0.8401370945136711,0.5036821853578982,0.5141617613332313,0.5253930637311113,,,,,,,,,,,,,,,,,,,,,,,,0.386526894655439,,0.4668964435249012,0.4824434188413339,0.482667645818884,,0.3268479392898128,0.2115852812918933,0.4495167933102162,,,,,,,0.4914927058536287,,0.5883000136895316,0.5242203304754324,0.4292808939771131,0.4499039197692046,,,,,
ZNF236__exp8,0.5088881242029837,0.5035490680823542,0.588547254215331,0.5035645608566282,0.4966661943606663,0.3864906989454081,0.5080946501224622,0.5523308301115316,0.5199886646559926,0.3843734186183025,0.5291338582677165,0.5099406918608181,0.5094913264376657,,,,,,,,,,,,,,,,,,,,,,,,0.465513866022228,,0.4823605881298188,0.5285454155955441,0.4796848395820118,,0.4883368257328638,0.6626480824373195,0.4737091790808755,,,,,,,0.5722201361408779,,0.4523584394606467,0.473012636783579,0.4927508396615745,0.4729436909651429,,,,,
ZNF292__RPE1_essential,,0.5154559014884635,,,,,,,,,,,,,,,,,,,,,,,,,,,,,,,,,,,0.4846347607052896,,0.509598689198112,0.5516636141636142,,0.5527065527065527,0.4772452710220951,0.730560220169792,0.3734703419116152,,,,,,,,,0.5728760036814878,0.4308689580754705,0.3612142562442476,0.3755990351962931,,,,,
ZNF296__exp8,,0.522367449655388,,,,,,,,,,,,,,,,,,,,,,,,0.552878328028228,0.537380018259432,0.5670022454166358,0.5838305327312655,0.5806129247168554,0.5766575369506749,0.5710415278703086,0.5363880869543761,0.5561354158955758,0.5529005354455054,,0.547037721835048,,0.4057073737924802,0.5142163326300985,0.5001746671050469,0.5660309423347398,,0.7722666650699176,0.0901549335143553,,,0.5195682366671419,,0.541179954104671,,,0.5572666485403261,0.1128166577751911,0.1099269282377095,0.0843720193349176,0.087738655285578,,,,,
