Index,ULM_CollecTRI,random,AUCell_CollecTRI,VIPER_CollecTRI,Consensus_CollecTRI,GSEA_CollecTRI,GSVA_CollecTRI,MDT_CollecTRI,MLM_CollecTRI,ORA_CollecTRI,UDT_CollecTRI,WAGGR_CollecTRI,Zscore_CollecTRI,ULM_TFLink,AUCell_TFLink,VIPER_TFLink,Consensus_TFLink,GSEA_TFLink,GSVA_TFLink,MDT_TFLink,MLM_TFLink,ORA_TFLink,UDT_TFLink,WAGGR_TFLink,Zscore_TFLink,ULM_ChIP-Atlas,AUCell_ChIP-Atlas,VIPER_ChIP-Atlas,Consensus_ChIP-Atlas,GSEA_ChIP-Atlas,GSVA_ChIP-Atlas,MDT_ChIP-Atlas,ORA_ChIP-Atlas,UDT_ChIP-Atlas,Zscore_ChIP-Atlas,pySCENIC,PISCES,hdWGCNA,scMINER,TIGER_DoRothEA,TIGER_CollecTRI,TIGER_ChIP-Atlas,metaTF_Prior,metaTF_PUIC,metaTF_Merge,scRegulate_CollecTRI,scRegulate_TFLink,scRegulate_ChIP-Atlas,MLM_ChIP-Atlas,WAGGR_ChIP-Atlas,UCell_TFLink,UCell_CollecTRI,UCell_ChIP-Atlas,metaTF_AUCell,metaTF_UCell,metaTF_ULM,metaTF_VIPER,pySCENIC_AUCell,pySCENIC_UCell,pySCENIC_ULM,pySCENIC_VIPER,pySCENIC_v9
ADNP__PRJNA595864,,0.1077937463563813,,,,,,,,,,,,,,,,,,,,,,,,0.1374949526007527,0.1418268647772044,0.1193526654766773,0.1399159250279523,0.1283388905862049,0.1230821752723423,0.1044532211994561,0.1156103301254105,0.1374949526007527,0.1374949526007527,,0.1120752169260195,,0.1228413989759232,0.1343977090872911,0.1146146300913569,0.117038484714257,0.1060957346305273,0.1055059977695424,0.1281788537433384,,,0.1412998637147846,,0.1372218055393739,,,0.1382172937507055,0.1128914223721284,0.1188944670748469,0.1233732816385103,0.1284196900941919,,,,,
AHR__PRJNA551220,0.0383901855713663,0.0370492681322715,0.0472922588927411,0.0417638173351389,0.0431859835219065,0.0335212192896343,0.0383639928831541,0.042865609389187,0.0407061880138223,0.0331488050559063,0.0461200109566328,0.0389762977150048,0.039782992831089,0.0405239842511849,0.0401226558860833,0.0381981017945732,0.0396504301824481,0.0563511263739717,0.036214032548835,0.0505407063906679,,0.037738944950365,0.0441231136687253,0.0409403631098215,0.0405239842511849,0.081211447626938,0.0834992198960349,0.0600863615824369,0.0672776110558514,0.0400989923043964,0.0466291423291489,0.0396503501483998,0.0393304553789178,0.0813335215543273,0.081211447626938,,0.0319706618041042,,0.1107580642681732,,,,0.0413541154761554,0.0244090772816475,0.5540706711630966,0.0273478460747212,0.0591665323064117,0.0383371044500345,,0.0802828842975341,0.0382502642510154,0.0350792065635527,0.0654731242888301,0.4140811468507007,0.4624437448308747,0.6153833263542721,0.5421393995512339,,,,,
ASCL1__exp8,0.1447494893860361,0.069802706000381,0.1362776351356044,0.116587115019617,0.1318745772720685,0.0831743772244144,0.1045939372425437,0.1148703319383854,0.0944693870842356,0.063249669322849,0.1485458938930512,0.1497128242436265,0.1458233368469211,0.07415461561248,0.0650817018902345,0.0756887496498064,0.0717131480294843,0.0691568242991754,0.0723734459248307,0.0611000275135996,,0.0641074856046065,0.0637468773564116,0.0754807935912587,0.07415461561248,0.0769104951158607,0.0799737300975667,0.07129437871107,0.0865833948959466,0.0657019617622293,0.0658378686965996,0.0837210985701415,0.0585111894747958,0.0769104951158607,0.0769104951158607,0.0965961119127766,,0.1036176175537027,,0.0766585866892796,0.1747403210135288,0.1370260260487624,0.1043306692066649,0.0593448430123099,0.1982589087318279,0.1009656861390385,,0.0639107341938004,,0.0768904468366011,,0.1166498836383736,0.0645353998935127,0.2269563106851644,0.2357486324719327,0.2084214893443782,0.19499965959185,0.0840050138115036,0.0898817371149084,0.1260692400192107,0.1001998919080307,0.1018347338000571
ASCL1__pilot_14,0.3093019957008851,0.2109272949173835,0.3504439098509398,0.2971788702371606,0.3086352522611268,0.2085965374323951,0.2906149157082236,0.2302045216726649,0.2824552963961437,0.2162409917892374,0.3356102207953483,0.3081779736809186,0.3134873413340173,0.3170275606494158,0.2719539983948293,0.3154083671126116,0.3270710897916867,0.2792528969449215,0.3023526846505884,0.2805016698800401,,0.2172839506172839,0.2456738171197444,0.3185557019946072,0.3170275606494158,0.3353849727239233,0.3536728144404587,0.2929781668223436,0.3573627809132481,0.2147920238499326,0.2366762253873262,0.2180515214569496,0.2130961219716443,0.3353849727239233,0.3353849727239233,,,0.236905242498142,,0.2122184418851456,0.3619419114619459,0.463415336134373,0.2722779698850558,0.1726152363066491,0.2170263813063954,0.1742945922806257,,0.5558969448727167,,0.3317552275042816,0.2738878160184471,0.2817182749922501,0.3249277376041981,0.2298252579496355,0.2386171525040807,0.2243585389503313,0.2251671240542171,,,,,
ASCL3__pilot_14,,0.325158151331876,,,,,,,,,,,,,,,,,,,,,,,,,,,,,,,,,,,,,0.3024010530450973,,,,,0.336832453273454,0.3607634484961273,,,,,,,,,0.3251666281691027,0.3415077263628358,0.3528445253284704,0.3561382223527873,,,,,
ASCL4__pilot_14,,0.1961158516284687,,,,,,,,,,,,,,,,,,,,,,,,,,,,,,,,,,,0.2322112963195181,,0.2352504419391985,,0.2028379101457383,,,0.2020254890175377,0.4183704896088238,,,,,,,,,0.3092453481523809,0.3260928497663823,0.4191873782839483,0.4144876454346322,,,,,
ATF4__exp7,0.1151960375867322,0.0926189853310849,0.1043615036138067,0.1187112733286696,0.113297965489159,0.0989846933240024,0.1116978253714532,0.0908762188787237,0.1080146458541389,0.1032589700774184,0.0935695786118722,0.1147847853447826,0.1181179686603356,0.0949130759150343,0.0958880418614533,0.0980616337024811,0.0937634053234389,0.0910857121485204,0.1013198716930017,0.0857422469368111,,0.0977936965209839,0.1106199047548757,0.0949815270416692,0.0949130759150343,0.1067425963088877,0.1101279675403612,0.1037275719230739,0.1135974672439538,0.1075526377169996,0.1039437294769122,0.1130320325028043,0.0893316051756369,0.1067425963088877,0.1067425963088877,0.107869585171752,0.1003312806354558,0.1011613102422165,0.1224148030759254,0.1086362728457723,0.1251264932589202,0.10925006305749,0.1136894103783998,0.0947271645750054,0.1301943679210334,0.0853736546106122,0.0840319125764028,0.0911411776833449,,0.1072576829046599,0.0959703185452973,0.0980280478786666,0.1151035166541674,0.1285900959051539,0.1405561794393101,0.1344386286202969,0.1312175402750321,0.1070725386315009,0.1147750400731531,0.110460782551296,0.0993840976287256,0.0990223209953813
ATF5__K562_essential,0.0240689512748952,0.0130808855437576,0.0760732867079315,0.0168193904358472,0.0314566920775277,0.0133145290035296,0.0455682578507896,0.0234367220463781,0.0282971891998488,0.0111174593393451,0.0236599390142076,0.0232084978344022,0.0245948466407851,0.0116865414843508,0.010500302777626,0.011606822641382,0.0111813298131949,0.0104238869548108,0.0108430555481301,0.0146543636295185,,0.0109801506520249,0.0133253995601154,0.0117704863667968,0.0116865414843508,0.0365805650058571,0.0359236627781054,0.0195680063934452,0.0315514834433368,0.0118157842900192,0.0253870009354208,0.011436439651998,0.0106257043507957,0.0226923040889736,0.0365805650058571,0.0112458271061274,0.0078744471208392,,0.0075158829489728,0.0109693423760266,0.0158547183372674,0.0108607902271639,0.0138404737391388,0.013786659652139,0.0107164455000796,0.0096204009352021,,0.0098922827246047,0.0123635252811197,0.0364838719506134,,0.0123290326145559,0.0201544050714759,0.0108774716709513,0.0095437820835737,0.0103922213687479,0.0112122197870069,0.0112838086852658,0.0125577215521484,0.0217654528647194,0.0164257768801016,0.0091637952076364
ATF5__RPE1_essential,0.0223092107430449,0.0068397827788195,0.0613888113786017,0.0121852853482862,0.0301366239316921,0.0093618203533153,0.0141146663910333,0.0186416390103629,0.0172138914165802,0.0111278465124618,0.04098065613073,0.0239160207288062,0.0231995923517005,0.0070559227116447,0.0060462015183353,0.0070003237712464,0.0074890641575928,0.0066228434682466,0.0074282951601127,0.0090516278022781,0.0048876896135178,0.0056277056277056,0.0054588197128348,0.0071275308523993,0.0070559227116447,0.030101590904118,0.1062664661514359,0.0183090951494419,0.0237699592985353,0.0106902359681187,0.0233068560907671,0.0045628032523797,0.0068532614691642,0.0041590318231618,0.030101590904118,,0.0077445348911526,,0.0111256545737351,0.0029753985506608,0.0085309082378678,0.0119429469888047,0.0115229650316894,0.0054075230651884,0.0109776118952009,0.0126745003179766,,0.00502430439955,,0.0305258605884859,,0.0052191719854203,0.0178853673001323,0.1040583850979877,0.0101175654700916,0.0155131679697452,0.0054456336958374,,,,,0.0197247505841865
ATF5__exp8,0.1496710018971355,0.1129062479552801,0.1340846467259774,0.1609483315661583,0.1448999051190906,0.1207395691015716,0.1290605156655098,0.1103451119536193,0.1652663429416097,0.1008139766264989,0.1440258814101454,0.1491704019942169,0.1497107934632441,0.1034661831436619,0.1005168939745003,0.1034469594259291,0.1040684283201926,0.1168293528418822,0.109717684897183,0.1063537697217175,,0.1049926578560939,0.1015917827969749,0.1038575461235784,0.1034661831436619,0.0945372843029344,0.0987115842118489,0.0988958899466568,0.1016463598447993,0.0903097223321004,0.0953580067711012,0.1060429214513185,0.0954534826290959,0.0945372843029344,0.0945372843029344,0.1767077407354527,0.125240425630424,,0.1143731728590544,0.1037320230388227,0.1676690863837487,0.114478977966933,0.0900278753711716,0.0869661210484235,0.5853801861529605,0.1043821889074553,,0.0976210348378515,,0.0948725589966674,0.1008808683235557,0.1410691799438158,0.0922692087031268,0.7416032534993291,0.7255244341506606,0.7603113957605175,0.5924115746247073,0.1459551557272279,0.1460187498926027,0.1562462320675405,0.1282088783167622,0.2356670621789414
ATF6__UPR_epistasis,0.2866515790611855,0.2329452153367189,0.2812373553323811,0.2788172240903587,0.2834574711852667,0.2227099131750595,0.2753060426118817,0.2762480197052046,0.2936159584508077,0.2234441932834103,0.2824902469027068,0.2875503810151366,0.2879167476532744,0.2851864108997305,0.2786292950713668,0.26861205113065,0.2881576204180964,0.219577199145433,0.2852381689951975,0.2958182845612022,0.3021881481993896,0.236623171809484,0.2821230844945566,0.2861352420782857,0.2851864108997305,0.2348412711416335,0.2139804683487424,0.2462280608004639,0.2356680672783507,0.2439263663853507,0.238830195144288,0.2348303928208951,0.2268274601324828,0.2333033929477539,0.2348412711416335,0.3138413957904738,0.3427024293595748,0.2761084039811008,0.239336429613454,0.2931015584480652,0.3176089137062631,0.23311768961484,0.2466055293987259,0.2752820263986884,0.4107348014248123,0.2330410150305208,0.238910155370412,0.15386811901407,0.242969439544438,0.2333293730646031,0.2508233834595622,0.2940853182414266,0.2290387358673004,0.2395721424808032,0.2567386237452714,0.4515664347872501,0.4141666463665443,0.2864351031302799,0.2693162630052091,0.3247415052369526,0.2948302785322207,0.3277888694088416
BACH2__exp8,0.1133891731058183,0.1164631205270647,0.1139936602835829,0.1109883367822336,0.1119185327407441,0.1132097340126755,0.1121323960334845,0.1152763197005025,0.1154079359656415,0.1085034652316217,0.1217389735742827,0.1173390904859753,0.1143580130691662,,,,,,,,,,,,,0.0908194475426446,0.0918765638900653,0.0911988198020263,0.0963415022471694,0.1079490338829162,0.0982115376391126,0.0947277785188713,0.1140133519472826,0.0908194475426446,0.0908194475426446,0.1333484984644606,0.1177193657865312,0.1094963423626091,0.1171771863171725,0.114824824748198,0.103482315752781,0.0981134651324162,0.1062465391097176,0.1055922731411946,0.1337992639454589,,,0.1073016311559722,,0.0906524697893379,,0.1103108988571102,0.0910565471252124,0.1217721160923212,0.1214034011397633,0.1460016596295289,0.1460411125727876,0.1267878495344704,0.1247944017397648,0.1340397888121266,0.1313070420243342,0.1318657677710209
BHLHE40__pilot,0.1662399323956853,0.1421991514017117,0.1532197055196064,0.1666141678435458,0.1763859379216257,0.1624914227903578,0.1782307897156503,0.134925687285603,0.1663146534607884,0.1473931705595825,0.1265658954785962,0.1651929281844061,0.1705394520021294,,,,,,,,,,,,,0.1266637279967968,0.1261433213242068,0.1309248725253741,0.1240989175087927,0.1329541228992163,0.1299291245683022,0.1500479611520344,0.1499229579542274,0.1266637279967968,0.1266637279967968,0.1456933967689485,0.153074661003132,0.1524981803706148,0.1485839015511548,0.1691839774681156,0.1498456593323222,0.1671084396676042,0.1363940984350383,0.1356817429560275,0.1658227640265425,,,0.1536819610563182,0.124071592991277,0.1259021897370409,,0.1542072243775089,0.1321166826744169,0.1504935114530417,0.152959986313598,0.1714485420718627,0.1737360234303576,0.1459119442942396,0.1473467079265962,0.1736513641615774,0.1449982290032011,0.2724183608535778
CDC5L__RPE1_essential,,0.0070435243572191,,,,,,,,,,,,,,,,,,,,,,,,0.0049818192856322,0.006021910427352,0.0061593498570382,0.0055017804823163,0.0080976293469625,0.0056411709113134,0.0061449827127686,0.0081689283614084,0.0079106587155836,0.0049818192856322,,0.0271304654274162,,0.0273756315173199,0.0126996312232361,0.0058696036558866,0.006777088202103,0.003996018607846,0.009927974715822,0.0041663977992066,,,0.0050749762589372,,0.0049913013854953,,,0.0049988450086626,0.0129010835875057,0.0045781505743678,0.0045270896798836,0.0046734158436594,,,,,
CDX2__extend_61,0.2745532780509332,0.1667288796485365,0.1346252914913574,0.2308952579248614,0.2138179558506636,0.1462091364463743,0.1676846277627355,0.1399755204180119,0.174186224758736,,0.1195648658196043,0.2742901728536567,0.2680815372151539,0.217951943889309,0.1923377829236207,0.2076341018132635,0.2202942920601388,0.1734237751917056,0.2053679841849492,0.2019231695577751,,,0.2177658365890354,0.2204158033028485,0.217951943889309,0.1467679333026633,0.1426922194276345,0.1732130558472118,0.133272208515009,0.1553599364361307,0.1387416223822107,0.1226696369258334,,0.1467679333026633,0.1467679333026633,0.3451948206327714,0.2105211699363608,0.4043864330381693,0.7177341392008916,0.1626516746697591,0.2126706274029046,0.1383217438113908,0.2640264864633023,0.144279831852029,0.386602329170027,0.140436171520759,0.4104358461446293,0.1406907042941451,,0.146282005118029,0.1840391436362787,0.1709632836635905,0.1391761723701729,0.2515125858678988,0.2764316131210547,0.4186712644229091,0.4013519944048004,0.3991736919890248,0.4065364897876977,0.3454158352391287,0.3131249118160668,0.3200117646485544
CEBPA__PRJNA551220,0.695377755557958,0.0276090653797901,0.2432362808340189,0.5324722009489804,0.6537581236016059,0.0226617779442004,0.0261126149726139,0.022099506498796,0.3659480701788333,0.0375121488910916,0.0420334577057049,0.6995806467136568,0.7344716241390503,0.0709444580565669,0.091382917873038,0.0318853195821584,0.1329890585407274,0.022577014932728,0.0194605154685693,0.0336686903685633,,0.027405947393295,0.0709667895874692,0.0781472982456124,0.0709444580565669,0.1298764643497648,0.238659027000465,0.065568525102729,0.6090689654219721,0.0163771489111078,0.0249802699020445,0.0847568982531278,0.0420002754509763,0.1298764643497648,0.1298764643497648,0.9484756473410768,0.7630320855895195,0.9127674464426736,0.8698743368109105,,,,0.0233439675389719,0.0130162821577807,0.5958829063032112,0.1685349047415027,0.0255132361137742,0.9008049002007946,,0.1401963024263619,0.0275557089428959,0.4865496726588624,0.0654382126947986,0.8067949348488955,0.8074525610884102,0.8652407446552566,0.8307839513242716,0.9433533111620972,0.95239689568133,0.9574876260427352,0.7671940712376142,0.9478153659315852
CEBPB__PRJNA551220,0.0537336893632955,0.0368330235301174,0.0391596580350563,0.0326461208905938,0.0615059335322227,0.0326526655527092,0.0337918273543123,0.0320596537630528,0.059391263584172,0.0343652985566624,0.0516532897335902,0.0555604971727868,0.0572088783497503,0.0738207504126103,0.0738167128480494,0.0640632522594814,0.0643676721825905,0.0303259822185453,0.0533557832190257,0.0289340464743442,,0.0327962316546449,0.0471566949449458,0.0737699030868111,0.0738207504126103,0.0328515389984909,0.0554343009090835,0.0298144859105208,0.0709395439943714,0.0266907755923066,0.0267945156562597,0.0396817601005506,0.0377833879062078,0.0328515389984909,0.0328515389984909,0.2907617723423365,0.1153447463407629,0.058340672009738,0.0538478845443466,,,,0.0825558479019812,0.0219047648441167,0.1348131297272264,0.0328990765171504,0.0468390927733504,0.2641947070045689,,0.0326114894151327,0.0601826713216532,0.0619484721030679,0.0295530553999776,0.1523522218448773,0.1922706710332885,0.2156097911402878,0.2167252076574553,0.3254903359986786,0.3254082999412876,0.3592463001581181,0.3055461900737459,0.3292685912061075
CEBPB__exp8,0.0257364811347673,0.0351939804818452,0.0230107362069836,0.0307096945210784,0.0248442495638036,0.0300282061571612,0.0254020965133466,0.0293266464503288,0.0222469798778597,0.0249207796665281,0.0248320021824747,0.0254996206246258,0.0253860761952594,0.0301238780118249,0.0319290109597721,0.0319684886345706,0.028399015303036,0.027067170161995,0.029117148284515,0.0235039127638986,,0.0252850539008557,0.025235291243244,0.0302312497410016,0.0301238780118249,0.0412824054284079,0.0356925136545719,0.0386882474220787,0.0521487677728642,0.0355666860760187,0.0395297886942332,0.0474969229018335,0.0252611666331646,0.0412824054284079,0.0412824054284079,0.0336007663646553,0.0285448957377587,0.0285188025777836,0.0291525056382126,0.0446022314964964,0.0237136754247643,0.0298625179234252,0.0275266960088356,0.0276056424569683,0.0341600358998598,0.031969836755804,0.0408028595113954,0.0417293164347104,,0.0385735143338339,0.0365127661835816,0.0277620740891823,0.0380152428176808,0.0297656053788317,0.031811743179553,0.0376496913955557,0.0369316612598636,0.0305701326321406,0.0323154545204935,0.0336861588286968,0.0413088858605788,0.0297429146845156
CEBPE__PRJNA551220,0.4231816395173233,0.078937837138362,0.4325178280005745,0.3447031447636227,0.4922300840966413,0.0907650858933946,0.1548709119331923,0.0826165366732757,0.401191216982642,0.0766021099039521,0.4581467091300141,0.4243164106124845,0.4334757044866827,0.2389373668795297,0.2020018762210624,0.1827507243980706,0.2246691707582521,0.2007596615465514,0.1196213499831636,0.1184581453863764,,0.0766021099039521,0.2317277072898426,0.2383491479996671,0.2389373668795297,0.1099039485181627,0.0961973826850039,0.0933485987811266,0.1138889105495294,0.1718548684772549,0.0911619915946493,0.0978378036295756,0.0825750930635239,0.1101028987993922,0.1099039485181627,0.8405303085957216,0.8340087115301535,0.0702689549476637,0.749711513735183,,,,0.0863397711728838,0.0491084401558972,0.8883501522252221,0.7532713388321222,0.0764540374420753,,,0.1109884840037778,0.1909192198639855,0.1744444303853533,0.0927214440702084,0.8731746185613312,0.885369765224307,0.912205583222882,0.8885636633852196,0.804768746220416,0.8132670961936387,0.8744404604983567,0.1985045376377148,0.8491487205448127
CLOCK__RPE1_essential,0.0353820673329515,0.040393537803067,0.0328273461541226,0.0391325955483273,0.0349643710929494,0.0331635221645176,0.0350758682000801,0.0362362235002304,0.0378458504445939,0.0410515025850101,0.0388266359007348,0.0354282188244117,0.0368748938099187,0.0586648231516999,0.0418809773994625,0.0624475020213777,0.0484692218290127,0.0503612454549869,0.0529236755108395,0.0355950330333644,0.0611957398328973,0.0446634151253112,0.033879799292615,0.0571162264664418,0.0586648231516999,0.0399742556217225,0.055361495003002,0.0420096044943548,0.039067659847671,0.0565483017226266,0.0384350828602568,0.0393261730315456,0.0343105764628712,0.0408017927587726,0.0399742556217225,0.0311501559031834,0.0666604644450483,0.0320348748840392,0.0470626888473303,0.043592514092154,0.0313629034823618,0.0440226252934545,0.0574248421687008,0.0773851952716113,0.0675931344894086,0.0264799056740581,,0.0422470525228602,,0.0405174881688014,0.0460271275469446,0.0377761833888455,0.0480331040288672,0.0412704509615209,0.0521311348026755,0.0665389111752181,0.0798067011046596,0.0382276648084615,0.0556999527305784,0.0930492643345335,0.0616159242581663,0.0420142019993064
CREB1__exp7,0.203705415708086,0.1951892381193878,0.2033624104678727,0.1910205944236342,0.2025278563940321,0.1850507756248472,0.1906362202604393,0.1907721809008715,0.2131760947272251,0.1935784606962825,0.1863342859049317,0.2036423881928057,0.208336369998551,0.2027922501471299,0.2033219047452289,0.2025091305164343,0.2035409329742085,0.185609015347049,0.1985838482101605,0.188086904821379,,0.2019397558281629,0.1999484616726075,0.2030286792577239,0.2027922501471299,0.2096917943672868,0.2181405661277018,0.2076712387743845,0.2294804183664292,0.1977166677267871,0.2077497836428072,0.1914209368223887,0.2089506524987882,0.2096917943672868,0.2096917943672868,0.1892263907321454,0.1947222241858383,0.193735023978318,0.1839709194561502,0.2093304066230173,0.1795697315395398,0.2130791526984887,0.2087223785491216,0.1871130680004862,0.2249763351383917,0.167913143971888,0.1833894138866736,0.1969134968261855,,0.214346949238498,0.2011298491100069,0.2050111613749461,0.2175965073444912,0.1859373739947689,0.1944584969664944,0.2339537673024085,0.2323664016423018,0.1919919520168602,0.1906283559554729,0.2078213458370416,0.209149112455168,0.1994685916199255
CREB1__exp8,0.1082361434032937,0.0765050633735858,0.0914627030020286,0.099868306060755,0.1071142551576236,0.0863175509673818,0.0995879311884179,0.0898140560743915,0.0855821092389217,0.0875680809590558,0.1157160904185318,0.1083751896418411,0.1069474582433337,0.0883250050587741,0.1020214124761665,0.0808538159237293,0.0879353718620903,0.084601388119976,0.0816330516398387,0.0948732089291027,,0.080990310512293,0.0883264259854982,0.0894081198854387,0.0883250050587741,0.098211364874077,0.0808068901571353,0.0892435613556227,0.0954339694136598,0.0888985052300546,0.0986539623425992,0.0875661280673404,0.0853567691208367,0.098211364874077,0.098211364874077,0.0954534121433047,0.0957004658699331,0.0838041006639421,0.0948012536605289,0.0737375698114382,0.1027615945180751,0.0810281670711946,0.0993513707104745,0.0853928580241366,0.0934862253982317,0.0867870553073457,0.1165315932467491,0.0965942900239148,,0.1028019384456575,0.0829814466005867,0.0828862237210856,0.0792773538386656,0.1078670231775968,0.1051919096450826,0.0995811538639994,0.094005320784208,0.103858762153119,0.0975184400926253,0.1001351643499741,0.0927058497269369,0.0991657519505462
CREB1__pilot,0.0269958071398968,0.0348898584853874,0.036475069714479,0.0276449492965768,0.0283294985552538,0.0325772392126606,0.0282391937546837,0.0401042571183015,0.0281140089660302,0.032213968701721,0.02726756477265,0.0272171445000776,0.0271537862108458,0.0266800637021991,0.0385410500291473,0.0298817758843497,0.0269123500718182,0.0279592303834005,0.0271010740638286,0.0286648789957093,,0.0291346408137552,0.0267068674054777,0.0264889665687819,0.0266800637021991,0.0311945373070151,0.0266781589099829,0.0334149862782126,0.0294201065267956,0.0429916753873233,0.0312274772774648,0.0278707525124687,0.0326122458751699,0.0311945373070151,0.0311945373070151,0.0299394511864959,0.0422463727429606,0.0375392228412016,0.0303677921325534,0.0295807788635219,0.0207377129220323,0.0310650407853568,0.0308637249420775,0.0344594834371046,0.0299740805543051,0.0298218771234842,0.0290523490202768,0.0281200600018325,0.0308528133928327,0.0307773701051154,0.0453803406374961,0.0256486332662148,0.0293785150074699,0.0278585332480704,0.0279127325688607,0.0319345349465097,0.0313991122505058,0.0286240956137052,0.0273062534041951,0.0293824665437387,0.0280205111540808,0.0271437538443785
CREB3__PRJNA524331,0.2253812151886096,0.1483856537618208,0.169467649513807,0.2555280303870524,0.2278861797581554,0.1235769257999036,0.2505565536471869,0.1566868183331671,0.2065106666357472,0.1359618774999526,0.2106717484853163,0.2245198911674333,0.2253812151886096,,,,,,,,,,,,,0.1383192650440793,0.1360521514903088,0.1482400723819209,0.1358191625749612,0.1564663128542764,0.1423427826026519,0.1422501882479663,0.1382234325228966,0.1383192650440793,0.1383192650440793,,0.1396001945588262,0.1529475113458174,0.1623891932241888,0.1415745459437656,0.1746098692822822,0.1421881539646564,0.1610426876809343,0.1657683818505089,0.1975672002966671,0.1605205418058116,,0.1300587613739404,,0.1366177041823886,,0.1863165882193654,0.1547552946167962,0.1598397207304397,0.1622499824616715,0.2280854914518517,0.2561180647560051,,,,,0.1404585172160009
CSRNP1__PRJNA551220,,0.018386645375029,,,,,,,,,,,,,,,,,,,,,,,,,,,,,,,,,,,0.0225915495868714,,0.0151226682137601,,,,,0.0305494543542624,0.0442850012435661,,,,,,,,,0.0256496078148277,0.031503033129721,0.0451969080427931,0.0423198625843417,,,,,
CTCF__PRJNA524331,0.0726913797180877,0.0642856352757819,0.1006134996161768,0.0677268470675292,0.0730571590419127,0.0874151062351691,0.0833942546785575,0.0598911842054923,0.0653703579218033,0.0715241576144544,0.060309696471423,0.0723772671003987,0.0709173672594954,0.0726695713436287,0.0746646298292922,0.0726636221036328,0.0730372068743239,0.0584134578209273,0.0792086138541314,0.059837076245957,0.0670348873126679,0.0651687761336006,0.0728625286505908,0.0724828872596255,0.0726695713436287,,,,,,,,,,,0.0771512575016164,0.0652221507117034,0.0641124687641419,0.1013875503863503,0.1329319675141307,0.0579547535835221,,0.1164080165896173,0.0829450214634041,0.0803205234913058,0.0660858622980953,0.0611559622882479,,,,0.0698979085127868,0.0717644886163219,,0.0648798800567049,0.0632578740213743,0.0854592711805496,0.0807964532270603,0.0794014409856993,0.1160899608238185,0.088182365024714,0.1154004893105507,0.0716229225813497
DDIT3__exp8,0.0599401840450235,0.063335532424478,0.0755424293357327,0.0648522801984615,0.0647569420281736,0.0595649057386085,0.0641908202394068,0.0644147703690459,0.0596306293580482,0.0545873754902299,0.0684246218662199,0.0599125484198301,0.0603888157600526,0.0652823957450388,0.069966102390542,0.062811936430775,0.0666562999032737,0.073946195322017,0.0592575754607109,0.0766065330253555,,0.0556632736929978,0.064203627565537,0.0708527657169572,0.0652823957450388,0.0643423718707349,0.068228298191554,0.0585480913438124,0.0675609434723977,0.0519973532624393,0.0567140157264427,0.0479330102453343,0.0534897332626332,0.0643423718707349,0.0643423718707349,0.0926358791325862,0.0768396334001405,,0.0671563361799533,0.0551474941880716,0.0636308007453114,0.0453171636834098,0.0642553209956429,0.0520810107032164,0.0886671563619036,0.0790402282913295,0.0730287632647629,0.0633383051665855,,0.0633446615838096,0.0665284157403691,0.0449097126902586,0.0602836470807322,0.0789844469122566,0.0808065639798746,0.0961293429704713,0.0936109576952188,0.0975335951557279,0.0941432642508258,0.085303383240289,0.0940159409550411,0.0841983990476291
DLX2__PRJNA551220,0.1696121272960896,0.0473335612782982,0.1132942960206196,0.160438231978798,0.197284917981203,0.0771937330939479,0.0920728926281892,0.0727597359501351,0.1890137083463078,0.0451408743391677,0.1071023435199962,0.1692526054105584,0.1751356814033192,,,,,,,,,,,,,,,,,,,,,,,,0.059130220944661,,0.0749032947849943,,,,0.0613958859195827,0.033749297667578,0.6177551437532602,,,,,,,0.1161837259207526,,0.6376775985085836,0.6738352842790346,0.7014453728438981,0.6125229940391271,,,,,
E4F1__K562_essential,0.0098026993291717,0.0090073133347774,0.011656887895427,0.0092558652754612,0.0127265036044899,0.0068189783016685,0.0167186499094986,0.011765879805501,0.0123253156287084,0.0099356252405937,0.0138918768888529,0.0097579399857133,0.0092724695482714,,,,,,,,,,,,,0.0477280256406169,0.0186550088320311,0.0523676329597126,0.0450826589509755,0.0159965525127,0.0227249497252,0.0130481466433056,0.0115442477018107,0.0567966909554295,0.0477280256406169,0.0098954480033244,0.010693902848989,,0.0126191938840294,0.0110667970628298,0.0098873399127015,0.0575413228057272,0.0128355120686004,0.0056889617153036,0.0082123956818881,,,0.0088996013720218,0.07685039787959,0.0471065633739621,,0.007404947518641,0.0174272721356554,0.0090565107865443,0.0112926881984254,0.0093982152391367,0.0082734643248367,0.0110675128853193,0.0130654299165883,0.0074194047387634,0.0065559080148493,0.0089053803339517
EGR1__PRJNA551220,0.0129111255682828,0.0121708208094119,0.0133263947852784,0.0112767128184966,0.0132441654533094,0.0130902785656816,0.012563834570001,0.010431215536117,0.0131193432423104,0.0111591667582359,0.0134129729446004,0.0130126245291828,0.0137107634644359,0.0144557147881915,0.0133376399944482,0.0127951775102633,0.0140585578151974,0.0161182147049505,0.0137263831501863,0.0104944351016761,,0.011772132548039,0.0128148628353382,0.0145273820962195,0.0144557147881915,0.0122161651031126,0.0233519783250915,0.0109203804703224,0.0205580519954959,0.0097240830168981,0.0111368391023797,0.017000995325358,0.0107246454622414,0.0122161651031126,0.0122161651031126,0.0270783984390172,0.0134961211424899,0.0201161270703539,0.0255678409016455,,,,0.0119630509651275,0.0083428402095707,0.0179321554492499,0.0146269318509826,0.0088850793995692,0.0316092848917195,,0.012135607965435,0.013097033108362,0.0133383602122064,0.0144272324445056,0.0174538500616844,0.0183312486710067,0.0203399668143651,0.0180176418133656,0.0246060761355903,0.0223337447622685,0.0301344366203809,0.0179651782330143,0.0271981182553759
ELF3__PRJNA524331,0.3525779819866214,0.0969847513609573,0.1031225879213436,0.1934291484629454,0.232774619491225,0.090180752927234,0.1382539745675897,0.1155834477391816,0.2107623286568003,0.1013063777888229,0.149692126799887,0.3492350350116948,0.3623626869377153,0.0739932134786117,0.0687592390783909,0.0776934519532263,0.0772821432730298,0.1011210539642126,0.0830366149205561,0.0775205787899164,0.0830154346688808,0.0970072239422084,0.0682623623447434,0.0741458714061025,0.0739932134786117,0.1111669609305709,0.1175711033773413,0.1111561354845423,0.1321307628064266,0.1106711986208931,0.1199087978377968,0.1045403992170795,0.1258387247479883,0.1111669609305709,0.1111669609305709,0.359906969715819,0.069576450134131,0.1635391415745464,0.1088680252242116,0.1552666549264666,0.1189490836905415,0.0983116488854212,0.105462139107179,0.0972595160321889,0.1437608985994149,0.3544238111940406,,0.1155916275841544,,0.1145114525536993,0.0697024141912399,0.2157777162882536,0.1170209902063711,0.0985324947589098,0.0996380569572227,0.1351168965494026,0.1455293835766812,0.2244016517583544,0.1610486816325482,0.2336536108422334,0.1054728352946877,0.0989473684210526
EOMES__exp8,0.05925595426285,0.0527258910482585,0.05035501405975,0.0591416251435369,0.0541097029894181,0.0619751598018583,0.0547576282136653,0.0443856329019179,0.043719356481632,0.0465389127884239,0.0453052099421983,0.0602263373511708,0.0595810606499512,,,,,,,,,,,,,0.0505613619894952,0.0472210996553412,0.0587692703604948,0.0704820063417497,0.0435975494333993,0.0465620941490991,0.0545184104323067,0.0439675544095695,0.050559029067847,0.0505613619894952,,,0.1394142059368797,,0.0475344144664992,0.0495101373291939,0.0483772941997503,0.0807136994659614,0.0367532934647165,0.4172431088362228,0.0587004127288333,,0.0650027886686718,,0.0491571975706311,,0.0525657764395848,0.0429611009442592,0.8261815789635959,0.7995998410811811,0.7392150493398587,0.3815353199178152,,,,,
ETS2__PRJNA551220,0.1031221346710687,0.0748758082435158,0.0896581410140102,0.0974416496612085,0.0955196362028532,0.0781334176717833,0.0949129510393887,0.0757393479428851,0.0741423176315697,0.070340655218418,0.0849626492233124,0.1025299876247158,0.1034435825464899,0.0796352135341876,0.0788443381373974,0.0760696950995695,0.0798926917501577,0.0781073655203202,0.0757264365412115,0.0789420505053732,,0.081089358301471,0.0798067088170011,0.0795041166083523,0.0796352135341876,0.0793889016961342,0.0848059204382915,0.0683227098549089,0.077561102407453,0.0983887459118748,0.074805883252916,0.0800809565148062,0.0729146199785325,0.0794482396821198,0.0793889016961342,0.622228961633654,0.188164208987446,0.1575434159218652,0.0672677379892921,,,,0.2352905288908779,0.0571641685028,0.5756622738976384,0.0754374901466183,0.0754374901466183,,,0.0793724636159415,0.0766495639151543,0.0847692796536326,0.0825294868405602,0.3464200854953839,0.4136558913844457,0.6054429070341172,0.5868242434866531,0.5753970795826778,0.6082778395791293,0.7410265673004459,0.4186194127381919,0.6000511884565678
ETS2__exp8,0.1686857686411876,0.1064115415995602,0.1403598583828351,0.1489833193131054,0.1650454231533665,0.1152547749452138,0.1407988332154607,0.1187088040607385,0.1417406209774154,0.1370078936540461,0.1191616666741095,0.1694092311235934,0.1702539990176854,0.1106312126136133,0.1097772377041058,0.1056981367637528,0.1137490632968595,0.1080568350768189,0.1106693395859584,0.1228966062722828,,0.1342101150027317,0.1124477535757796,0.1096956423736549,0.1106312126136133,0.1199487297923293,0.1171311036724881,0.1059653097328577,0.1315880433811006,0.1721346594789343,0.1172477573789267,0.1226654535591951,0.1140988372093023,0.1199271825189289,0.1199487297923293,0.5844558619629912,0.2016182714691027,0.1072909447934196,0.1489451100255073,0.1404712082111214,0.199625450461807,0.1094348722445306,0.2705726732145238,0.0851418140823499,0.7832939062727784,0.1822322295975228,0.1142380953442507,,,0.1200438646851713,0.1003415598577919,0.137067708114819,0.110528809208724,0.8527666486778951,0.8356563633662556,0.8770327178143882,0.7836718943792624,0.4525242600117243,0.479238310087566,0.7124577660041894,0.6743303476694493,0.5790847248643738
FEV__PRJNA551220,0.0516028173254734,0.0483620202723459,0.0521120957144005,0.047681083617578,0.0500223224561146,0.0694699295098464,0.0424332448596853,0.0570647209312322,0.0571380664341759,0.0507445775331822,0.0529748256665857,0.051875365952564,0.0518391490077788,,,,,,,,,,,,,,,,,,,,,,,0.8290093612368287,0.1213219602060871,0.0362467024477718,0.0417156000518026,,,,0.0333063491099547,0.0343129404577159,0.7521741369990746,,,,,,,0.0504641934427844,,0.8705631764819012,0.857816256846419,0.8909728410794251,0.720080987499761,0.6712904458135429,0.7065078611950268,0.9294099364736476,0.2567429605256821,0.901637338330702
FEZF2__CRISPRa,0.6144973513647748,0.1691500510299847,0.5931548058443548,0.534884242729978,0.6085320531524852,0.3345752370288012,0.2278509423350058,0.1373495108594299,0.7475457300015039,0.1512820512820512,0.2430693373171558,0.6167434501404913,0.6439555124660061,,,,,,,,,,,,,,,,,,,,,,,,0.7188006258767217,0.0953872830393328,0.4360185636297021,0.5036586069274256,0.227787002414504,,,0.1169078626466551,0.6694434211364784,,,,,,,0.5487655775162177,,0.6082588798665747,0.5914838101278779,0.7148615594740749,0.6480873857369446,,,,,
FOSB__PRJNA551220,0.070983978374276,0.0405480943632116,0.0875812561105882,0.0489979535787497,0.0674468516447667,0.0378440741344644,0.0521007575376199,0.0406094032312817,0.0754717920699594,0.0364327685240539,0.0384573677451177,0.0707577178074743,0.0707608780703254,0.0435983225193674,0.0459092134023751,0.0386304486212434,0.0424710055966412,0.0440348555904675,0.0398251232141098,0.0437599612280261,,0.0351191178770623,0.0431273940576831,0.0437247836050641,0.0435983225193674,0.0444251746140856,0.0511340956886195,0.0407344338616335,0.0435684779693823,0.0343369206478251,0.038110046040346,0.033996304827704,0.0396351856161366,0.044261920909783,0.0444251746140856,0.0398657499460207,0.0389769331718821,0.0364894528169641,0.0471474092555643,,,,0.0437814662270473,0.0330741681790162,0.0465766948860217,0.173379473294182,,0.0298220812638619,,0.0442975481100497,0.0432414271734193,0.0769048180778984,0.0455812330663373,0.03635802148421,0.0371909821207738,0.0466199620947089,0.0484645912492436,0.0415549850609651,0.0421778943175114,0.0449380890236438,0.0417133111880075,0.0486722807992757
FOXA1__PRJNA551220,0.0400328794735288,0.0478362241115699,0.045317980655181,0.0408034021560796,0.040332272922784,0.0460587613226511,0.0492072801021453,0.0457536687150549,0.044076911840157,0.0442612799272894,0.0475193806185654,0.0400390721400703,0.0421508093207253,0.0428954641940818,0.0429719450722258,0.0428666265099675,0.0426051703958631,0.050413577207899,0.0434658629828532,0.0443349118907666,,0.0453469336566341,0.0534474068907229,0.0431322333464526,0.0428954641940818,0.0448804158667423,0.0530915397097576,0.0408523753784206,0.0451257739683354,0.0446502942680165,0.0390588780099752,0.0441608738192738,0.039989680279699,0.0448803959472223,0.0448804158667423,,0.0509608007653742,0.0869165257078669,0.0836839748074294,,,,0.0359285799077028,0.030884555600034,0.2272261661596206,0.0360090421518124,0.0425597811859492,0.0456745945095603,,0.0449738514585147,0.0432697599827424,0.0427418025398168,0.0492574616562308,0.0895959142029026,0.127295907157232,0.2447695909569965,0.2329252180403923,,,,,
FOXA2__PRJNA524331,0.4122488797484985,0.2031842759950935,0.3674279250222683,0.3631762969126612,0.3734025863579768,0.2047902665655484,0.2947018965754748,0.1649986443262739,0.2713161413910984,0.2020705251657346,0.1392495274392826,0.4140637392645468,0.4148892756127964,0.1722392712443465,0.1873426049922359,0.1708835574125295,0.1715187546057466,0.1596903489839282,0.1694081079535719,0.1891238165097352,0.1693839109636997,0.2005849049813298,0.2054954975931296,0.1724139593392653,0.1722392712443465,0.2826010021723337,0.2607971506632686,0.2917785577816393,0.2609327127430334,0.2099929860719032,0.2825160574626983,0.1921170445625432,0.1993066230272116,0.2777933098646414,0.2826010021723337,0.1982950403934953,0.4383732102969568,0.286326974670262,0.4785402466137499,0.2401099425884141,0.2172906651550715,0.227902284426714,0.2225915574623874,0.2729388388521702,0.3629933523824482,0.1751920484744293,0.2444308033372381,0.2240150776630419,,0.2824471649459111,0.193983463125121,0.3676024340454061,0.2796305307391287,0.2477471070693695,0.2697547326147873,0.367948981677625,0.3683536850001587,0.1922531170237757,0.203518031998182,0.2749596808509238,0.2816252954324658,0.2781999731738607
FOXA2__extend_61,0.0951155914389965,0.0326271253727115,0.1553980179114505,0.0620980074657757,0.0796520913708194,0.0233782288111631,0.0581913897014034,0.0204237948202477,0.0956739456715206,,0.0184001267726017,0.1119872516805102,0.086689419350882,0.1268700780369424,0.1311167376109942,0.086346476629464,0.1389986267030029,0.0338132576744752,0.0773353948069148,0.0574753685527085,,,0.0710946664101578,0.1258656339467406,0.1268700780369424,0.298516853540699,0.2504473500101891,0.2352031006044073,0.3253160163114774,0.0512362846368212,0.109869943574102,0.0523241959503201,,0.298516853540699,0.298516853540699,0.0337177830331924,0.0350325539043673,0.1156139397795339,0.0272308093757734,0.0327011571184313,0.0425684904965913,0.0373545370195174,0.1659971226680158,0.0232582465049938,0.0452931892075026,0.0161152460296044,0.0256944444444444,0.1829283199596979,,0.3272796561358908,0.1579137416356771,0.1548423911844567,0.2012937461550864,0.0269550881392986,0.0273492041793395,0.0469151985766358,0.0524375805535702,0.0314099868548456,0.0336690107123127,0.0631363844580285,0.0581914477471234,0.0378832061940986
FOXA2__pilot_14,0.1483127704274936,0.0557581229401444,0.1016244023769727,0.1252507549118729,0.1401084226112615,0.0540172136799896,0.1045454600757953,0.0807949875467381,0.0990576666043245,0.0572490706319702,0.0485879323555537,0.1459413650726173,0.1506654219822456,0.1041687979609432,0.0630756204977415,0.0905019887098001,0.0989847775431465,0.0889805714161866,0.0831991439023021,0.0678676319514455,,0.0572490706319702,0.0721192700544921,0.1049633729739958,0.1041687979609432,0.134263488280249,0.172635642655419,0.0925590583095319,0.1595277771268682,0.0554429365528322,0.0914430135642149,0.0744665027403199,0.0520305589508981,0.1342590528176164,0.134263488280249,0.2221717816217001,0.1230036347564763,0.0541798329475457,0.1018648532607487,0.0735345896572863,0.1267945330665377,0.28277292972516,0.1192905922469602,0.045780576599258,0.1602778526385203,0.0534173966661786,0.0379636037776042,0.2874195156339575,,0.1338776091907459,0.0788059451765499,0.1157896514658857,0.1008223560137694,0.2083166642233479,0.2118602942250169,0.199961875432383,0.1764814826705904,0.2423532354195142,0.2323453386871011,0.2324552560047353,0.1871806193159318,0.140851688817221
FOXA3__PRJNA551220,0.0245088931891825,0.0192755565636482,0.020236956575555,0.0250713459417754,0.0215652664921101,0.0225418154878102,0.025566922309255,0.0162529979353982,0.0146957828389373,0.0200518004845851,0.0151413274580883,0.0238262737971926,0.0256647353647672,,,,,,,,,,,,,0.0160171454216002,0.0222870993719736,0.0193337413728339,0.0212658726080507,0.0219370799510923,0.0137088406691313,0.0264559815884749,0.0168803062987835,0.0160171454216002,0.0160171454216002,0.053153890952107,0.043005100160556,0.0156589946051109,0.069506358606511,,,,0.0357713897024606,0.0123908648525503,0.2266777032382894,,,0.0576439696907533,,0.0160069912622466,,0.0200091147716262,0.016709199718548,0.1298694014799385,0.1966444043688521,0.2462008718005538,0.2187931214286,0.0443435644032341,0.0417254871946586,0.0623702642732146,0.047510975209053,0.0875199180276882
FOXC1__exp8,0.0780966576662996,0.0823431317276451,0.0795798796606462,0.0779686056896095,0.0785428123758051,0.0744271606626728,0.0822449344573117,0.0770423302963234,0.0770597551970636,0.078957310162448,0.0781058630409875,0.0778944226541127,0.0780966576662996,,,,,,,,,,,,,0.0790232187543487,0.0744693413325572,0.0775690444032524,0.0770079671236147,0.0868539591872046,0.0795217584924233,0.0769042220669072,0.0789491882849796,0.0790232187543487,0.0790232187543487,,0.0821956074884145,0.0892082198164255,0.0850901104067177,0.0973701203047671,0.0858513462558651,0.0692109891738161,0.0810975606123038,0.0792090781885315,0.0890453434369905,,,0.087929212647401,,0.0796227680268291,,0.0783937404132689,0.0736711327264448,0.0874115005761052,0.086787045214289,0.0872017817315689,0.0876850067953994,,,,,
FOXF1__PRJNA551220,0.0282685719867249,0.0245034034536627,0.0244419276686833,0.0276005378094458,0.0288340980108528,0.0271030278404043,0.0281045333902116,0.0248043747151163,0.0290365401236812,0.0234784780617767,0.0221232784134963,0.0279269837672322,0.0282685719867249,,,,,,,,,,,,,0.0302363440389071,0.0324657416011736,0.0267337896935973,0.0316787791758265,0.0234750615102201,0.0249432999542418,0.0235976696534973,0.0243598862496567,0.0302362815930407,0.0302363440389071,,,,,,,,0.0250293565138136,0.0168457341002789,0.1116999025266842,,,0.0304632376913822,,0.0296241247967973,,,0.0296233662517813,0.0544222850673298,0.0677212524578611,0.1085034384655268,0.1070444736541956,,,,,
FOXH1__PRJNA524331,0.977755501086266,0.5389263659292461,0.960587010130634,0.9689481804216457,0.981681484810643,0.6738270107196518,0.9592244803436536,0.6817485055592953,0.9794484290022576,0.5320560774522908,0.903544317744353,0.9778765882731406,0.9778932825513708,,,,,,,,,,,,,0.8068383119630693,0.7230379997123411,0.860891168122611,0.8125884917937255,0.6169414052638251,0.7464235769235913,0.4799802376475077,0.5330770905030351,0.8068383119630693,0.8068383119630693,,0.8795886786393293,0.4961363090834459,0.763120617120508,0.7658533173159081,0.6020483363211281,0.3580405802285764,0.7193489087564466,0.603747330817576,0.8987982162447693,,,0.9428064990080992,,0.8066870734899911,,0.947872886471607,0.6922117681878547,0.900970210325354,0.91709011439437,0.9262542816188032,0.9049414324316458,,,,,
FOXL2__PRJNA551220,0.0567771768527029,0.0402618747320566,0.0387324996702241,0.052305464709538,0.0529131140297798,0.0771725082128886,0.0326740420644071,0.0403336160220528,0.056168591594814,0.0395512610547003,0.0386307384204481,0.0561367237735137,0.0611635903884552,0.0306086668932365,0.0381493565115575,0.0301394448519991,0.0311115392460288,0.0489751073328087,0.0307596455047282,0.0391876363295784,,0.0395512610547003,0.041056277963014,0.0307398213347946,0.0306086668932365,0.0482444312489208,0.0711497349678351,0.0357926031972466,0.0544238803566859,0.0354345469431491,0.0349387587319056,0.0451099059737409,0.0413857385659174,0.0482443842782,0.0482444312489208,,0.0872505280335048,,0.0272072336017757,,,,0.0578186232222605,0.0246647228814517,0.2913363605312827,,,0.0664747832063435,,0.0485122573720974,0.036801004355129,0.0465622866642172,0.0484602698078269,0.3256851120728871,0.3566449544171134,0.419616141180452,0.3411689653569845,,,,,
FOXO4__PRJNA551220,0.0191080302847481,0.0140743872309127,0.015697087955251,0.0165808253383709,0.0172134462226102,0.0259518975162649,0.0140082869308247,0.0150752710073554,0.0149003692347928,0.0143057604097349,0.0168118628891812,0.0190467633276871,0.0203677417342117,0.0154054333233709,0.0141767280123149,0.0142362529208273,0.0156069632814646,0.034111083137188,0.0144399827365791,0.0177070763452765,,0.0139570292674674,0.0165247190066746,0.0153787413407076,0.0154054333233709,0.0186422002013552,0.014934991128005,0.0120004855134472,0.0128353512615559,0.0313171855138481,0.0125713102911385,0.0137562365326823,0.0135532076014576,0.0208932187346489,0.0186422002013552,0.1252119617706346,0.0177153883968517,0.0240194940187666,0.0461069242755315,,,,0.0195625414418989,0.0082328869411022,0.1092943436170182,0.0146671593302163,,,,0.0154151503908478,0.0140027112433619,0.0156887755351231,0.0174115264544157,0.1520499644650285,0.1788697602177993,0.1622402261355024,0.1039115900954844,0.0673557546145686,0.0772259996559105,0.2451268250342652,0.1965658620820852,0.3835405453989105
FOXP3__exp8,0.0788295710326955,0.0861505614007995,0.0893227420277265,0.0754607700767678,0.0781216451391424,0.0875493889782415,0.0775497895407155,0.0922552839065767,0.0749368712662538,0.0854176672470797,0.1037005099086432,0.0791382695351047,0.0803336539800696,0.0972831722554711,0.0907636575323584,0.0955752644393546,0.0913129278794703,0.0905615431956779,0.0877427445620219,0.0858635524067662,,0.0841472577009767,0.1066016939233373,0.0960436756679565,0.0972831722554711,0.0821706203781932,0.0762343117721489,0.0827272336657888,0.0931515495339533,0.0857374523271146,0.0911710389313736,0.0950493244900642,0.0841472577009767,0.0821704787813833,0.0821706203781932,,,,,0.0879126772443207,0.0710294221835873,0.0935425244564755,0.087724975599446,0.0778917088604038,0.0871293838052849,,,0.1056048790973046,,0.0818500036682572,0.0963908003219861,0.0836878347192503,0.0811103439743976,0.0840575021376696,0.0850447199084011,0.0886445253092557,0.0876465147765199,,,,,
FOXQ1__PRJNA524331,0.1286879335801183,0.0900215370351743,0.0982433797237092,0.1256121369118245,0.1085104340669529,0.09043722609381,0.111684169062502,0.0992466705817813,0.10425024117878,0.0872491471563615,0.095021038038144,0.122816119236311,0.1306092394176916,0.1019539470042601,0.0882907959609765,0.0946575985644563,0.0999596781887779,0.0899377434823629,0.0966273375417543,0.0815822059485227,0.1084161046165552,0.0872491471563615,0.0888558148800424,0.1042038456626993,0.1019539470042601,0.1015251703070195,0.0992776897477329,0.1005596120691944,0.1022368058966611,0.1040038133577176,0.1057114752320169,0.0945719200441815,0.0887000155485587,0.0880155427030245,0.1015251703070195,0.1476968496443048,0.209053697477024,,0.2078518334309498,0.117925149437641,0.0932623721093938,0.1036961152307079,0.0870569784348462,0.08781157094213,0.1621283806794276,0.089615607446968,,,,0.1020330585949631,0.089103951147174,0.0913811007268951,0.1027331425675177,0.1069214213937414,0.1192640516936818,0.2053723366448858,0.1566640625270754,0.1511308646300595,0.15944342659154,0.1162339569987514,0.097420801297944,0.2378196815214511
GABPA__RPE1_essential,0.0073106768989117,0.0053555897317083,0.0046392923977041,0.0313047396250919,0.0070491800877054,0.0040101029822353,0.004252956230286,0.0049557319989154,0.0108870258624665,0.0046745423714146,0.0042601482376912,0.0072103542063528,0.0072242093303522,0.0049729504721406,0.0045809012229688,0.0085976205896252,0.0053507445908587,0.0031876312114429,0.0045909687366479,0.0101379960017062,0.0037379867634486,0.0041619699991329,0.0049749192125552,0.0050900241575343,0.0049729504721406,0.2822821853596208,0.0337430071451289,0.3486058223483392,0.2729043623807807,0.0142940244500227,0.3927821288505428,0.0129537420738437,0.0142264827048109,0.0053618076444102,0.2822821853596208,0.0046654498288088,0.0179325259901657,0.0045029396133376,0.0058251842956001,0.0045941572270249,0.0057332951085886,0.0024835864117667,0.0676174040853372,0.0040915544976717,0.0045255643949452,0.0053667419799208,,0.0078117732477589,,0.2730889382319517,0.0054677898013887,0.0056872436574801,0.0440013526057973,0.0077873535378882,0.0049161474145555,0.0046753882113146,0.0049249912025398,0.0054921630363311,0.0055890952295272,0.0047884491129875,0.0045021632185035,0.0041637172235439
GATA1__K562_essential,0.0128914171522817,0.0098159032747412,0.1063075766239714,0.0084237635174962,0.015704494815449,0.0155577691269826,0.0157249251662323,0.0111302203811304,0.0414150306028001,0.0071918752291334,0.0348857644164916,0.0130094478003776,0.0078419468747111,0.0383929161236158,0.097538243360714,0.0121723352634316,0.0280918948280061,0.0071859755067875,0.012248673570613,0.018671292004768,,0.0122793189223616,0.0071779822745782,0.03849181837389,0.0383929161236158,0.1657136620944741,0.1103465621724273,0.0335078846385832,0.0750560786386815,0.0095423670688072,0.0279117503547347,0.0101431467526077,0.0314443213127749,0.0598788622688417,0.1657136620944741,0.1231107639126016,0.0048257791105744,0.0166105043035743,0.0900992557251829,0.0125708700957437,0.2627750672798118,0.3506910969872013,0.0045789686566842,0.0047460386539552,0.0511307022579886,0.0052345055356927,0.384202331357632,0.3568173547999045,0.1262088928580879,0.1664577778234039,0.1023059619579813,0.0057025640101148,0.0816665140990217,0.0168390129745504,0.038102944424719,0.0906969414515774,0.0494394228638175,0.3698972636461364,0.140519569363305,0.3050074881499185,0.0082767265249402,0.0096761707959064
GATA1__WTX_DIFFEX,0.0606498010030722,0.0663986338863307,0.0755455612287956,0.0663301637605769,0.0684380621590803,0.0657803621454811,0.0753927696890592,0.0648455940103676,0.0668616215538767,0.0643008925582519,0.0858177123290598,0.060562833645043,0.060315424817102,0.0786894769000288,0.0805430010928681,0.0736036034926963,0.0785657987213262,0.0675984809345374,0.0719665405170992,0.0712041817206183,,0.0650617553063908,0.078357554238009,0.0784522977350794,0.0786894769000288,0.0765691498146336,0.0744346275898993,0.0747534558159863,0.0765149946624343,0.0699438853961839,0.0761297166873597,0.0720783934537088,0.0697963631643307,0.0765691498146336,0.0765691498146336,0.0812405996715882,0.0818117974171582,0.069138488188238,0.0838621861142985,0.0642255431461625,0.0756710886875006,0.07578408938969347,0.0579776984438594,0.0712702163937547,0.0768565806645184,0.0618641540980706,0.1154881294979934,0.0637069617208439,0.0846478144261685,0.0769411808588371,0.0757234234456243,0.0625209939650847,0.0746452245776655,0.0812257395329039,0.0835904290814171,0.084650654911392,0.082326924385185,0.0711367330250898,0.0637069617208439,0.0769413090803098,,0.0876014220108032
GATA1__exp7,0.105104383012558,0.0872418753179774,0.1441633180850615,0.1088784075305284,0.1141762711589108,0.0765333042055131,0.178580506092735,0.0839854653310917,0.1731146869581955,0.072416984256684,0.1658208233889407,0.1059866881007181,0.0809351905022074,0.1233112841841063,0.0834337279756426,0.1549391419610209,0.1240325931198756,0.0519849086616495,0.1617047459630898,0.0978695742997145,,0.0752954108857475,0.0862793793126861,0.1245904842909002,0.1233112841841063,0.5583695654522278,0.2752949312688842,0.456639645523376,0.2353892740522935,0.4087838286524919,0.4645230922300581,0.0935659108788413,0.2973600546047656,0.5583695654522278,0.5583695654522278,0.6960978149705191,0.055086474235764,0.6233854922175726,0.3858575084299352,0.0927085772123003,0.4843242820702453,0.0443568849992701,0.0421638294635282,0.4042234060220477,0.3575313231922516,0.2020187222291842,0.8802347786149627,0.7347581045508653,,0.5577991292496265,0.0809594443363251,0.055699965556835,0.2361806492996118,0.1421947804524422,0.1902149368445845,0.303521561426879,0.3624105630114938,0.7416726493655179,0.4617588519576028,0.6186980804319494,0.499450105902285,0.1103606423767025
GATA2__extend_61,0.0985574984147288,0.0558862048269583,0.1139315743892313,0.1032609398474654,0.0915443835810466,0.058927785162281,0.0820465253757847,0.0626356295562425,0.0495694896039198,,0.1007832580051459,0.0979477908537928,0.098891696855356,0.0888672007462463,0.0815456391038979,0.0896916630042382,0.0824647629766628,0.0660551706004926,0.0726791943051824,0.0587612412476028,,,0.0455347546742704,0.0896640146685746,0.0888672007462463,0.1225562227711949,0.1389912708749363,0.1086384972347244,0.1248496088127378,0.0692173964641422,0.0858183505443106,0.0465070834054728,,0.1225562227711949,0.1225562227711949,0.1569156902698292,0.13369716721155,0.1936752763431691,0.1727013480456906,0.0558651419737779,0.0709763197826452,0.1758726704596475,0.1130024533986511,0.0461248416876855,0.1034706944967336,0.0772349457417117,0.0592830934066721,0.2163913176410082,,0.1260623788226933,0.075763758694382,0.0873837438051811,0.1219498461653718,0.0674807223498014,0.0772804655725686,0.1028273438090194,0.1025865462295778,0.1464308285887375,0.1409917011637413,0.1440465366269717,0.0858812642739176,0.1790626979152203
GATA3__exp8,0.0770528249459996,0.0771520559605063,0.0706211275415358,0.0837648152203485,0.076033858938546,0.089458230464668,0.073991830344172,0.0794636157588713,0.0825119128560699,0.0793860764085624,0.0793612360236839,0.0769956196008337,0.0763865449556325,0.0869217307648696,0.0778685355414599,0.0892443432888021,0.0856918131638996,0.0763391917649236,0.0820846025355478,0.0757154309632105,,0.0887740260702755,0.0753076030713927,0.0860445481387215,0.0869217307648696,0.079814237942738,0.0842965433842577,0.0803925418909697,0.0805832065500513,0.0893346809110014,0.080532846048669,0.0815908280066438,0.0867045623759932,0.079814237942738,0.079814237942738,,0.0828958282690934,,0.9119870335008416,0.0893215997860632,0.2440261342837699,0.0801767278274603,0.0816876803290992,0.0824840956625149,0.5351594956119794,0.1055028288209034,0.0858829514307476,0.0825530064100775,,0.0809186608966185,0.0829169386555191,0.0793632762123237,0.0817823641318297,0.3415767730183172,0.3913305752835501,0.5400948577625215,0.5334396555172543,,,,,
GATA4__extend_61,0.0645622594052183,0.0594700792604852,0.0580559796744233,0.0639577445486353,0.0654443929776174,0.0444895084673246,0.0497665023398485,0.0545722878562825,0.037237798571026,,0.0627112699319214,0.064028425723632,0.0647637007108841,0.1078432080930995,0.0722943967493545,0.0603218144088139,0.1281904282267152,0.063047641289735,0.0518762745935663,0.2073277452060969,,,0.1093501475998396,0.1052920756865675,0.1078432080930995,0.1368368376295765,0.1085601672989728,0.1181180950733114,0.1269990289376011,0.0472109213665111,0.0721184557408138,0.0540726442449864,,0.1368368376295765,0.1368368376295765,,0.0638258210573531,0.4671484785698637,0.1656864890995653,0.0523000493115338,0.1121503259777701,0.0375872122130075,0.0700417631438489,0.0501584713661085,0.3376331338620393,0.4553071916087783,0.0411606334861225,0.12582687285208,,0.1463160355635342,0.0652203881208336,0.0565765710201634,0.0864940464378695,0.4346211077375062,0.3977475294829332,0.3658122027277757,0.3269360862175571,,,,,0.2082024506319236
GATA6__PRJNA524331,0.1998299085429604,0.0435343802170716,0.1185575687802452,0.1359107643152969,0.1152070166779106,0.0349219375581656,0.0546823559949753,0.0424595992416098,0.0821417827182464,0.0402340600214901,0.1004060683086332,0.2008592984644784,0.1964227681135268,0.0587442312229421,0.0369911589787613,0.0752783484972448,0.0440549913066131,0.0403541007819838,0.0774962859376582,0.0434674168878206,0.0384113231182703,0.0384615384615384,0.0367358935997444,0.0732356543695899,0.0587442312229421,0.0771120295541847,0.0845615749287156,0.0857313602926138,0.0986685817657394,0.0314728969750212,0.0615716026576864,0.0435337016176221,0.0393072347336045,0.0771120295541847,0.0771120295541847,0.1366906831417083,0.102920854319911,0.038239254636812,0.0724464371520468,0.0517743639664452,0.0830230761582004,0.0731126190199324,0.0654659139999728,0.0458493275693255,0.1526035099196564,0.1298584503067279,,0.1333635282412563,,0.0803856661395506,0.0375963441144171,0.065574942737204,0.0579643374903579,0.1081359385487318,0.1563963892453491,0.1905422487344534,0.162467921940264,0.118712453659259,0.0666660208461334,0.1612405241765119,0.1915332095439851,
GATA6__extend_61,0.078111777792632,0.0382563699812479,0.0530316168106874,0.0660509352326563,0.0749893266818451,0.0273029528132771,0.0502974677144434,0.0303916766623245,0.0742136346528326,,0.0557879187030889,0.0775854469444577,0.076482500802544,0.0294581771030955,0.0268522118722253,0.0346311059251488,0.0291434261031808,0.0376253220837229,0.0335055561876035,0.0280035513566098,,,0.0246586158836389,0.0294870930604955,0.0294581771030955,0.1053761267777936,0.0596633718897008,0.0791839400511553,0.1001933384623825,0.0412991085416131,0.0468397603703215,0.0449288640427837,,0.1053761267777936,0.1053761267777936,0.1293244232045408,0.0722148903813254,0.0618195829535519,0.2470746694762288,0.0701343557893423,0.0668121937458592,0.0304686360448806,0.0465915446198128,0.0279287602475112,0.121572443259277,0.125404072862283,,0.0314821580806235,,0.1074108796191933,0.0267966102001834,0.0562337887810747,0.0539143438081803,0.0827362803371407,0.0759287791019288,0.1368528589593392,0.1279560779547928,0.1207288096237061,0.1232616638910252,0.2474249905942129,0.2180148867723589,0.2233745850318644
GBX2__CRISPRa,0.6724473045350287,0.2569841081381076,0.6103017531121224,0.7352630843023444,0.6265249355982446,0.4105328384831361,0.4499893466420258,0.4647309856455401,0.6424181119267928,0.2628062360801781,0.6905621447816639,0.6680771822282563,0.6835344891544024,,,,,,,,,,,,,,,,,,,,,,,0.4287738992614331,0.738669359290643,0.1661045531426152,0.4166225566650272,0.5062364472148082,0.4165193772587309,,0.1819660835116803,0.22785647796254,0.6920562011802862,,,,,,,0.6372446103639775,,0.6434671323251966,0.6672963428807132,0.7285769156962468,0.6581057336333911,0.412814482761024,0.3944290735536812,0.4382830100377946,0.3975247569836124,0.5864422751537094
GLIS3__CRISPRa,0.2086963990568411,0.195951448208531,0.2106698607044627,0.2094670671896382,0.2081472977859525,0.222821330514813,0.2662564996289143,0.2023659531925227,0.2328620950123334,0.204326923076923,0.270237243592989,0.210499973518123,0.2177812102465412,,,,,,,,,,,,,0.2431506885176456,0.2712707551486644,0.2144458355890129,0.2123051675544091,0.340570462578145,0.2056355080959434,0.1995159842468933,0.2035459803700211,0.2193143226706076,0.2431506885176456,,0.4493491116067615,0.2157833335497193,0.341535829648115,0.3276185337692547,0.2513136700412939,0.1848930075452892,0.2395553852246019,0.1510955369716777,0.5191161667183387,,,0.2367073751395161,,0.2413479295309573,,0.2190834859469384,0.2355764405085699,0.5909928248765054,0.550678733031674,0.5866440911901755,0.5033400711542618,,,,,
GSC__PRJNA524331,0.1325971222693644,0.1730703565168699,0.2175198253923427,0.1283680216738174,0.1620223308430497,0.2516267506798869,0.3300578021893388,0.1957586129169454,0.1300273788650739,0.1703297159753341,0.1455576089750027,0.1330945388792763,0.1314095748066827,,,,,,,,,,,,,,,,,,,,,,,,0.2550954324551243,0.2493070049869955,0.3811667023736426,0.2061869529859724,0.1719335628140279,,0.2514578284530558,0.2121491114750062,0.4369392802523461,,,,,,,0.1701850752430259,,0.3079066769974802,0.3478332508056567,0.4655351360227659,0.4724195567623362,,,,,
GSX2__CRISPRa,,0.2122301436245637,,,,,,,,,,,,,,,,,,,,,,,,,,,,,,,,,,,0.7993960237994657,0.2420448455848111,0.6795896566783778,0.2604094718977673,0.3574582471433895,,0.1369576080804198,0.1519883585534223,0.8465328668636837,,,,,,,,,0.8411875209565781,0.8264938758149253,0.9099542914821552,0.8443516147304495,,,,,
HES7__PRJNA551220,,0.0075236644933408,,,,,,,,,,,,,,,,,,,,,,,,,,,,,,,,,,,0.0304888471984461,,0.0361425367192136,,,,0.005956539175268,0.0042991726496546,0.5754261728509675,,,,,,,,,0.8856678625721953,0.655186438633538,0.7641090965511695,0.5553816657245605,,,,,
HHEX__exp8,0.1259755107274154,0.1095741351212821,0.1854950204975077,0.1000990077796012,0.1274395730553958,0.1551565393560857,0.1063248772972153,0.1289820602432464,0.1107211455274058,0.1188707209571156,0.1275952100808844,0.1280329177933294,0.1295692795410959,0.1394812244094428,0.1095690284879474,0.1457960853182121,0.1259754334454581,0.1095690284879474,0.1415332669389899,0.1102128676909669,,0.1095690284879474,0.0967244912174214,0.1400687104985691,0.1394812244094428,0.0897846834306323,0.0915391342443065,0.0971880355100512,0.1110884473791226,0.093789334584888,0.0932965531115321,0.1208554691359546,0.1030759724776309,0.0897846834306323,0.0897846834306323,,0.1004811092544293,,0.0758588352804625,0.2595613297658802,0.1142247854230241,0.1019194163433168,0.0896446878738314,0.0891989687536981,0.9225030205050893,0.0811258926853382,,0.1215202976298502,,0.0920565715252414,,0.1445615355452374,0.0881306618492319,0.9319272322988512,0.8938919848635852,0.9663098389636324,0.9230981304680088,,,,,
HIC2__exp8,,0.0523088518432534,,,,,,,,,,,,,,,,,,,,,,,,0.0535977898693241,0.0847657806448266,0.060576366670363,0.0640865205119981,0.0495573332084339,0.0473986761345213,0.0479924677174894,0.0479195932587798,0.0536749021739925,0.0535977898693241,,0.0352059378538137,0.0566590208854838,0.0463033322986849,0.0481329834001487,,0.0469779297921928,0.0630571224460022,0.0450356752763961,0.0568942564114927,,,0.0469116497263487,,0.0549415047936204,,,0.0603138963170033,0.0633580357397542,0.0532532628514346,0.0616534546064175,0.0534126055200197,,,,,
HIF1A__exp8,0.1298120033493497,0.1419455069959337,0.1398810653156905,0.1205457108990114,0.1370268331377339,0.123267395786214,0.1218017384074531,0.1394434015285481,0.1295276238319573,0.1341044247248059,0.1342944485184939,0.1327735155496632,0.1322548793063806,0.1440885460999704,0.1396654165233352,0.1318005467255076,0.1408268330353279,0.1325128872930616,0.132895148784961,0.1245318284368741,,0.1371068880030907,0.144088446474716,0.147147650952833,0.1440885460999704,0.1232113978365646,0.1304286589634752,0.121863209937363,0.1259210007709198,0.1243889094565788,0.1264227086012541,0.1385554496938973,0.1243160148121747,0.1232113978365646,0.1232113978365646,,0.1233797905946314,0.1191405383096171,0.1242799945101751,0.1524560747609587,0.1586664904725873,0.1357110592585213,0.1211924518663151,0.1188061484841763,0.1789299420584948,0.1647070024794439,0.1653850175483653,0.1478203729139643,,0.1182580596506502,0.1342685181006412,0.1294347843215857,0.1250212449508374,0.1590830896179859,0.1649464408607902,0.2031325350843941,0.1971132458806563,,,,,0.1512078694319307
HINFP__K562_essential,0.0102481749795063,0.0104372924437732,0.0103040839874633,0.0094543870984733,0.0104770246892753,0.0071265992850854,0.0081417469880655,0.0096207244128652,0.0104920604516487,0.0083689321057502,0.0087124538368621,0.0099012973378169,0.0097378422812898,,,,,,,,,,,,,0.0386152970909752,0.0237769049086023,0.0155630538829567,0.0281352466289695,0.0090199701062302,0.0155484132996496,0.0089856083880304,0.009181834924299,0.0184815148413423,0.0386152970909752,,0.0098448306206987,0.0088750488601104,0.0055272051152531,0.0077453956505773,0.0110022498383356,0.015662787846356,0.0088851231550187,0.0059718274413637,0.0067216846825588,,,0.0121569428291986,0.0294343308538254,0.0388406623970908,,0.0101778273073356,0.0231016807033745,0.0085627288562381,0.0070273331606489,0.0073662878476567,0.0066936245506944,,,,,
HNF4A__PRJNA551220,0.0345293966133966,0.017012712902991,0.0236784955805287,0.0307216185749895,0.025595443680731,0.0148302583386105,0.0203295556459928,0.0140743094678623,0.0172966949739554,0.0121738336795945,0.0133652408870485,0.0340289001285004,0.0366464764260402,0.0336278884822804,0.0169019646678373,0.0434755892346554,0.0230439851594409,0.0130692805041748,0.0271352768907038,0.0139346171071223,,0.0175552036098306,0.0138196637124842,0.0338037633550289,0.0336278884822804,0.5262915960248328,0.4130567763345684,0.4939833637619932,0.3781030612838608,0.0172499699530237,0.0966839723051831,0.0230552738936521,0.0277576841891293,0.526291560731421,0.5262915960248328,0.6036753549205475,,0.559893470904443,,,,,0.0350750876270414,0.0093298195417427,0.6620454042792563,0.0150319113201209,0.0120837046007107,0.5251781483302008,,0.512852116316173,0.0204879893531206,0.0142842910636776,0.307490625525917,0.2682654525406032,0.3237387977513037,0.7178562458367735,0.7220424916439838,0.6012921925128691,0.6552538621293098,0.8631996232097306,0.7558624640039544,0.7735932702220834
HOXA11__extend_61,0.7061504768414899,0.0607552500541168,0.1882338638822691,0.5512855653471235,0.836657940210838,0.0769086327875641,0.0929076128703486,0.6285539206245935,0.7809361354364786,,0.0995222545482046,0.7071900817836294,0.6737810749363354,,,,,,,,,,,,,0.0702691947199076,0.0629882166026744,0.0701176410635416,0.0595644193698542,0.062106628233266,0.0692356404513425,0.0657354693499271,,0.1006187480821841,0.0702691947199076,,0.1191256097595053,,0.0585235322258714,0.0647295461075473,0.199931384818712,0.0601456728144487,0.0859300714436463,0.0649590514785536,0.1814144474721083,,,,,0.0720703085264801,,0.715140246232224,,0.7875193502695021,0.79329011398943,0.2774402703402477,0.1495584674262393,,,,,
HOXA13__PRJNA551220,0.043316063880962,0.0312044021472663,0.0272826675796601,0.0441881597909561,0.0420164489513784,0.043544312385046,0.0289869401507729,0.0222210035809921,0.0310520277909081,0.0191879081244435,0.0162938654865756,0.0430960365241455,0.0449255663571463,,,,,,,,,,,,,0.0131456406454739,0.0159387901717139,0.0120479182086311,0.0139548885446905,0.0567367830203628,0.0144253737232721,0.0236314448528737,0.0169015760075815,0.0134854868934215,0.0131456406454739,,,,,,,,0.0296613476630043,0.0111546711120335,0.4519667027104273,,,0.0288579866923206,,0.0132025354026789,,0.0244856605554955,0.0135379120300151,0.331105346892097,0.3507515962084409,0.4669005066108648,0.4435634473898954,,,,,
HOXB9__PRJNA551220,0.0459014985734552,0.0404645353557167,0.041284037447997,0.0466810232177317,0.0469757547726322,0.0481388892871881,0.0480931973058091,0.0409565848843721,0.0491770478257011,0.0406510714869949,0.0360460899579492,0.0461218437226735,0.0459014985734552,,,,,,,,,,,,,,,,,,,,,,,,0.0989958304884771,0.1522681365385232,0.0305649201518072,,,,0.0944214538381418,0.0258399864779356,0.5437875136893403,,,,,,,,,0.5659140160664691,0.5387122225520089,0.6962764215148785,0.5897860944890961,,,,,0.4534727324953838
HOXC13__PRJNA551220,0.0501202688874899,0.0243936584128674,0.0287469198521934,0.0497180745550675,0.0509533514522335,0.0533507354190378,0.0300348233696624,0.0195455449014868,0.0600912967896005,0.0249397289882783,0.0312349231056848,0.0497153016124767,0.0537474985053087,,,,,,,,,,,,,0.0333610679913505,0.0290600969617044,0.0294252831528649,0.0309031022817835,0.0585533419940954,0.0309895153790311,0.0249397289882783,0.0249397289882783,0.0357768756750754,0.0333610679913505,,0.067171403419102,0.0541425499082497,0.183576259923407,,,,0.0519407235252402,0.01436023495729,0.3269880083676725,,,,,0.0343131512917322,,0.0286975468535181,,0.3129227235322671,0.3424651785012171,0.3983010802268368,0.3502154261423567,,,,,0.3092262979428593
HOXD13__exp8,0.2754172165637385,0.1174431795654907,0.1939526067212706,0.3198262993168283,0.2428232730630458,0.1938343844984293,0.2626571241646642,0.1075689425121136,0.282064224663434,0.1108679795769511,0.1793557859906566,0.2777096353199217,0.2736260369439961,,,,,,,,,,,,,0.1158381967780928,0.1137890509768852,0.1278180229953653,0.1364042825598082,0.1649629374788681,0.1355259202782899,0.1108679795769511,0.1108679795769511,0.1159067441017077,0.1158381967780928,,0.1255174241782146,,0.7417912143928372,0.1200253147486466,0.1247226803987203,0.1203553853931324,0.1130118189055944,0.0878487359259156,0.4565103831853976,,,,,0.1167091623091758,,0.1835616031745619,,0.7556000983673155,0.7529077744852968,0.6564348527518566,0.4321506388574787,,,,,
HSF1__exp7,0.3062963520199484,0.2154150495996043,0.253046496708075,0.2122996301355815,0.3155606766616424,0.2183297225195106,0.3410466223218122,0.2321523623600381,0.3004528014060951,0.2264755048666561,0.3097650490743137,0.3121335409280629,0.3095150634850691,0.2760339595173356,0.2574802892920478,0.263479685682969,0.2754697558354135,0.2102222713200865,0.2786756821775049,0.2880333152632153,,0.2154294930693893,0.2799524578306391,0.2774668025063167,0.2760339595173356,0.2852038470122849,0.2787761938070675,0.2625943822935829,0.3252580895566972,0.2383906446299553,0.3006645889728249,0.2666325221042535,0.2170955692276764,0.2852038470122849,0.2852038470122849,0.2106553267903183,0.2085714630338803,0.2180815027721781,0.2193264122650331,0.2675419116284599,0.2625213267466213,0.3154523339219995,0.2523017577957919,0.2120998676559538,0.2587013883397064,0.2132405092258578,0.2225845017462397,0.2130727789816286,,0.2798600810327442,0.2646182499806855,0.2472179376580386,0.2738686287787516,0.2828539541502365,0.2719444480859413,0.2763901858235355,0.2526019451145397,,,,,0.2160948908445104
HSF1__exp8,0.1661673400181023,0.1498927890637458,0.162720765090796,0.1573863957702746,0.1701416213827952,0.1433349993717411,0.1663572821189334,0.1583037669977002,0.15288268655101,0.1509299142804015,0.1659217284110332,0.1664179452757199,0.1660749095806306,0.152957062057328,0.1455088383873771,0.1465201520702895,0.1496085510535969,0.1506336778035117,0.1540732945663064,0.1417019231242214,,0.1486729124447802,0.1530174638413988,0.1563489457632216,0.152957062057328,0.1758479766128086,0.2002063146024675,0.1624166436270001,0.1844143714348394,0.1578013325298511,0.173945576435495,0.1667741036478561,0.1402627892611295,0.1758479766128086,0.1758479766128086,0.1534926458293181,0.1491386511974059,0.1514792337994964,0.14726130374568,0.1509245700388118,0.1674873681112835,0.1683035281034346,0.150855677441789,0.147299706801956,0.1555126133001694,0.1358524024775432,0.1447148759685153,0.152044173320769,,0.1710416445580379,0.1392539230715066,0.1508814106869014,0.1664895022156918,0.160867720412046,0.1598472448427059,0.1639446442975312,0.159060508261239,0.1524519239909387,0.1554353130925293,0.1497187236707167,0.1510767803793215,0.2279598606798916
IKZF3__PRJNA551220,0.1067613834308265,0.0469167949050441,0.0444981106269808,0.1038201017134721,0.0691865122669761,0.0522834019986811,0.0328112899402407,0.0462395007528636,0.0533518221376336,0.0464227642276422,0.0328125088685558,0.0965425207492971,0.109081378597069,,,,,,,,,,,,,0.0290095572333257,0.0446538806874378,0.0295322191606028,0.0401703279866298,0.0323427254126171,0.0278601623582386,0.0524835162386606,0.0507392272714697,0.0290095572333257,0.0290095572333257,,0.1003842971510168,,0.0379574878102895,,,,0.0743000234830327,0.0278275922125986,0.2332449048985412,,,0.0380211145966938,,0.029061130219192,,0.0481782678472268,0.0341784306049861,0.1289876494221414,0.1539837680323082,0.2623443374130654,0.2407905226599391,,,,,
IRF1__PRJNA551220,0.4052932781449269,0.030680709119873,0.173434629320438,0.4248525491705425,0.5291036200852969,0.0260255348044141,0.2410432841046682,0.049089579515232,0.2834257745951162,0.1389676895658415,0.0222184256732372,0.4063755558791818,0.3697251281290589,0.6465670333594715,0.4556700652948163,0.5412177327001858,0.6131784416656452,0.0279856946520953,0.2364864620359167,0.0694303631915882,,0.126350030161754,0.1440651211443807,0.6505516765702644,0.6465670333594715,0.7923741646280087,0.639380158382913,0.7890175060832912,0.7835893474550457,0.0569374508837065,0.4724180676065011,0.0644236568874836,0.0591818839606005,0.7923741646280087,0.7923741646280087,0.9714912130993182,0.1220861395109403,,0.068551868206278,,,,0.1531045064049591,0.0345659133307913,0.9284352266975606,0.0313816169791064,0.0313816169791064,0.6267845662098259,,0.7791054674949173,0.5242685034471406,0.0986181598737494,0.5793222562515203,0.9111405665487162,0.9299514800006696,0.9644750109044116,0.9511154174307294,0.9651764971566684,0.9434482031773852,0.9897489784017484,0.8388321000753911,0.9722563136685
IRF1__exp8,0.2813341888223929,0.1116557547901855,0.159595852987132,0.3184592569048814,0.3274452364733601,0.1116656393804419,0.303765739444215,0.1182462416980139,0.2588321430225071,0.1146929565909939,0.0956110245433949,0.2802624665510677,0.2562868660116362,0.4227364332870767,0.2091681944423019,0.4319769184201615,0.3304936781940031,0.108091378524432,0.3365335592619172,0.1267832007783109,,0.1167604259476644,0.3785052050293374,0.4236743831018483,0.4227364332870767,0.7283090222693768,0.4569923294011183,0.7399774412454686,0.6632584836508953,0.1839023780588937,0.587413506505126,0.1840076879652963,0.1407425202294218,0.7283090222693768,0.7283090222693768,0.8252835074771055,0.1571906694977195,,0.1406478248960704,0.2313657868798296,0.8833921687538574,0.9378777748903168,0.2322164692850167,0.1095438291040927,0.8701777768128179,0.1206584786344694,0.1111976948803711,0.1435888190181024,,0.719121334347098,0.2234658441886907,0.1255930754444016,0.5003198792427812,0.698879973266932,0.7895148632193253,0.8659426412767074,0.8675071514856432,0.4271493839389814,0.5308842365082586,0.9199851363765964,0.8628799299185327,0.8593655677156319
ISL2__PRJNA551220,,0.0128165097170889,,,,,,,,,,,,,,,,,,,,,,,,0.0102410777462322,0.0107299564539378,0.0115545806338181,0.0113471855939236,0.010767707407068,0.0100130604502741,0.0135625688776864,0.0124052585622885,0.0102410777462322,0.0102410777462322,,0.0169245689378222,0.0150103843768121,0.0124878954668232,,,,0.0147767330923496,0.0096102043252481,0.027221903460689,,,0.0264685762830387,,0.0102120926300517,,,0.0111491595887129,0.0154277234301222,0.0156238232955829,0.02651945851484,0.0267318016455502,,,,,
JUN__PRJNA551220,0.0212124365869353,0.0201869901833896,0.0236240650711514,0.0181356783485013,0.0291225706710877,0.0179319465703822,0.0168066001455276,0.0147522509858658,0.0262747044764648,0.0131254214986631,0.0216403935084392,0.0210358030631872,0.0229712528044325,0.0258935974143893,0.0256934545881508,0.0169273318201184,0.0296527068835535,0.0170073663550456,0.0198100030151099,0.0182620732330027,,0.0147030040879713,0.0258909681088419,0.0248130876985501,0.0258935974143893,0.0125839591702279,0.0160830290348327,0.0126258279194683,0.0354891172716523,0.0121429527949201,0.0115962353902773,0.024543887970886,0.0159381338113613,0.0125839591702279,0.0125839591702279,0.0906348905309399,0.0118537569015406,0.039515527963684,0.0311115377352947,,,,0.0138544069790449,0.0102632530193648,0.071718257766172,0.0191776614335659,0.0115126211534905,0.015392601203206,,0.0126005548999544,0.0201310352163154,0.0307534851709083,0.0148919888219225,0.0681224648521678,0.0670123760487684,0.1085371444950693,0.0927839924084241,0.0621505432740795,0.0485272157795518,0.0947875222095097,0.0844161699117596,0.1130895840996682
JUN__exp7,0.1483517797800581,0.1232179519711262,0.1459946467581284,0.156053814317485,0.1448681856804079,0.136366971112999,0.1532721127549426,0.1338795882347191,0.142181701776568,0.1355517167608121,0.14669896461538,0.148918136561156,0.1464576695077009,0.1384379387805457,0.1437698797057457,0.1197064493241636,0.1326194325722008,0.1475702454843353,0.1425330740489749,0.1357033811615361,,0.1356015143148309,0.1385537530905765,0.1402664153283844,0.1384379387805457,0.1436699302604903,0.1362500087549852,0.1477982658748531,0.1382058537948484,0.1514767655233286,0.1523605920768,0.1311397176643931,0.1275616632929913,0.1436699302604903,0.1436699302604903,0.1246479313597569,0.118525570838954,0.1349151156063341,0.1477863315484129,0.1361244144774258,0.1350719496978037,0.1352623635539468,0.1528485955889488,0.1448897361933359,0.1480047488775099,0.132032976135874,0.1416395217760372,0.1336076876551409,,0.1462396768866673,0.1489265087466444,0.1462649501908746,0.1436865576564093,0.1304517075440809,0.1345842913966471,0.1457733048271036,0.1494261950276622,0.1311693357003219,0.1301551777232364,0.1355691413617549,0.1380857962081733,0.1318316736140354
KLF1__PRJNA551220,0.5562699530598888,0.1284431173832102,0.5369446833861804,0.2361358187675967,0.4546534860550342,0.1583457806561903,0.3280214611394736,0.1291501399006176,0.3212525995068971,0.1620336102132951,0.5562417680430188,0.5570847022427008,0.5562699530598888,,,,,,,,,,,,,0.2061958573668567,0.1798541475520266,0.1955311040045975,0.2109865624520237,0.150884681582179,0.2028647469647326,0.1829127556030949,0.1368853679436999,0.2061958573668567,0.2061958573668567,0.6888238623290867,0.2715145674930071,0.1642889144784102,0.3195670989939161,,,,0.1809830639679633,0.1587462054349764,0.6999008053041742,0.7133196521283475,,0.1501886533957953,,0.2146294937194672,,0.4546908916378002,0.1765945792778603,0.7771590772216054,0.7132397613952468,0.8442173967001483,0.6921747774789623,0.4143155188945078,0.3307025596687636,0.8610552422857283,0.5912549365219202,0.8632729675368276
KLF1__exp8,0.6823041491566739,0.1474281518435986,0.6712763631348126,0.3589589801420501,0.5895455510232195,0.167207490639597,0.464910417807711,0.1409442803894535,0.4316736731840751,0.1717923111305468,0.6820800299522034,0.6870427974521242,0.6823041491566739,,,,,,,,,,,,,0.2621910603294721,0.2568595216593994,0.2746596907743846,0.2501128375528872,0.1970722538053514,0.2479986962443268,0.217069068080568,0.1807075358938247,0.2621910603294721,0.2621910603294721,0.9063832204119832,0.224214355307771,0.2174541575500485,0.3831172056917081,0.1727980099561175,0.2930308810891921,0.1771787015860111,0.2574340827339929,0.2033858882810949,0.8402654957535824,0.4468960382724588,,0.4496386106438175,,0.2573222854401208,,0.6556077236195018,0.2217838926331314,0.9204417470590402,0.8926760899240107,0.945139525664995,0.8356284287222941,0.7058378055571116,0.5571079478671819,0.9201917980027652,0.8665694936779536,0.8708582378252006
KLF4__extend_61,0.180446394789108,0.2370985657066112,0.1977388138603747,0.1859141612581327,0.1988475863118748,0.2133224536569897,0.2073394370721414,0.2056669587314379,0.2760047712402645,,0.2013781421019431,0.1789667613400428,0.1864363313253777,0.2556575002672301,0.2614684046046931,0.2698994524250236,0.2544922856406801,0.2275937303863164,0.2596779283686111,0.1891128965636069,,,0.2556575002672301,0.2574632102303195,0.2556575002672301,0.2552837605799017,0.2604456295844857,0.244066559289198,0.2623934163555492,0.2365059569326903,0.2437342362700611,0.2262848421186528,,0.2552837605799017,0.2552837605799017,0.2312842016536628,0.2792975069278302,0.3003925856115316,0.3683502648928598,0.2237114038813364,0.3856305072057676,0.3151890977481695,0.3863454131737598,0.1796282705399262,0.2659509449431317,0.1666883610338376,0.2086858432036097,0.4631347747912161,,0.2530672172036151,0.2576538783762264,0.2126850757603091,0.2518945699171085,0.2151019039343912,0.2129162665203274,0.2649697530757187,0.2616649943662905,0.2278763225524543,0.2335109685232098,0.2386349482457413,0.2187403040691019,
LHX1__PRJNA551220,0.02631432584992,0.0298833811675696,0.0275769446624212,0.0248605619029416,0.0252044328563367,0.0441823650014534,0.0254486648479716,0.0258112077176251,0.0220589335807855,0.0284933322289406,0.0292441824099555,0.0265595375146015,0.02631432584992,,,,,,,,,,,,,,,,,,,,,,,0.8283507091767921,0.1170724599012341,,0.0681310187545761,,,,0.0373935801103729,0.0187518853293654,0.5856700670461894,,,,,,,0.0260423704162718,,0.8709849722857446,0.8899825405399223,0.7949527261518247,0.5635916994181971,0.7268947609052672,0.6839876928190212,0.5752801256533053,0.4623811009723317,
LHX3__pilot_14,0.1899777200109786,0.1661313940156437,0.166558937275683,0.2031740204126916,0.1737998525049792,0.1549888739332586,0.1798726980924532,0.173905029102515,0.1606307518581304,0.1646903820816864,0.2046384069391164,0.1912831406512912,0.1899777200109786,,,,,,,,,,,,,,,,,,,,,,,,,,,0.1587894991121221,0.2027293270582873,,0.2209452002320271,0.1741093723484058,0.1576364332967764,,,,,,,0.1807232638706488,,0.1690021394753488,0.1672801141727761,0.1581127298421243,0.1571535560047302,,,,,
LHX4__exp8,0.0516878321552204,0.0359326543558283,0.0269007735201457,0.0554451524851939,0.0428355030847186,0.0663381853074295,0.0328157620888582,0.0219939146592864,0.0450388130153927,0.0208835341365461,0.026648762421925,0.0506637777297094,0.0516878321552204,,,,,,,,,,,,,,,,,,,,,,,,,,0.0499317908005384,0.0206951074503405,0.0389400615266586,0.0220880353248661,0.017810966728055,0.012480523415784,0.2804171195268712,,,,,,,0.0269852155068139,,0.4911461864201804,0.6184115597587184,0.5364821957935146,0.2802346950279815,,,,,
LYL1__PRJNA551220,0.0197374936566853,0.0201892743752991,0.0200779190584196,0.0196376454202148,0.0187439041973101,0.0211667896888143,0.0186948886750973,0.0184488047449863,0.0193716240362801,0.0193701446484836,0.0194550026965331,0.0196038262425117,0.0197452546502984,0.0177847522502017,0.0186763607005234,0.0186523977829267,0.0177608359083341,0.0220424967016982,0.0178434588673228,0.0186049278850223,,0.0198880254031921,0.0177829568425328,0.0179074279892024,0.0177847522502017,0.0186157974190924,0.0197809855336342,0.0172844501244819,0.0179699856851327,0.0211969619460875,0.0169814777113342,0.0217691348727403,0.0180676439183444,0.0186157974190924,0.0186157974190924,,0.019593467494481,,0.0166346434385263,,,,0.021276745836279,0.0171483461510912,0.0185808391816968,,,0.0151543586189112,,0.0184741518468267,,0.0219809025001604,0.0183643662958983,0.0247720738741056,0.0234924753741688,0.0305619317083388,0.0201928436128675,,,,,
MAX__K562_essential,0.0790428815730778,0.0169121607576363,0.0150489722311411,0.018618194168617,0.0402111728175979,0.0353217699075736,0.0156541457660576,0.0227669472236271,0.0279411154214325,0.0195654866432544,0.0250206110931704,0.0786897841420336,0.0714429760626286,0.0118974548574475,0.0109526287916355,0.0131737477808866,0.0108932795468625,0.0133293617312914,0.0105894364668433,0.0139632353867088,,0.0149267483645075,0.0179697959815837,0.0120744734883556,0.0118974548574475,0.0745079106755682,0.112915309772697,0.0343223089509209,0.0652339195276917,0.0254209912515398,0.0421208042191611,0.0633630442680363,0.0366497963399808,0.0898796707654053,0.0745079106755682,0.0149294995852916,0.0422290586413181,0.0272375619071859,0.1321362796596579,0.0167178948733952,0.0163678199007095,0.0544477158878999,0.0613366800684369,0.0085226832072416,0.016425148762329,0.0109992990629552,,0.1094722325077923,0.0099480718756643,0.0743089639928206,0.0251196745336067,0.0230415430218588,0.1074690256377629,0.0135611053757144,0.0182136168682397,0.020286970945061,0.0166603487246583,,,,,0.0130480260884546
MAX__PRJNA524331,0.1954631644375888,0.1599849147425551,0.1742628432686156,0.1630882478156096,0.194619436336357,0.1640209520654502,0.1590839795652123,0.1719409808946525,0.2061316280500856,0.1710844834697811,0.1585848302087109,0.1948245296990484,0.2009843040110148,0.1531845234922081,0.1644795096352,0.1590338966835238,0.1632566344598715,0.1664981653180612,0.1465777235241778,0.1860753609262905,0.1761419207997513,0.1639892344959728,0.1531845234922081,0.1534855922559284,0.1531845234922081,0.1177724607871057,0.1396800836598911,0.1267683060631868,0.1477447160427627,0.1511090302780184,0.1246970981696947,0.2596619333209269,0.1455087056391615,0.1177724607871057,0.1177724607871057,0.1831451587220173,0.2220666654867133,0.1665340774991191,0.1827423880907633,0.1576138623994822,0.1817258967632183,0.1235487682709806,0.1524951896673496,0.1533725049734706,0.2654225024477171,0.2942211723208897,,0.1291072125567302,,0.118026078365123,0.1687190880555095,0.1742299379509267,0.147037012529503,0.1985184123687286,0.2114034185277547,0.3169029818250936,0.293962000722368,0.1549711553836283,0.1694925190387066,0.2998805038344807,0.2391001249475554,0.2784129463536149
MAX__RPE1_essential,0.0188390916242256,0.0067760433895256,0.0067307203224424,0.0150072695205441,0.01935435149083,0.0092739373777604,0.0069892630447505,0.0101502937155085,0.0128128354375278,0.0064281198581232,0.0099239613896853,0.0193905523910875,0.0175877496576945,0.0053697207173038,0.0047032740274209,0.0056392607473447,0.0047232749976625,0.0064063005237915,0.0044545406927273,0.0048975551326226,0.0048836046638465,0.0064019378838999,0.0057323425754242,0.0053742845053525,0.0053697207173038,0.0091074678000955,0.0118304825712029,0.0054742906541113,0.0095147706899575,0.0067081670713216,0.0085159602455275,0.0121079403177917,0.0063645626499447,0.0085176772655293,0.0091074678000955,0.0053796086148473,0.0059061469651289,0.0057875158752572,0.007621346078635,0.0060468868931617,0.0093032159587218,0.0046200160002643,0.0057672075033763,0.0047066491256866,0.0057892879402814,0.0242397581168034,,0.007444546219712,,0.0091191129914507,0.0053069418933252,0.0075451336793225,0.0120595292815431,0.0078273646084274,0.0076600208031933,0.0063623052106454,0.0064086640089549,0.0058246044042788,0.0090060664405294,0.0051967013536916,0.0053432745779103,0.0047373192119061
MEIS1__PRJNA551220,0.0129499291069239,0.0164235980346947,0.0144601690138684,0.0134205455501717,0.0136798916017211,0.014880390514319,0.0134722209781065,0.0165578391631941,0.0216448085513557,0.0161579503080405,0.0213420101842042,0.012930837824563,0.0129940914517193,,,,,,,,,,,,,0.0174573848843669,0.0151653026582699,0.0158280921686215,0.0177396569295065,0.0187722826801785,0.0138228540610431,0.0146871451135776,0.0183213937024214,0.0174573848843669,0.0174573848843669,,0.0163196209002409,0.0400620350272517,0.0223846319598194,,,,0.0180861571003227,0.011868172869997,0.0217845006277984,,,0.0246703251361363,,0.0177056203513239,,0.0138404217055866,0.0159758966358287,0.0165072295046159,0.0160545240256522,0.0199560052270196,0.0225192958937836,,,,,
MEIS2__exp8,0.1286054743042498,0.1246469070108654,0.1227684388313838,0.1320067892094817,0.1348464466072462,0.122986160297781,0.1359798101483738,0.1218314063060477,0.1306168374655132,0.1176257690915671,0.1032960929921645,0.1250306155475644,0.1287319300581919,,,,,,,,,,,,,0.1147110068450494,0.161457092068141,0.0975299658731334,0.1588876045151585,0.0985836352556495,0.0965029019289253,0.1482565135488945,0.1147803233137145,0.1147110068450494,0.1147110068450494,,0.1100034808585277,0.1116496179314888,0.1342719324946293,0.1413788501943319,0.1209774622278568,0.1311039632767711,0.1985133324277149,0.0839295011621797,0.5599392031640988,,,0.1176257690915671,,0.1113213145823776,,0.1193304249689766,0.1319224651361885,0.7816106776150299,0.669663430534399,0.7957975104538002,0.5595628609211183,,,,,
MITF__extend_61,0.0626719636250929,0.0394668648431692,0.0471890001409542,0.0698328309388929,0.0769085712109012,0.0379916677581742,0.0579827170633126,0.0418352089595606,0.1130473018221586,,0.0493960031964219,0.0627230021926326,0.0586726919545646,0.1150828347149505,0.0474684602817483,0.1127453023226877,0.1015384662477464,0.032474062772776,0.0954979478828574,0.0375899911863383,,,0.0504761686784622,0.1279401454504892,0.1150828347149505,0.2769664490206305,0.1041823332784685,0.2193243401962274,0.1881743945723796,0.1471364679681189,0.2541184646180547,0.0314623994395769,,0.2769664490206305,0.2769664490206305,,0.045491310507935,0.1472437325676135,0.0816731349627318,0.0590269169904432,0.2905785162592632,0.209510352642548,0.0423658100008465,0.0730105787736822,0.0373891924058179,0.0462221431382005,0.0276807647318352,0.067977874203684,,0.2904287407945882,0.0581777479146325,0.0369240868350483,0.1089610793114734,0.0330806340454858,0.0393358986139826,0.0415704380801308,0.0436498904741357,,,,,
MITF__pilot_14,0.6845630131993586,0.2417277024349509,0.6180576104115892,0.6515916456803046,0.7062314390618937,0.2315360394753436,0.6477345086255177,0.3272988039303829,0.6602188275422033,0.2635457757445129,0.3422392554299245,0.6837011441187943,0.6804690095158675,0.7425901730028156,0.6156726855986513,0.7332082351466013,0.7036256495621581,0.2483671524976507,0.6553374449670677,0.2633971386798909,,0.2247534298990353,0.36563312177108,0.7422884017665903,0.7425901730028156,0.3664380745693477,0.3826647431244928,0.3104138311643301,0.3853860123446958,0.241521801897204,0.3140957239722322,0.2501365398646175,0.2172715101145138,0.3664380745693477,0.3664380745693477,,0.2225017635688384,0.8095913049727336,0.3381509829882105,0.7510363855755308,0.8633078688843275,0.1779220035511352,0.5014064380950602,0.2287682500091764,0.2973724561987418,0.2545525279086815,0.5796321036103391,0.8626778465376457,,0.368891613942941,0.6752394850517928,0.5014366046198134,0.3743805113056226,0.2488502707457953,0.2538398761607904,0.2993383686691386,0.2981629563942409,,,,,
MIXL1__PRJNA524331,0.4497211935627762,0.3006097781577597,0.3671518637405468,0.4592097620887884,0.4353466046180192,0.3966827080718889,0.4518822591620775,0.3096590962015206,0.3629753113150623,0.3232791956689868,0.3566546466341506,0.4436195677485668,0.4497211935627762,,,,,,,,,,,,,0.3791235444308835,0.3754640300036895,0.3695508798693209,0.3668680648910709,0.3451159755001416,0.3753358994825375,0.3233428861241494,0.3516235509084998,0.3791235444308835,0.3791235444308835,,0.4697683445201165,0.3594834675407393,0.4951701473619646,0.3340951793101667,0.3300923357641573,0.336706140934536,0.3817837716283565,0.3795292144839769,0.639215905489795,,,0.3162667021367352,,0.3771992658396524,,0.383632794303588,0.3794547913423595,0.4873401100985083,0.5375297541020081,0.6380003893758215,0.645706708811686,,,,,
MYBL2__K562_essential,0.0178187370474081,0.0041773640503458,0.0123351292985481,0.0087687221182065,0.0186774539220518,0.0282454974370785,0.0173609137124407,0.0066520499001603,0.0090354856214786,0.0034975340577326,0.0144869117530353,0.0184000203873406,0.0218287838602243,0.0255305064629672,0.0185353274753766,0.0221412630626816,0.0262209208060579,0.0030595758187364,0.0534016152052324,0.0067127602111325,,0.003448918717375,0.0340467580591004,0.0254185819699734,0.0255305064629672,0.0392371057217289,0.0212713507873264,0.0359526822498638,0.0394300035964505,0.0112853274955521,0.041176122147824,0.0046835148506924,0.0407509544417976,0.0090006367974887,0.0392371057217289,,0.0033553512289083,0.0112332811991258,0.0100972892762938,0.0028733932986671,0.0050521344763955,0.011813348443282,0.043302603054003,0.0327771757499828,0.0075589906312321,0.0103291421276629,,0.003448918717375,0.0329419866472378,0.0393665869630526,0.0184540703164957,0.0036960287287755,0.0153212688291682,0.0173051928367725,0.0061026808893109,0.0087453613184144,0.0229226952385254,,,,,
MYBL2__RPE1_essential,0.0183952486316169,0.0225802299844015,0.0209950314283536,0.0218533135259997,0.0181249708292846,0.0211188742016886,0.0190604877806511,0.0199855951725275,0.0243774502263154,0.0199621024098293,0.0186012287467556,0.0183671957468067,0.0191474426388549,0.0305612064032853,0.0201449481072614,0.038452436062553,0.0304575938869438,0.0158180081124265,0.0411515282463989,0.022651513005883,0.0341582649033819,0.0217682899631118,0.0306682543744714,0.0309342549716531,0.0305612064032853,0.0150629492398057,0.0154916605552381,0.0152391880315139,0.0150296579068998,0.0152569861927293,0.015172424219921,0.0185709180461961,0.0167479317805891,0.0177536157324411,0.0150629492398057,0.0180441640339695,0.0168326080359666,0.0173747510484606,0.0170099365324446,0.0183577672935769,0.0223380101773047,0.015324753913571,0.0163989054642204,0.0286481960296702,0.0164381457402977,0.014711799268374,,0.0218430034129692,,0.015046787294846,0.0235998424233895,0.0212636638627324,0.0153158685363002,0.0179384357147347,0.0160361119094447,0.0168171396869658,0.016268712547553,0.0168990978853135,0.0175328599921309,0.017915899382963,0.0181071851624789,0.0162417395626353
MYC__RPE1_essential,0.0777253598944153,0.0084951321905566,0.0383179010039117,0.0565648037299947,0.133592400566865,0.0177899974135874,0.0751042723249206,0.0435850503002639,0.1566770911423854,0.0079103946734342,0.0638647409177954,0.0813069335335109,0.0872558341636683,0.0590975525017907,0.0537649725755235,0.0407943758387349,0.1405966460737226,0.0217832610062449,0.0535731393277029,0.0557765218237507,0.076132173169092,0.0096557147341136,0.0590975525017907,0.0554798816112668,0.0590975525017907,0.2887084497444174,0.2206029965809799,0.0261793572761628,0.2311855723766314,0.067927847854829,0.3123657370884733,0.0971647660126875,0.0156835528404388,0.2887084497444174,0.2887084497444174,,0.0098931292993735,0.0241307860149957,0.0227583626345848,0.028488214098566,0.0339587245737261,0.3113143795561839,0.0470652520436449,0.0041769565759832,0.0047463581351465,0.0063159716213877,0.006259830538609,0.0063805611397605,,0.2955510383620133,0.0186205557424143,0.0189442735082156,0.0320725267960382,0.0066432672026574,0.0056828173336077,0.0061393110746458,0.0055660876099068,,,,,0.0039733807631987
MYC__WTX_DIFFEX,0.1102621931927372,0.0972530993128335,0.1093876969970781,0.1063456756115425,0.1125248895419892,0.1024724938289314,0.1192603946127945,0.1015002004073412,0.1127632369102577,0.0985015983730169,0.1096266291167258,0.1095096705687746,0.1110867293403065,0.1033080214038393,0.1056767560046671,0.1013908230393106,0.1050158118481151,0.0994747144253744,0.1078294508728028,0.102515884690064,,0.1015332208012848,0.1033080112258405,0.1036094831458717,0.1033080214038393,0.1115674837938601,0.1146327370756152,0.1067010652016263,0.1165620834197877,0.1016452123619021,0.1155648591631938,0.1074587326879975,0.1002512427888655,0.1115674837938601,0.1115674837938601,0.1108636445510491,0.1021169893131362,0.1024161838232812,0.1082292843477826,0.1092405448134232,0.1068770312632299,0.11160182137763786,0.1073168967179791,0.0998923460451647,0.100331924803284,0.106718443796376,0.0875221020203114,0.09559835405427,0.1138148911691185,0.1119517314349712,0.1021429601920365,0.1026000298282205,0.1082736677047711,0.0965820208769195,0.0995767916898349,0.0999951680693835,0.1004223934490412,0.110294191808186,0.1044267848654954,0.1075560963257818,0.1074767378522865,0.1090411740706817
NEUROD1__exp8,0.127958640140063,0.1028042261314341,0.1450528621398151,0.1089760116471405,0.1104323119841918,0.114761501583558,0.0984637534029329,0.1060389792840697,0.1025596498003019,0.0871771878330562,0.1152306703217944,0.1292942565030946,0.1303773043149955,,,,,,,,,,,,,0.0711652458632181,0.070922901281536,0.0757619427606162,0.1477277758984315,0.0716019637658821,0.0778495043964348,0.0987895535544947,0.0763387410100394,0.0711652458632181,0.0711652458632181,0.4450470533625449,0.0920449226324369,0.2442779879442491,0.6247820651480948,0.1125517817288296,0.2018457324902423,0.1325290236902289,0.1106164884115228,0.0690756115312022,0.8596416743206479,0.0631709439120996,,0.2210580425432002,,0.0710860484296535,,0.1152305411607525,0.0763779613939713,0.8606598136086864,0.8525389786182612,0.9247113167455784,0.8576347078143858,0.4564019767496529,0.491231931256561,0.5200661914347318,0.5254058313323616,
NEUROD1__extend_61,0.0898151696185289,0.041845917319673,0.1317155264093669,0.0724280238708639,0.1701420505979647,0.0502264640079762,0.0575691522550491,0.1113495003426374,0.1788241424912806,,0.1233876480630255,0.0885220500228122,0.0954650022482913,,,,,,,,,,,,,0.0211066621080692,0.0279382777258681,0.0208209614427039,0.069321932685519,0.0211123567316952,0.0222654535662538,0.0255212019960531,,0.0211066621080692,0.0211066621080692,0.4093046411297678,,0.0528252998154931,,0.0560284378151164,0.2471098538674733,0.0218248450341215,0.0303219953715445,0.0203290333130584,0.197375135474297,0.0344115622849277,,0.0344115622849277,,0.0207046759542749,,0.0589084298796921,0.027013334723034,0.2505919084190537,0.2252423542014244,0.2357027344123107,0.207766770576691,0.3968763123506447,0.4496214546631997,0.4944920406222011,0.3064832291418743,0.5806230386878362
NEUROD1__pilot_14,0.1740582627965414,0.1325131793687747,0.1906568199982905,0.2069497052733473,0.1971669271062612,0.1167003090360971,0.1581065787874567,0.1155891573570002,0.2111318278048246,0.0892684251322267,0.141667967294567,0.1738799001921916,0.1766638860491547,,,,,,,,,,,,,0.0815168126399311,0.1274701046510619,0.0881240756804046,0.2134034994835004,0.0835585124003052,0.0813317397835337,0.107500133603402,0.0975798760722209,0.0815168126399311,0.0815168126399311,0.3664311684948728,,0.7118270978081571,,0.0995097044098828,0.3297565813158334,0.3180837637575899,0.103183366370054,0.0754392495380978,0.2275493694968842,0.0697269985189886,,0.0696315571414316,,0.0837416530910395,,0.1883250930623702,0.0985473521298915,0.1674244702122025,0.1635697010378193,0.2297951477965802,0.254109443618786,0.3871437293523453,0.379943325340648,0.3505829241695587,0.2442321752911062,0.7827672549990425
NEUROG1__extend_61,0.0585756319099068,0.0651872408876665,0.0650529738174814,0.0667587684283188,0.0636244858599395,0.0722738271414021,0.0988587476540012,0.0733784878687722,0.0487231226899589,,0.0502322077707553,0.0585858725310556,0.0598635743167367,,,,,,,,,,,,,,,,,,,,,,,,,0.1026547761916938,,0.0567746925295071,0.0607379588549908,,0.0495544074892108,0.0418043476937301,0.1372062774327321,,,,,,,0.0620758997746767,,0.0783713364857775,0.0784794699711471,0.137772210794735,0.1371855567002735,,,,,
NEUROG1__pilot_14,0.5066205295486386,0.2672599874670581,0.271434397747586,0.480793812998377,0.4580096529068259,0.3540147543081187,0.2716089739820406,0.3819942439058771,0.4021076477638449,0.2277593690774776,0.2127056120232868,0.5071370797625034,0.5077861419173922,,,,,,,,,,,,,,,,,,,,,,,,,0.3014178501318658,,0.3154398326380755,0.2881367243291388,,0.2959610953245408,0.2213307796690194,0.2845069145593523,,,,,,,0.4778636354035794,,0.2804486392077978,0.2902364426555121,0.2906982331779058,0.2937927594568326,,,,,
NEUROG2__exp8,0.0878077517707405,0.0638802814180893,0.0812805213756329,0.0831106575140272,0.0865080778268659,0.0760221441714584,0.0793421940407311,0.0780187468775858,0.080522532971624,0.0646971697373162,0.0664542364604411,0.0884321677796985,0.0882809694176132,,,,,,,,,,,,,,,,,,,,,,,,,0.0674509237875288,,0.0906049440170426,0.1102589183406277,,0.0800477348788022,0.0526081647540633,0.4150651801707843,,,,,,,0.0857648116665863,,0.7010548851023651,0.6927993014988402,0.6938023097592233,0.3937633915973136,,,,,
NFE2L2__PRJNA524331,0.2543277574220089,0.1722352509722864,0.20844206475187,0.2460543077210843,0.2688877103328123,0.1540382660238619,0.252049191385585,0.2401183133437487,0.230467296600845,0.1748610482959982,0.2499056927602906,0.2519783745541875,0.2551669014991714,0.3258651530073104,0.2123546758443186,0.3397359305797431,0.3130699786843889,0.1798717674192886,0.3174302323592695,0.1243154161612049,0.3407607268734062,0.168399927873869,0.2260490445855322,0.3225670545075801,0.3258651530073104,0.3044305119020011,0.1975034411888542,0.3265640879670151,0.3547822413623738,0.1946319473801198,0.3112767276851604,0.2507260772838869,0.1482071867947764,0.3044305119020011,0.3044305119020011,0.1480656324108489,0.1721392287654143,,0.1691789255412564,0.1896461038503119,0.1835163752916409,0.1499535633152682,0.2468393956084072,0.1677244359710369,0.3379438729287726,0.170115479646281,0.156923076809287,0.1602687140115163,,0.3061309745243504,0.2397440691817619,0.1915906488343954,0.2214446474560002,0.1889178553931051,0.2069261718321467,0.3268614390846434,0.3463406446745273,0.1465226387910098,0.1494531790852015,0.1514531467975859,0.1623128567462341,0.1456271129185747
NFYB__RPE1_essential,0.004557417099696,0.0109160241841511,0.0073262188052801,0.0050501304089578,0.0054611376276582,0.0095854236621102,0.0093074899301442,0.0098208741983042,0.0037542912722121,0.0050080859475292,0.0083741462482399,0.0045474724154872,0.0045815075187501,0.0179015379620063,0.012970894949522,0.0179729689710788,0.0192958485714042,0.0132473965166779,0.0213214221662115,0.0207990982947007,0.0090884813955163,0.0061609545598032,0.0180301753088023,0.0181379311730806,0.0179015379620063,0.2701795729733763,0.2323633578365977,0.133787666405887,0.1295122759685994,0.0485525475720641,0.1081960346868097,0.0083209319111127,0.0075958580458202,0.0035261752091448,0.2701795729733763,0.0062326869806094,0.0145416165901053,0.0265835812838598,0.0465014242026858,0.0112272894800127,0.0047643487361978,0.1084202588961975,0.0592312574748966,0.0109613842107153,0.0287714694990425,0.0041188793923699,0.0037248451578853,0.006286044726249,,0.2701907030872262,0.0208528481235079,0.0042892599323184,0.0540809377451255,0.0794163042940448,0.0428850314266605,0.0383926523333353,0.025596792952253,0.0061478488722874,0.0059063508237445,0.006982785008366,0.0101426784663393,0.012159767780004
NFYC__RPE1_essential,0.0126775555436231,0.0103475790010995,0.009407848107963,0.0132857802900042,0.0126581805386137,0.014298916172321,0.0107400786764635,0.0088195452829016,0.0158453536105903,0.0075277067077097,0.0086627524654759,0.0133846908467544,0.0126775555436231,0.0116555047832487,0.0093847026615358,0.011014388774897,0.0106408863525502,0.0135969522779067,0.0114554188169553,0.0121097632030745,0.0096289700499543,0.0077540225110216,0.0088405410165612,0.0111919821891529,0.0116555047832487,0.236174735271656,0.1363891536562716,0.1332059851744297,0.2301764526108036,0.0402501828008515,0.1485475279221748,0.0113718220294872,0.0188322017057202,0.0230107194288291,0.236174735271656,,0.014668693141708,0.0082638026828614,0.0140883764518191,0.0101977691021246,0.0086015176523011,0.0062398593797672,0.0809541910192781,0.0186201728781793,0.0214647382248502,,,0.0229802529030072,,0.2372938495161498,0.0107306664196998,0.0120073303815464,0.028137086724526,0.0099626766398094,0.0137530064845775,0.020023543365058,0.0203772673684482,,,,,0.009074513560065
NR2F2__CRISPRa,0.6211300600978332,0.2699823656392818,0.6468553626147009,0.5193373880822405,0.6053762716491731,0.3003482553072489,0.4179336588493243,0.3449003135037285,0.611087107756461,0.2910975273462634,0.1986627909523715,0.6236039040709379,0.596109778386076,0.3387742561038023,0.3046231389176332,0.3393400282483323,0.3251556248138312,0.3316604705446293,0.3220984597014988,0.2998417577627456,,0.2832749300833339,0.299966745612067,0.3387614699228206,0.3387742561038023,0.4194662477349286,0.4168655130385568,0.3629829723977676,0.3970916209602122,0.2626915387395406,0.3601878385704254,0.3038150649125442,0.2481953078487334,0.4194662477349286,0.4194662477349286,0.6604672990911085,0.7929884557041661,0.1727186512001861,0.4295592906447779,0.3404219530914173,0.5851344837535059,0.2795364495934527,0.3166545207861295,0.2386847866266961,0.4898765790340436,0.2860117132614604,,0.3860673639284497,,0.4179985732071992,0.3074945806768221,0.6579988315782149,0.4256467810115786,0.4197392182868544,0.4182069057293615,0.6422418556002134,0.5859944128469331,0.6761529893332412,0.7104489429499466,0.731824981698937,0.581337719533984,0.7103916502873648
NRF1__exp8,0.1398312464232491,0.1128458494080516,0.1116720970687832,0.1364050973419787,0.1397724377562973,0.1192925462724305,0.1350601743751097,0.136310605093267,0.1394413639540496,0.1121991877776456,0.1307538011853112,0.1417439013343651,0.1396774374078249,0.1342187238374572,0.1175194048845931,0.12524814844441,0.1301262036974113,0.1171306771253677,0.1297748710172951,0.1196690034566704,,0.1131320480174608,0.1341989586830579,0.1343104617289835,0.1342187238374572,0.1297434201027352,0.108799035748627,0.1238588437697668,0.1303026810353234,0.1185303470690734,0.1266511360029267,0.1390619955977166,0.1176657676466303,0.1297434201027352,0.1297434201027352,,0.0955659976466943,,0.1235254920804288,0.1124400881198003,0.1643232520537585,0.1382677405110119,0.1226738266607532,0.1072884103761449,0.1338969369422393,0.1133257858930501,0.1022847152539523,0.1188768868647772,,0.1324084250256225,0.119404427639548,0.1178803113751717,0.1221998783920428,0.1171343834128342,0.1264355525718031,0.1278799376460196,0.1324907074392132,,,,,
NRL__pilot_14,0.1256101300223391,0.092897077292418,0.1135328681716379,0.1150473444524884,0.1200488202669282,0.1267539246531873,0.1067426176391236,0.1093162525976041,0.0961035759748337,0.0910916598877133,0.0805735320791416,0.1250452908165841,0.1256101300223391,,,,,,,,,,,,,0.0760707671607147,0.0778930247828154,0.0737374351183637,0.0744533387849483,0.0755381839626608,0.0754996476965767,0.0814397112946303,0.0696008276044528,0.0760707671607147,0.0760707671607147,,0.1294361428516127,0.0989194431269542,0.0964236333309234,0.0840152147922737,0.0993233296238543,0.0827050038302337,0.0738639861740786,0.0704811177152793,0.118282960178392,0.0903978098022908,,0.1123707245935607,,0.0758924868043457,,0.1213121213019402,0.0849758952171393,0.0919496552997046,0.1011459195425375,0.1257338184435458,0.1273829363425144,,,,,
ONECUT1__extend_61,0.155939431458791,0.0705627229252916,0.1230681677665385,0.1170730382710917,0.1479048932683425,0.1092322229334058,0.0956163125810287,0.0654801995901328,0.1096635675079529,,0.0546358018313759,0.1552928954378541,0.1557818227833113,,,,,,,,,,,,,0.0685621414013628,0.1134632175461434,0.0529283130359087,0.0832090416010623,0.0525550625726598,0.0536608236537958,0.0820760242719775,,0.0685621414013628,0.0685621414013628,,0.056653150676084,0.5439270312599626,0.093903058806671,0.0881281785227184,0.1062715737216431,0.0587700450671017,0.0648735421290448,0.052494067406396,0.4127254920732933,0.07625186225156,,0.1070881750039284,,0.0679728783069137,,0.1079047849916926,0.0685468657180641,0.5092356724761482,0.5003040495289087,0.442835939128654,0.3961211731139593,,,,,
OSR2__PRJNA551220,,0.0649989505566187,,,,,,,,,,,,,,,,,,,,,,,,0.1053362923808352,0.1082955450389292,0.0755723749667747,0.1098162003656399,0.0633736593179369,0.0753366125893463,0.0756667718349009,0.0643870983435507,0.1053354208218718,0.1053362923808352,,0.4783881369500806,0.2076549585558063,0.373001817250334,,,,0.0984537352733344,0.0627845526013414,0.8105704353643005,,,0.1719056974488414,,0.1045916758531042,,,0.0781581804287983,0.8746176053881906,0.8695794495915031,0.9089348824161788,0.834798913797658,,,,,0.0857855188075674
OTX2__extend_61,0.040900467709935,0.0305916591662202,0.0359102098378425,0.0399190084622698,0.0372848636327742,0.0333378315504284,0.0592558899516589,0.033639288182802,0.0344445177939098,,0.0322771898729688,0.041950746717825,0.0402130775059352,0.0403373642538926,0.0298580025903109,0.0425455184738424,0.040518872023663,0.0473365139265981,0.044358240231661,0.0317332749500862,,,0.0279827055489048,0.0405417681969792,0.0403373642538926,0.0531661151526696,0.1171169513358372,0.0459757553641233,0.0428632966514466,0.0319140383666988,0.0459206348766405,0.0330073246186427,,0.0531661151526696,0.0531661151526696,,0.044956713659181,0.0210428574136565,0.0213034570471678,0.0334937442334584,0.0535457427337088,0.0486626508487846,0.0292735258040917,0.0318350003212395,0.0582986167574973,0.0459188203909755,,0.0378893705604439,,0.051157426136583,0.0309219433694601,0.0397589991322266,0.0658614473556068,0.0381940045371998,0.0388274197702896,0.055070585326219,0.0542844573551134,,,,,
OTX2__pilot_14,0.2171661043049011,0.244564092142669,0.2000201249879861,0.2149832581772924,0.2122983123236913,0.1862450888412544,0.2109904018813503,0.2333248534432105,0.2061533058484427,0.2222384518289787,0.2125353311400163,0.2184815680641052,0.2151345908160749,0.2284587670580323,0.2180867518132084,0.2347824207298645,0.2267251841228829,0.2023428315309757,0.2313989531190152,0.2286415078610413,,0.2196923076923077,0.2273818187081124,0.2292873166201194,0.2284587670580323,0.2936296118434732,0.2579393950837377,0.2932248192484251,0.2660517056770469,0.2598064447878117,0.2985099099897482,0.2405579695090555,0.2428666143096662,0.2936296118434732,0.2936296118434732,,0.2382525711326417,0.2495610123620465,0.2762542901951467,0.207686988552605,0.2080664677229864,0.2389330806031734,0.2833372149602393,0.3003416580044682,0.284571341294814,0.2193234216763628,,0.2574044102293204,,0.2931256984025506,0.2220615191225877,0.2258894805267858,0.282294829205719,0.2475039257768466,0.294339189068046,0.2755403180573968,0.2753243564453097,,,,,
PAX7__extend_61,0.0422553793686125,0.0317839097972283,0.0469975911798088,0.0308470572875032,0.0369387680705692,0.0567120299260378,0.028606807697971,0.03403876413204,0.0308097074308532,,0.0428673052623237,0.0416047968246216,0.0422553793686125,,,,,,,,,,,,,0.0354346676668657,0.0408951473560622,0.0367213840441036,0.045280178840842,0.0286750038952421,0.0329438955495593,0.0485261043654073,,0.0354346676668657,0.0354346676668657,,,,,0.0631516368161567,0.0992934810219384,0.0503487694804485,0.0384131449406496,0.0183984779900375,0.0661386187881097,0.0789045575252878,,0.0427201001003787,,0.0357986168675112,,0.0397764898078321,0.0370040299036057,0.068092679603487,0.0655345431416033,0.0984910837876245,0.0791518039271126,,,,,
PCBP1__K562_essential,,0.0103731683671209,,,,,,,,,,,,,,,,,,,,,,,,0.0109599491816266,0.0116546979040585,0.0101609157674461,0.0099545846047247,0.0088795037654142,0.0108410583946174,0.0130879585224642,0.0094286960002733,0.0109599491816266,0.0109599491816266,,0.0099850583818753,,0.0094856021486523,,,0.0107293132392997,0.0078685291737153,0.0083162159119281,0.009882570982815,,,0.0086367013372956,0.0094677139727889,0.0110183904644865,,,0.0114270160760788,0.0076933751117893,0.0083210178143632,0.0118255360064601,0.0106829418214112,,,,,
PCBP1__RPE1_essential,,0.0147622937559656,,,,,,,,,,,,,,,,,,,,,,,,0.0207155615252471,0.0201090279538158,0.0187463619883748,0.0211160708833741,0.0215863879506643,0.022343284703631,0.0151335481082997,0.0180421040525819,0.0207155615252471,0.0207155615252471,,0.0120508672368875,,0.0216308663576492,,,0.020506189036104,0.0297576498495129,0.0165485226388633,0.036520721463408,,,0.018000686077265,,0.0207248690739014,,,0.0198867738820214,0.0255966660323922,0.026814616310183,0.0434189062944811,0.0372226897030834,,,,,
POU1F1__extend_61,0.0578493194583679,0.023138182314383,0.03958888672902,0.0861234344640893,0.0563982172101465,0.0234667493359805,0.0346244709062717,0.024244203135992,0.0411706159355577,,0.0578969259872117,0.0559031954077476,0.0578493194583679,0.396406484828708,0.2344313191282144,0.4065828554863921,0.413275881340504,0.0756339719931752,0.0901957498299813,0.2696292197492407,,,0.0154056332204973,0.3943514273016667,0.396406484828708,,,,,,,,,,,,0.0264338059423988,0.0460426397498038,0.0293515683744408,0.0225460678991033,0.413424468080233,,0.0388703015520012,0.0246232239725674,0.6070062932617112,0.019342329818728,,,,,0.3407669182182494,0.0527984649471976,,0.6100828047863804,0.6937509112314456,0.6349753187082322,0.5139779947895311,,,,,0.0243393602225312
POU3F2__PRJNA551220,0.0803472824960691,0.0242076389917787,0.0583580816185662,0.0573037596130891,0.0782366845047212,0.0296713666221991,0.0383037846033557,0.0249157638397286,0.1713976526303554,0.0235988170778032,0.0162626630792228,0.080592695472339,0.0807820152992813,0.0229600278940982,0.0232084128960947,0.0239259801411625,0.0233314637210166,0.0256326529680622,0.0231049553651109,0.0232603574131394,,0.0224136897462936,0.0221291229901286,0.0229991546905876,0.0229600278940982,0.0211697478855019,0.0303402129142101,0.0199009160431976,0.0224015783741535,0.0215290399565678,0.0184429667918759,0.0210795157944284,0.0240571592536523,0.0211697478855019,0.0211697478855019,0.0668871599264558,0.0428510094192093,0.0315801016636769,0.0339494913268185,,,,0.034638540240318,0.0146582797598043,0.316823533384196,0.0278270295512235,,0.0229090303232255,,0.0212560922189791,0.0224756857676917,0.106600378402447,0.030371336136207,0.3197354623160709,0.4600814973699014,0.4165319150211032,0.2961854367738369,0.0334279989417055,0.0326637255737648,0.1096167793200486,0.0401623388769114,0.0818617387455332
POU4F1__CRISPRa,0.2389719305179644,0.1092438857514726,0.1499995183508669,0.2271994612325497,0.2215386591678219,0.0956827773250621,0.2101680066082508,0.1185045733833668,0.173572010295073,0.1094430462851515,0.2322365128483461,0.2399912590000757,0.238392498651654,,,,,,,,,,,,,,,,,,,,,,,,0.1737562898644437,0.1477463049577951,0.1223184797587393,0.1450216253474488,0.32960072828866,,0.148212914876216,0.1279772171953044,0.1334443509947356,0.2079658123107979,,,,,,0.2248017291645655,,0.1347577312875347,0.1430104984546238,0.1362632044395637,0.1239427670741412,,,,,0.1739600202039577
PRDM1__PRJNA551220,0.0434106083741183,0.0228519759158315,0.031648329948225,0.0393933197616984,0.0476333648825007,0.0204822171703094,0.0273689976654556,0.0314924738743885,0.0285742416934936,0.0230239115130318,0.0248355097249654,0.0435274622437069,0.0536921859955922,0.0205208182955978,0.0257417038096727,0.0180864705044968,0.023077864787121,0.0775384214600183,0.0188307840768504,0.0406695096420184,,0.0220128408238138,0.0206576803496437,0.0208526883157261,0.0205208182955978,0.013886897809506,0.0184510124492847,0.0136331031522553,0.0189762236065928,0.0163282162780377,0.0134368046645466,0.0262569251148146,0.0176423751489836,0.013886897809506,0.013886897809506,,0.0329768989433108,0.0133916334759914,0.072722603447764,,,,0.0201180516145573,0.0124647126067585,0.2016349991342658,,,0.0520938262840945,,0.0138329629911237,0.0236390843757151,0.0330675654962993,0.0155013441724286,0.2247406990674043,0.2199579062558284,0.2176990210020736,0.1944592005927745,,,,,
PRDM4__RPE1_essential,0.0042010153842189,0.0071097871941034,0.0047701647875108,0.0041723576104018,0.0043340171305812,0.0037839851498454,0.0043928712977949,0.0061553976707738,0.0040047833427715,0.0047660311958405,0.0064687210523525,0.0042948777644677,0.0042010153842189,,,,,,,,,,,,,0.0049134156563882,0.0061115250242756,0.0049790366091063,0.0051901438889959,0.0047200519990778,0.0054002970154382,0.005104054036222,0.0056264766850598,0.0045975408916281,0.0049134156563882,,0.0072818166815411,,0.0052504939340259,0.0053147687396237,0.005467202002418,0.004772347459077,0.0045129801514534,0.0045049781001125,0.0051377619007206,,,0.0046078958911995,,0.0048939762037783,,,0.0049242485735515,0.0047516131187308,0.0046891589253989,0.0054541242311342,0.0051416718870911,,,,,
RHOXF2__PRJNA551220,,0.0235876695294275,,,,,,,,,,,,,,,,,,,,,,,,,,,,,,,,,,,0.0633129270988164,,0.0139163043700321,,,,0.0296545194108318,0.01407441928535,0.0302577223302369,,,,,,,,,0.0415640561934159,0.0346728231673583,0.0415294390633402,0.0322561347599175,,,,,
RREB1__PRJNA524331,0.3760027522150315,0.3924112028906821,0.3764610610394069,0.3774414329608666,0.3805580549376731,0.3756291056774665,0.3744314323876992,0.371189632451422,0.3824453117325117,0.3767942912035131,0.3655339875053499,0.3763293110327879,0.3741616038766574,,,,,,,,,,,,,0.3627011059286085,0.3681187098984561,0.3145004486634523,0.3486643091382567,0.3491203483634015,0.360692044609305,0.4089931754615596,0.3829451034240714,0.3627011059286085,0.3627011059286085,,0.4576212484088992,0.4707930802145137,0.4394821448895643,0.4094013835324777,0.3562790854955415,0.3025787096080793,0.377295427539268,0.4153064286172664,0.4094456312648854,,,0.3761077237420036,,0.362818448908432,,0.3717075566126431,0.3802346794147609,0.3855607937970373,0.3832808211932283,0.41834449784093,0.4151828265823344,,,,,0.3816631016293744
RREB1__PRJNA551220,0.0069251272500629,0.0129104003468933,0.0226156185722539,0.008658314748049,0.0078464114139139,0.035291960480176,0.0155266083200635,0.0446176249108297,0.007353369199077,0.0128766200976266,0.114855500739325,0.0069308421755185,0.0069500098412771,,,,,,,,,,,,,0.0104342657226726,0.0163772612402841,0.0137644802104101,0.0122177631185922,0.0123290111806947,0.009557756653167,0.0133085011184577,0.0106722206888915,0.0104342657226726,0.0104342657226726,0.3363939887411389,0.0281906457828576,0.0084729916672025,0.0132246444927621,,,,0.0206389913795392,0.0085906135841261,0.0160731299578464,,,0.1130530074910034,,0.0103827025583544,,0.0117404395252535,0.0103092318290633,0.0314248019881328,0.0279470057769221,0.0251254350073919,0.0182450780379651,0.289077993154845,0.2956834379068375,0.2723140362970563,0.1148201958449088,0.1844582155803558
SMAD2__PRJNA524331,0.5998721573997583,0.5992774466845325,0.4720420125169861,0.6244487389570068,0.5931834254828224,0.553978481316464,0.5728241451711359,0.5638003687973492,0.6675490697457118,0.520760531087013,0.4879119187125138,0.5983248521913698,0.6109450588212332,0.4518537686225129,0.4298052372071426,0.4918507628207409,0.4690283498003521,0.5381336292350516,0.5099923614645225,0.546062279256039,0.4984875865788261,0.5741056432528018,0.6393576969307028,0.4541404137110963,0.4518537686225129,0.9318138626908828,0.9204134364332626,0.9458087156779296,0.955743252523552,0.6499945601351473,0.8704749791415768,0.94726094990075,0.5810126813931267,0.9318138626908828,0.9318138626908828,,0.9763709261260924,0.5628854201823453,0.9713526440024182,,0.8258773039838211,0.6351201935909122,0.476838488820316,0.592635961578718,0.9566850326180234,0.6988691661285897,0.8686971994098298,0.991792715935713,,0.9358820275481616,0.4816012899214413,0.6951910498275095,0.8539779683170212,0.7158534270610353,0.8262409329730432,0.962643801572256,0.9594986572818304,,,,,
SMAD4__PRJNA524331,0.0721168996790236,0.1344907835363927,0.066638703187126,0.0795687700926408,0.0714801232269175,0.1079551055528048,0.0696140675361767,0.1181892423350736,0.0994536275800551,0.0821395784731767,0.066168298013372,0.0720642373405678,0.0734802838809625,0.0786837023928408,0.0716944978989334,0.0958299946210131,0.0813634293400046,0.1117856338292695,0.1083300437409037,0.0891760379214392,0.1258283009700046,0.1255287802372625,0.1191473693491091,0.078862352930964,0.0786837023928408,0.2052611262887796,0.1855004746387428,0.2047856902772634,0.2182355621334636,0.1033041788525353,0.1897344133856123,0.1302491223483207,0.1538750032163875,0.2052611262887796,0.2052611262887796,0.117787900486035,0.1365939086590862,,0.1758919082634408,0.1287224331859556,0.0660376000117632,0.1621509096064521,0.1478466878648551,0.1149421291602254,0.2153218111334847,0.0602277140300522,0.1099689192317866,0.4826798370492448,,0.2073619924201131,0.0779149763839954,0.1401333936328691,0.1845790010032007,0.1293048508544722,0.1403548463148597,0.227194318216478,0.2214555153148489,0.1175060725974123,0.1151431588684343,0.1293572234492138,0.1222416961498272,0.115353059475734
SNAI1__PRJNA551220,0.0579456155640687,0.0287527542752268,0.0468726914927334,0.0360245185865107,0.0566004235973835,0.0292920535258193,0.0339661366952574,0.0266723888817436,0.0591901179578639,0.0465980763416574,0.0296323046170237,0.0584844939480209,0.0615532629706381,0.0444986192787633,0.0306949438753104,0.0536556183266276,0.0371904101611025,0.0339133063024321,0.0353610312618836,0.0270460772325783,,0.0291259453675139,0.0420479119229657,0.0450753103030262,0.0444986192787633,0.0214557489310383,0.0230494995533727,0.0258810219481442,0.0235120854804987,0.0287082301289568,0.0210289083279282,0.0290261710587113,0.0285912011176287,0.0214557489310383,0.0214557489310383,,0.0481166798625061,0.0487494726249178,0.0690799007171758,,,,0.0232925110881651,0.0208857534201734,0.0782039748762293,0.0294580057923045,0.0329989140715373,0.1035092472415429,,0.0214551945826797,0.034171790445495,0.0370203101305519,0.0237882212485779,0.0483535573433015,0.0514033762686162,0.0907150972745628,0.0811885117673927,,,,,
SNAI1__pilot,0.1863169742776852,0.1848528186380207,0.2195839655465706,0.1842476157526671,0.1825163310159707,0.1852809015273379,0.2046880156506524,0.1926807777913792,0.1726080860735463,0.1851245523095122,0.2010243744523877,0.1859352371862961,0.1844095407617255,0.1975508297623824,0.188244099604902,0.1970101986817326,0.1933462466525562,0.1627406443651243,0.1987703477739926,0.1882547397302042,,0.1847926267281106,0.1909961321596635,0.1981170806219627,0.1975508297623824,0.1945139916709255,0.2014004747797002,0.1843838958472222,0.1923229738165886,0.1782972577082759,0.1905360580062804,0.1909847402726875,0.1911446893497999,0.1973093536932202,0.1945139916709255,,0.1702444975329556,0.202643578290651,0.1813316971207628,0.1919025150452369,0.183682419883087,0.1892512245155273,0.17309672938662,0.199682901663492,0.1878649221588982,0.1815556856148988,,0.1849630996309963,0.1866167856499251,0.1939534793566945,0.1848389067802732,0.1850454543138901,0.2031212878575211,0.182111185596093,0.1843283837838994,0.2063068096462946,0.1880593484359441,,,,,
SNAI2__pilot_14,0.430532242360179,0.3151602180025781,0.3608066499977537,0.4363754114620325,0.4745825534378344,0.3412865745329744,0.2918046026671163,0.3213507597017285,0.3924258831958593,0.3082378614293508,0.353960792396348,0.4283320879746347,0.4023393437834031,0.2477057243324461,0.2878740776768298,0.245664636286007,0.2549383338005577,0.3353942682857196,0.2520226246661651,0.292947170335009,,0.3082378614293508,0.2476272168146649,0.2476793199361435,0.2477057243324461,0.1880930445507262,0.2119782238185487,0.1928330393289271,0.1869779242692541,0.296396147405584,0.1943566043832921,0.2743032832719972,0.2456801840217967,0.1964331099386634,0.1880930445507262,,0.5807273341364003,0.3515742446732955,0.4165131914582048,0.3602136545381244,0.3007280917490758,0.1861260744561491,0.2234224635352972,0.2722472870244534,0.4335318212474693,,0.2205948992298859,0.2454146664235411,,0.1880827896817049,0.2776340443115243,0.5136672840591178,0.2183275076924576,0.3949535621081572,0.39535392105511,0.4421438367595026,0.4394647947116363,,,,,0.3769273861145914
SOX11__PRJNA524331,0.4410252531680801,0.2389861476780221,0.4227062579952793,0.3930236785684025,0.4531778174061504,0.3032471154442442,0.468430669438002,0.2778257905631984,0.4329944357577154,0.2503044311953368,0.356104613629284,0.4411355323637208,0.443981667284732,,,,,,,,,,,,,0.3000647643290995,0.2680700377391301,0.2978873815028167,0.3019440415021587,0.2787475802510486,0.3083040498322961,0.231208923433125,0.2514970059880239,0.2795124089660777,0.3000647643290995,,0.222985566830753,,0.2192728251531331,0.2622291638763919,0.277369670733416,0.2887330831167474,0.29469655141768,0.2251286773968235,0.3201368139468389,,,,,0.2993390233902098,,0.4113599699403287,0.271540007691641,0.2489201426917544,0.2559206158624217,0.3071814831050557,0.3276836291330108,,,,,
SOX17__PRJNA524331,0.574302172461421,0.4494178479672902,0.566181311139912,0.5361734889958379,0.5576697470675832,0.4473621470939698,0.5344261527720247,0.3520566092776179,0.4658539576060685,0.4053082238590438,0.5775774856046327,0.5731916726272139,0.5550823054647822,0.4775206660465717,0.4422010721933506,0.5006994945553391,0.4634096735668702,0.3326086279082099,0.4607068701167575,0.4437063607592155,0.4706971051498247,0.4340232858990944,0.4782289164415754,0.4790388338174707,0.4775206660465717,0.585923198594041,0.6743049927988938,0.5422823933313436,0.6306442577146888,0.3943455388865686,0.6011585621434022,0.4648713764928546,0.4236851592899321,0.583968521378559,0.585923198594041,,0.9419314552579622,,0.8396681070676381,0.6610748476043994,0.4841665487952471,0.8894176577549302,0.5857618812799781,0.6014401870461723,0.958536178329386,,,0.7453461518717291,,0.5791157056254674,0.4664466422761855,0.5011447375964218,0.6465756999772548,0.9677726470054152,0.9643383051287526,0.9699592764202214,0.9600139153134714,,,,,0.9634426157368634
SOX5__CRISPRa,0.1498394698287369,0.2208586869039592,0.2477000372789906,0.1567130872264959,0.1612937262158508,0.2887796634220714,0.3014619492068399,0.4564384116837134,0.1738870604449078,0.1988022465368743,0.5883657619606266,0.1504599787952062,0.1559467866515073,,,,,,,,,,,,,0.2383961994115036,0.2585732501588458,0.1893575723717659,0.2022486051467231,0.1662454575917701,0.1960159950739297,0.1966506852251027,0.1673035081950604,0.2383902938531921,0.2383961994115036,,0.7266684955602918,,0.112428663201227,0.3030074748573687,0.2222635696330396,0.3622292266694944,0.1566894318243887,0.1286118395310622,0.3102401920388034,,,0.6004631409871788,,0.2317344740297312,,0.1701907578131084,0.1992434145162248,0.5048009242556155,0.4624134335217588,0.7489807453717956,0.7106872425764029,,,,,
SP1__PRJNA524331,0.3241878002526748,0.2465161492123514,0.3458536970136275,0.2987606328813676,0.3306002684783097,0.2617422980643334,0.2996891873883214,0.2302349863960862,0.3087340896470044,0.250901226757151,0.313773243227763,0.3201127170123287,0.3270799609954699,0.2960618364155909,0.2898313539407451,0.3493308618849847,0.3273063473133907,0.25139495359231,0.2883399810956793,0.2505342559289361,0.2949390985237866,0.2368203150059828,0.2960618364155909,0.2933008254645587,0.2960618364155909,0.2030092176573308,0.1884520943215686,0.2322464121541091,0.2023840794533019,0.2215143287752707,0.2158602079962086,0.2142527591260567,0.2247656416336877,0.2030092176573308,0.2030092176573308,0.2407395589222485,0.2324145669242102,0.2410841961403276,0.2507519084889305,0.4113628662349647,0.2725288711147054,0.2354325149376777,0.2592191177461536,0.2792622849782996,0.2924262045603411,0.3259374698819843,0.236715601550426,0.2011591982931139,,0.2039424631634794,0.2973460131899037,0.3426035000145411,0.2258784493223158,0.2399085783620735,0.2429565284199195,0.2821300538541151,0.2536322963495653,0.2406699879454766,0.2444714366338292,0.2838529910342543,0.2606683021059761,0.2614907632812369
SP1__RPE1_essential,0.0171867369107215,0.0129984389596337,0.0193652413506584,0.0158068746709044,0.0168526637848096,0.015918650015713,0.0176603357061889,0.0203097316726229,0.0153448823904675,0.0128907133725867,0.0180716106580757,0.0172913218894142,0.0173789479049624,0.0173907967069512,0.0182685806368188,0.0178700954452468,0.0167729790441555,0.0151383502032397,0.0158585658454381,0.0190343779947008,0.0164621130826156,0.01225967964331,0.0173907967069512,0.017231560719147,0.0173907967069512,0.0123679134337791,0.0149001715235365,0.0137097170407622,0.0120522085486513,0.0126535825009491,0.0121151576255165,0.0127000114378684,0.0141146462624068,0.0122349811106422,0.0123679134337791,,0.0125822162008835,0.0160958379535462,0.0124491113832667,0.0197193261563177,0.0177784842087885,0.0178788218429702,0.0213313264252679,0.0140330746434285,,0.0142761298779619,0.0131872935673365,0.0120505302150475,,0.0123962893176745,0.017841066650656,0.0150639800395915,0.0142870751357437,,,,,,,,,0.0157319474809077
SP2__K562_essential,0.0058502368995408,0.0054067017211345,0.0065313219345998,0.0061730135612018,0.0057799377131882,0.006021989700009,0.0108120956965248,0.0067430873453538,0.0061665069352738,0.0061276404000404,0.0079637752543348,0.0058715031251278,0.0058828140365689,0.0057714606775206,0.0060598930682352,0.0057324809265616,0.0063040919992343,0.0066764907591773,0.005944890629062,0.0073187957507875,,0.0064126394052044,0.0052301506166349,0.0058030954464963,0.0057714606775206,0.0258478217953628,0.009793521763307,0.0234051345969231,0.0274358334519429,0.0090244033443537,0.0333725680700526,0.0082896723834892,0.0081153500473278,0.0196113190145788,0.0258478217953628,0.0062254338348184,0.0051884251337185,0.0072004994443302,0.0052397100867847,0.0060703560033326,0.0071662804218145,0.0091736887148891,0.0083466825822395,0.0059970838254046,0.0068102580673555,0.0064233848445354,,0.0059175280445549,0.010959673430304,0.0258885129863445,,0.0061464208383578,0.0118855828222464,0.0079326689389009,0.0088973765074684,0.0073242722169672,0.0067574086325698,0.006353648092207,0.0058030848723178,0.0068707785310659,0.0079027933191298,0.008232780570091
SPI1__PRJNA551220,0.3424615021971289,0.0437634221713486,0.2487223330203759,0.1913058241159717,0.3795612087035699,0.041674173765127,0.09985092941216,0.0720124896984722,0.3486553889532679,0.040303209105749,0.2304875639521738,0.3409364017422421,0.3680820352087839,0.4972905074217884,0.3768878115973474,0.3774496495754175,0.3501819362140402,0.0384334423792776,0.2734620505533779,0.065835959069761,,0.0524682091144554,0.4964252437098545,0.4971802754525681,0.4972905074217884,0.4002483933172238,0.408855548855009,0.3463559541108061,0.4740152952106579,0.0416185370714384,0.1413046886123498,0.0597321194836344,0.0352029349079516,0.4002483933172238,0.4002483933172238,0.7176987003206213,0.1185307362304798,,0.279755989976819,,,,0.5742765085301131,0.0240798784546236,0.4058184717658999,0.4124373865264213,0.6723886735796849,0.6596328092645788,,0.3977631133020261,0.3336111082497903,0.0945234004725537,0.2626834600843042,0.6632960014838007,0.5852814290804617,0.6845456803431362,0.4328677841586402,0.5045435469071954,0.4404495175901008,0.7139855959280257,,0.6665712245596038
SPI1__exp8,0.3523816150630108,0.0703826499201014,0.2962441473561719,0.2559709014399681,0.3864537901292943,0.0632760885274975,0.1827778745091951,0.1066845944586162,0.293628063767979,0.1501956798903978,0.2822056164240071,0.3514954292704206,0.3664216944021323,0.5152488701638346,0.4113789722559214,0.4336618108297467,0.409937581244767,0.057301068123187,0.3225631261006237,0.0622485771371581,,0.1669068931492897,0.5115503910088086,0.5158930970366745,0.5152488701638346,0.3717802283557621,0.3417408077327199,0.3221579851163614,0.4200851385419789,0.0628778010030156,0.1695337165021878,0.1765527006035133,0.0529581792474184,0.3717802283557621,0.3717802283557621,0.7702151414962503,0.0950056963032337,,0.2094085848692364,0.6818383382229987,0.7357286496478148,0.0401744134894163,0.5697907316214925,0.0401646624347572,0.3103921431549925,0.3324719996990987,0.5555822539706409,0.5531880968263707,,0.381867103489212,0.3685078676742964,0.1374672242518177,0.3179918273211188,0.4364767515686606,0.4377232140391754,0.4241487321639401,0.3355576853792685,0.5613856550699015,0.5497973820992691,0.8205871670530241,0.8160617900758147,0.7969688785315674
SPI1__pilot,0.3065598913015624,0.282426112128289,0.3295830668161665,0.2886769234945998,0.3053946534475635,0.2712683146547121,0.2971937384494872,0.2901966527356662,0.3115525791290565,0.2762832153173313,0.3049105273930289,0.3071926625728611,0.3097099065689818,0.3591995067725125,0.3039132815362608,0.3491397531763718,0.3471733862483592,0.2560686240031448,0.3428063412915948,0.2763620375127432,,0.2713442600357721,0.3626091920918791,0.3580480947653756,0.3591995067725125,0.3270808701144119,0.3014038561941279,0.2995149476144441,0.3211015557244843,0.2819516009249427,0.3261401686262377,0.2909693752732937,0.2743526857073046,0.3270808701144119,0.3270808701144119,0.3604980556759948,0.5967712742348285,,0.3175923753002048,0.3348352272491218,0.3419512150423848,0.3510364653361824,0.3128099731541564,0.2765499923499985,0.2498101312065615,0.2355476200414558,0.4354265417905007,0.2539058481907631,0.3259763643799857,0.330820387433694,0.3023484647938422,0.2558291107978798,0.3043063200393134,0.2539077941216017,0.2444302293772202,0.2582821331807713,0.2575141335174441,0.315367592112189,0.338291185612774,0.4765943942950935,0.4575050436987468,0.5067989815659366
SREBF2__exp10,0.4953702796080497,0.1190672546554307,0.6252917752797048,0.2545694217445823,0.4735797916185583,0.1060438634489545,0.3938781293848863,0.2485545582860145,0.3657789604889921,0.1640974971278253,0.495534878973474,0.4886374393573446,0.4974170531144405,0.5615127397355798,0.6867567160137116,0.3792974909128242,0.5382264948472222,0.1107672980804967,0.4603913006855697,0.202292771275201,,0.1640974971278253,0.5615127397355798,0.5679701808293705,0.5615127397355798,0.2900910690276786,0.5380313730249201,0.1844395413737959,0.2523793508498702,0.1166683481965357,0.2156432807637125,0.1203095076142213,0.142435269450604,0.2900910690276786,0.2900910690276786,0.0920891435495209,0.0924899461358165,0.10271110701324,0.1056118458878708,0.1751796576422261,0.4822686379822362,0.4503647940003057,0.1320901217280733,0.1347064798175548,0.1315905760335862,0.101775147928994,0.101775147928994,0.1354997035565759,0.2046132250104636,0.2958734174591829,0.4344328577638957,0.3290586884852524,0.1818413359246049,0.1029940119760479,0.127467124228464,0.1313020766624567,0.1322081975043331,0.1031593876378982,0.124825100504536,0.1016742812237443,0.1014607091365069,0.0964402746863995
SRF__RPE1_essential,0.2082047592496075,0.0083162839850727,0.1853221355656913,0.0490008443370522,0.2673913815847468,0.0306049066411157,0.0425927229507723,0.1946333667757226,0.1687252302629344,0.0083536353712002,0.1767497363965292,0.2074188976340424,0.2068935430169166,0.0358850755180001,0.0219570769280182,0.0358208142678747,0.0374574899304005,0.0129551975631948,0.0215918778594438,0.026199574113456,0.0905057788934352,0.0078610919143054,0.0359011428639541,0.0361947401658394,0.0358850755180001,0.0642483693626172,0.1095716255458616,0.015334019625562,0.0583633344240122,0.0155609591066116,0.0380297555643414,0.0341404931935063,0.0076990151981139,0.0642483693626172,0.0642483693626172,,0.0053174148920279,0.0504439781287311,0.0050648807343768,0.0113055929474071,0.4610933646586272,0.1179099535482829,0.0266170369252967,0.0055070827517337,0.0101549556934683,0.0088965846495639,0.0082831804023527,0.0316984288915438,,0.061218400860701,0.0339603828277042,0.0172784216306244,0.0207452690890482,0.0202207168633752,0.0286512491118004,0.0126640756208017,0.0080880826347249,,,,,0.00711371577361
TBX21__exp8,0.0511404635918902,0.0321817953762559,0.0495333713609473,0.0454219121947218,0.0500511334090678,0.0382661568302554,0.0435015510526852,0.0365787152032955,0.053475804231201,0.0362954569372916,0.0317325597719449,0.0510713073858682,0.0530810119056731,0.0429055121748853,0.0462903357002131,0.0419270746556,0.0538721105507349,0.076519378377146,0.046729580309324,0.0611327465276961,,0.0333068992862807,0.0434316701729086,0.0439134867097413,0.0429055121748853,0.0240999822331706,0.0323876040481452,0.0282655704203476,0.0359586324891925,0.023395074417748,0.023568786036776,0.0351871389174945,0.0378614846888994,0.0240999822331706,0.0240999822331706,,,,,0.0365585992339694,0.1441036363438688,0.0341455319662225,0.0527129010009582,0.0240872417863513,0.4729020630973785,0.0374535869138457,,0.1028227063269246,,0.0237211962986654,0.0386666992807275,0.0485750289161092,0.0302515553326232,0.9625205326178016,0.8866757502544828,0.934956016108276,0.484084245523025,,,,,
TBX2__PRJNA551220,0.0876196365569046,0.0545062432445313,0.0786450228889845,0.0950354466178273,0.0846903611304848,0.0503743493352334,0.065405958919116,0.0509951311165406,0.0636687665992776,0.0489555989023704,0.0521364071714504,0.0872476748508083,0.0912792588717972,,,,,,,,,,,,,0.0397186060706892,0.0404160268122173,0.0551988585132253,0.0463917364084321,0.043510400518957,0.0396971426174649,0.0510152840112321,0.044555290068914,0.0397186060706892,0.0397186060706892,0.2955721085355534,0.0564472666128479,0.0445056827905999,0.0650433762666903,,,,0.065093448030264,0.0403159384807128,0.6139290207607064,,,0.0810789938673084,,0.0388866961072257,,0.0532893360074536,0.0423315180394486,0.919806962749671,0.8732044958786447,0.8640255994753431,0.6150511211889628,0.3351087703335598,0.3999514111374636,0.3848299512404329,0.3813474525528149,0.9658749732267088
TBX3__PRJNA551220,0.0341498377262878,0.0491575589405228,0.0560808414011213,0.0351474370904784,0.0393878495413276,0.0690664206804267,0.0694054664156548,0.0431624665996731,0.0334959623110392,0.0450422327136526,0.0343142374200764,0.034084980861716,0.0450542528351079,,,,,,,,,,,,,0.0346080768254201,0.0392492038968004,0.0392838776561701,0.0377594230041731,0.0444633205072031,0.035399759269763,0.0464617750054109,0.0486695908475184,0.0346080768254201,0.0346080768254201,,0.105890542570251,0.1900339485273932,0.3972727518257463,,,,0.0448306099548422,0.0373997293435231,0.6787961502217353,,,0.0418491738254843,,0.0345356419126115,,0.0470425739356516,0.0395579463024993,0.9672468285282732,0.9463823681128748,0.9486468317525248,0.6392730367944182,,,,,
TBX5__extend_61,0.0790773434934427,0.1133202136604482,0.0753248942889952,0.0757832753983364,0.0790157245554328,0.0884302392535618,0.0753916797169842,0.0851320273720495,0.095451291388696,,0.0818512705005235,0.0790381400785971,0.0794144971408847,0.0800503474840104,0.0882890363101369,0.0889411140272021,0.079774298705155,0.0838582374220825,0.1002333772424672,0.0834481759766204,,,0.0794009269228629,0.0798686885726022,0.0800503474840104,0.0824593499295895,0.0979718911356839,0.0859588949346264,0.0778624465324158,0.0998281097729024,0.075023947332557,0.0859752195903761,,0.0823591732289626,0.0824593499295895,,,0.1477387142935844,,0.0847325549456363,0.104631645360212,0.0813666652018877,0.0817099011082842,0.0700941217852921,0.1393275083790662,0.0725408182610767,,0.1032454544122271,,0.0832853197232206,0.0873577939977905,0.0731173577984703,0.1053725252903202,0.1294109237917459,0.1344785100919859,0.1442586916996541,0.1454975128404931,,,,,0.0758200189512949
TFAP4__exp7,0.2064853471485138,0.1805558298770356,0.2025337416090444,0.2062632633783901,0.2015330061312941,0.1910133452529331,0.210927873297815,0.1848978030492609,0.1925672856461874,0.1785846118690693,0.2197663802659306,0.2056463684898559,0.2073635696842221,0.1792373340377306,0.1879266987676894,0.1789095108120252,0.1804095406664364,0.1797943874887908,0.1770563789230635,0.1889515970772166,,0.1845238095238095,0.1978256036937522,0.182571478990925,0.1792373340377306,0.1338040298455295,0.1421784846051856,0.1369966526256838,0.1249718336214474,0.1660020843841744,0.1376405752444838,0.1874808009998396,0.170216868279972,0.1338040298455295,0.1338040298455295,0.1859775153477549,0.1949381290649137,0.1600364993081517,0.2043612808280902,0.1876530326475023,0.1924670693144258,0.3509850252789663,0.171924079336498,0.1998088720619066,0.2006262054669727,0.1445018344309376,,0.1799179385994531,,0.1330652679093615,0.181696831445233,0.1897005662246165,0.1516859466441864,0.1879462407062191,0.1871185979806509,0.2008906894153384,0.2035498982437898,0.1863782961843869,0.1890617706707726,0.1942841827843665,0.2002556773157195,
TFAP4__exp8,0.0656968166139261,0.0653472567959978,0.0677665826013987,0.0678962082491774,0.0621480401708945,0.070883472393274,0.0648075665240446,0.0661976406102166,0.0660166609545077,0.0618776072514144,0.0659250538275967,0.0658432159656369,0.0649160670475837,0.0615336948281595,0.0676680561962096,0.0616374295711375,0.0601827293861039,0.063444843696278,0.0612118405257875,0.0655109864732973,,0.0619866743636173,0.0699847651873909,0.0618046149945854,0.0615336948281595,0.0687339738443724,0.0747333470239234,0.0703442562276839,0.0660107343632419,0.0796759506393942,0.0719681651682247,0.0632853091704518,0.0740114623201346,0.0687339738443724,0.0687339738443724,,0.072522803383373,0.0983507969402173,0.1017517384931211,0.075005348462622,0.0668619707293046,0.0578245681990109,0.0551645480322687,0.0976091395653801,0.0830040393701936,0.0613259158825185,,0.0579376541827465,,0.0681199412510389,0.0669655278876844,0.0672700033701299,0.06611106484275,0.0743758617725352,0.0845630555114321,0.0870949552683233,0.0841357143519005,,,,,
TFDP1__K562_essential,0.0147631418494278,0.0114777577176135,0.022004533736826,0.0106871114918706,0.0163257319271634,0.0147231179611255,0.0179360446084931,0.0125793956201261,0.0167806047610719,0.012201706422906,0.0147779041850806,0.0147452815577956,0.0147631418494278,0.0134299237890889,0.0150288607605489,0.0126357679620859,0.0133389204604707,0.0135033960856413,0.0144384135618116,0.0124839757550755,,0.0114027337626623,0.0144804777308875,0.0133907874259276,0.0134299237890889,0.017475495278306,0.0300186677567177,0.0163418970650049,0.0197426952378107,0.0111084523164223,0.02416231737158,0.0129513461447566,0.0130665465823756,0.0186914966668208,0.017475495278306,0.0154575131864974,0.00889439500635,0.0113152854944854,0.0100406366519601,0.0119752857662652,0.0119942100938946,0.0124866640338412,0.0152334025714971,0.0267891600794195,0.0191642579545133,0.0103501742099737,,0.0200724186318845,0.0143814573898614,0.0174167802525244,0.0138233021739393,0.0155675462581412,0.0166573130898377,0.0142907207118572,0.016868305743004,0.0204881327861512,0.0220707966405837,0.0149478890482072,0.01246593381393,0.0166580285247551,0.0143453152273162,0.0144162471526403
TFDP1__RPE1_essential,0.0150717283466028,0.0140293356970236,0.0165810363245213,0.0127115928338932,0.0156575983176756,0.0200133302968778,0.016512952854471,0.013612876321939,0.0142619785429145,0.0154907041096253,0.0167836187258649,0.0150146558125271,0.0152411071418432,0.0133568043826919,0.0128727396423765,0.0131629123483342,0.0134725098436994,0.0132608486901269,0.0143378177033819,0.0133955027576338,0.0122960495627061,0.0157355454348017,0.0138825559290913,0.0132911202052496,0.0133568043826919,0.0151133404092645,0.0181627920173364,0.0161041960738799,0.0151531536417266,0.0192587266932693,0.0164750634798535,0.0147152167177887,0.0143921703457652,0.0196318193790339,0.0151133404092645,0.0211629881262902,0.0126666786383899,0.0126016559075436,0.0136034696800185,0.0131508079856195,0.0143101968114324,0.0112245870551657,0.0167100570784676,0.0252379059273485,0.0183176967213755,0.0127598640031213,,0.0117346472469188,,0.0151408753638701,0.0142910606466062,0.015005235314696,0.0150898371643496,0.0212568807624217,0.0157278505965489,0.0181062935597071,0.0187801349169438,0.0204266290541688,0.0166319208595421,0.0188841938146637,0.018402952610538,0.0210289441985421
THAP11__RPE1_essential,0.007193291911638,0.0077118727901496,0.0120230087113947,0.0078591419972221,0.0094467363737269,0.0093925866790421,0.0096406193324656,0.0081602339738068,0.0114057922673444,0.0082582743993807,0.0110296744746033,0.0072363631614115,0.007203066096139,,,,,,,,,,,,,0.005320800827886,0.0066494895978356,0.0060016027088487,0.0053854692731005,0.0097523046749824,0.0055722887329361,0.0092975853201639,0.0085178151644156,0.0057328229577221,0.005320800827886,0.009206987554699,0.0097459096326137,,0.0097589446550088,0.0083966909676298,0.0070976406474958,0.0072772147292564,0.0072653990346331,0.0118384042852215,0.0140460123967244,,,0.0084770598797873,,0.0053093350246569,,0.0079545893266914,0.0061588944810757,0.0079981719097187,0.008875739036791,0.0212562604430137,0.0140624916472578,0.0095207898761255,0.0088270297088858,0.0116774710964662,0.0100074652060993,0.0085496241910169
THAP1__K562_essential,0.0104092681949106,0.0064746206679448,0.0070423736665453,0.0088909454013073,0.0082880438185104,0.0062568163775082,0.0079410269127971,0.0072506028825848,0.0081985758932401,0.0066895846882839,0.0073006944264571,0.01285141254814,0.010465027478806,,,,,,,,,,,,,0.0041274478508441,0.0046355524716888,0.0050016222315585,0.0039700207652491,0.0055158123563152,0.0040538534959728,0.0067409781352441,0.0055078680750981,0.0045492020659337,0.0041274478508441,0.0054354283564157,0.0069407019508707,0.010550468862323,0.0045029928780307,0.006512250271266,0.0060442174329379,0.0067359545737686,0.005958139824367,0.0048820032801173,0.0064655087374694,,,0.0039307616387088,0.0040689600022846,0.0041255083937395,,,0.0114220363669884,0.0067201792047787,0.0069960124591375,0.0072372910265283,0.0064287488856328,0.0053784635263651,0.0068690416743564,0.0064270938130064,0.0057782237623792,0.0055119732885781
THAP1__RPE1_essential,0.0151210384597775,0.0103977701105481,0.0113997383666604,0.0148590858126869,0.0169478407892041,0.0132046145940983,0.0191829459884145,0.0158067877955153,0.0099663876457643,0.010510898595675,0.0207265927740013,0.0152327405993312,0.0150664754193768,,,,,,,,,,,,,0.0072180657912885,0.0097639252656689,0.0076922180111609,0.0068302077772112,0.0101389133686361,0.0070299364374498,0.010157608901154,0.0113700435163374,0.0089819723868334,0.0072180657912885,0.0068141034095937,0.0201618447125253,0.0064656366229061,0.007660851386319,0.0121759226456524,0.0110546415544254,0.0133349737076389,0.008634799490159,0.0098500293360864,0.0087359202541447,,,0.0067758830110189,,0.0071809438809437,,,0.0083262675779369,0.0070551363732888,0.0094715492484225,0.0087073055722769,0.0088267451197396,0.0063702330516977,0.0060907640713943,0.0062112127534719,0.0097111180369912,0.0076446948241834
TP53__Dox,0.9231246330924688,0.3178493726043118,0.4965401179575083,0.3174175779834639,0.7765438026956833,0.2014758047129026,0.3683257612191233,0.7174802508244962,0.682466202141207,0.232951532780381,0.3778161579458883,0.9154928480974892,0.9792150751392132,0.296215255322385,0.5976921742274428,0.2752256583780168,0.3406731804691234,0.3420708662562055,0.331908270495697,0.5547714274657378,,0.2376379401714453,0.296215255322385,0.3004944811740817,0.296215255322385,0.9624432918460324,0.9744483454180796,0.9059031921879616,0.9755610614681756,0.2948317642466714,0.9679026190881428,0.5413696195726094,0.5180338147582286,0.9624432918460324,0.9624432918460324,0.4325876854883833,0.6704520087925562,0.2647902248523634,0.4451672663130964,0.9842807524583148,0.9792487315682786,0.7010071636284518,0.9460869306688676,0.5111965518853085,0.686262363243136,0.3192868719611021,0.2031821229158922,0.324950991244865,,0.9633609935864024,0.4351276746069755,0.90565772527906,0.9141420263882748,0.32184204075486,0.3553128251833328,0.7069343282624593,0.6901715197421171,0.4033301606896318,0.4436470549250865,0.4557545065672966,0.4557842298184814,0.3198051948051948
TP53__Mock,0.4399298474520317,0.4658211973210691,0.4144285500129656,0.3989251174839741,0.4146411146935268,0.3775060220926725,0.3553188412877129,0.4766379314449818,0.3753923229145784,0.4795585783121516,0.3677006784250053,0.444614248544503,0.4824978165988928,0.3726800345035511,0.4381141767722685,0.3815129920100432,0.3839067603833893,0.4334884434115358,0.3710325781126676,0.4857400210806977,,0.3966059954021655,0.3726800345035511,0.3722075547601399,0.3726800345035511,0.4482786007183894,0.5114392884078613,0.4448649368210942,0.4421674810855809,0.4344173000599515,0.4480779055925614,0.3691156756198869,0.4219082653143872,0.4482786007183894,0.4482786007183894,,0.6642422751982229,0.4333561514929664,0.578345076464323,0.6768929243323301,0.345695790541086,0.4272379746410648,0.508042222252863,0.5599641712509085,0.4985382053485214,0.4160186809539748,0.4314791453381654,0.4428152492668621,,0.4493758271670308,0.4467409118910832,0.4612731974581026,0.5106369131516282,0.428775598788016,0.4487931805426667,0.526440631911923,0.501207591644903,,,,,0.43223710722418
TP73__PRJNA551220,0.6080093577088563,0.0168788239737787,0.1270914680227243,0.1353285421444585,0.5619103962331339,0.0169745175365683,0.0185107427216364,0.0165180949749834,0.371521934312058,0.0237537377269581,0.0466626475748316,0.6074067370540782,0.6232631290592736,0.0784420096456808,0.1161874414488883,0.0274618369338753,0.064551688922894,0.0777822102439918,0.0224141435961351,0.0218171283976199,,0.0753952626021734,0.0785064157136206,0.0809740131527768,0.0784420096456808,0.2061003633930776,0.2593616571244517,0.2497377417523255,0.3004997400189414,0.0160787268884681,0.0491546434216687,0.0216506801844638,0.01719963696321,0.2061003633930776,0.2061003633930776,,0.0200504713167099,0.0180578943589382,0.1728257408124157,,,,0.0278924811164984,0.0098725695098596,0.2200602197582803,0.6827689734682232,0.3984491429474114,0.2910891908685544,,0.192334086767583,0.0535699691045361,0.3340017709328876,0.076279214429976,0.08830498465247,0.1125063361924335,0.2587692822518835,0.2422189083697008,,,,,
USF2__RPE1_essential,0.008492446976885,0.0073516649781307,0.0057843545579366,0.0076322740852822,0.0124989308320593,0.0091896046522914,0.0062784896361001,0.0084414991918367,0.0076696200083311,0.0089949300514982,0.0062599030744147,0.0081008399116688,0.0072778595292382,0.0189311266190267,0.0060187151592314,0.0193128996752656,0.0189161921945063,0.0093342829876936,0.0077390730536163,0.0075196907459515,0.0056642013260058,0.0084229547273391,0.0064880399269523,0.0189446253178856,0.0189311266190267,0.010818264473275,0.0083554790144388,0.0063020103833834,0.008811486902159,0.0074751559108133,0.0086473442805423,0.0076336070020065,0.0085089608276699,0.0108069560936953,0.010818264473275,0.007384039610763,0.0120429775434417,0.0071057253238775,0.0090884992864978,0.0072738236689029,0.0072307972701117,0.0061481918995542,0.0083309118132098,0.0051778560063064,0.0210329984065504,0.0075463765681526,0.006317407083654,0.0098864446378179,,0.0107306383149776,0.0116192660190809,0.0076166548010718,0.0095375991955844,0.0056827226589966,0.0190802283940756,0.021471192344185,0.0112772127854287,0.0073778347669124,0.0076924084334592,0.0061592764776601,0.0056383816134965,0.0070538118589894
YY1__RPE1_essential,0.0059812335053053,0.0060070896692455,0.0052901277098848,0.0060229080988006,0.006144157521357,0.0078023799971342,0.0073322885420615,0.0044128108105318,0.0060045192726452,0.0061210054394022,0.0152826319095744,0.0059770654730152,0.0052794042050963,0.0153034172401241,0.0078991377640065,0.0051543875257486,0.0131005754663572,0.0059591461813081,0.0124666150627353,0.008214724370292,0.0097973888933758,0.0075964181332682,0.0138456225627635,0.0154584595081803,0.0153034172401241,0.0067653309299703,0.0094663937200364,0.0060615703592902,0.0063870448495368,0.0058914405229285,0.0068017502166439,0.0071190207438189,0.0080058934009606,0.005165655372008,0.0067653309299703,0.0056286756059146,0.0077037364000331,,0.0312822519403001,0.0062343452287762,0.0046856096455823,0.0096576365363073,0.0100570538277235,0.0040836843408117,0.0160356258628237,0.004361225841292,0.0044363786624336,0.0058634651500396,,0.00679801186632,0.0127060057658466,0.0045771024005458,0.01685234369086,0.0052124187021308,0.0094527158394712,0.0188177242829133,0.0194171102876309,0.0061373220231507,0.0109240423744733,0.0064451743925879,0.004156130843775,0.0076307088093571
YY1__k562_tfs_7,0.0970043313059974,0.0744462119228504,0.0566802911768273,0.1109711864866122,0.101972414617713,0.0737701477577686,0.1122050215285626,0.0795910787339981,0.1075150994321983,0.0786979669989275,0.105169329531409,0.0980215172953761,0.0757321171916453,0.1210277914593572,0.0854731366665915,0.1436416162778859,0.1351344536050594,0.0689654134046148,0.1329947389401925,0.1007310968593319,,0.0980830455760586,0.1210277914593572,0.1229827700617476,0.1210277914593572,0.1477144135012169,0.140061124454025,0.1599365038634731,0.1991797848949141,0.1278612816335,0.1419698259998139,0.0904285331115689,0.1419512745490763,0.1477144135012169,0.1477144135012169,0.3651995919966455,0.2759102559496538,,0.4209351747648132,0.0989896973490114,0.1572232444448361,0.1105364536928587,0.2126569262840942,0.1436896673852658,0.3086107097519404,0.0575477752606438,0.0663073861578037,0.476101410637273,,0.1502861644418267,0.0894602915429995,0.0741547224860824,0.1125485996318415,0.1551762147837691,0.2181886248699028,0.3464075071187902,0.3349133806574562,0.1894826516837221,0.1100029175658639,0.250499910091654,,0.4036993457191311
ZBTB10__PRJNA551220,,0.0107322078492852,,,,,,,,,,,,,,,,,,,,,,,,0.0102690694396413,0.0103021786992408,0.0076191716064718,0.0115061699602523,0.0070282112596681,0.0065390678120666,0.0120223519821466,0.0130260367480353,0.0102690694396413,0.0102690694396413,,0.0332464084388793,,0.0284771317436548,,,,,0.0057572883761723,0.0147354303584408,,,0.0225130527542437,,0.0100559157245576,,,0.0085003618354835,0.022135618833013,0.0154792346227282,0.0182315974183451,0.0173010385326171,,,,,
ZBTB11__K562_essential,,0.0032991563493827,,,,,,,,,,,,,,,,,,,,,,,,0.0452846208058616,0.005593058233199,0.0560497779005583,0.0490728321317938,0.007814340071148,0.0754146279646831,0.0036288751465699,0.0061006976745527,0.0134255414884475,0.0452846208058616,0.0028792958826148,0.0025812014017244,0.0128942742521076,0.0037771953892735,0.0086340744871155,,0.0175823247442713,,0.0026838984307809,0.0035259375755554,,,0.0053606067179306,0.0053560487409288,0.0452939882451553,,,0.0102421721356536,0.0029638709531282,0.0039818865901448,0.0035912086844305,0.0036252013684757,0.0030369990413033,0.0033994727864115,0.0026804208812027,0.0025302745844428,0.0030169863682965
ZBTB17__K562_essential,0.0110077178317157,0.0089246841362181,0.0092254883137963,0.0105309288954889,0.0107192066714536,0.0093829706790202,0.0104578909453558,0.0083659344613333,0.0089273266774796,0.0086450523556104,0.0090386602786895,0.0110666924602952,0.0108078244327225,,,,,,,,,,,,,0.0530203833210872,0.0128360663121383,0.0084316568209798,0.0462880035907281,0.0102951851543772,0.0251219431353065,0.0085312993950483,0.0350035924010498,0.0192621406599005,0.0530203833210872,,0.0063676374359384,0.0078932711996002,0.0057869884200466,0.0229229933013838,0.0102725865577183,0.021106880248107,0.0084331842462104,0.0056562684714463,0.0069257274662759,0.006643223174179,,0.0067925252947292,0.033998363427257,0.0514387426275976,,0.0113063361288817,0.0227615836332985,0.0082909850868564,0.0079880330344597,0.0075431731497942,0.0068972632195889,,,,,0.0084128761292283
ZBTB17__RPE1_essential,0.0142058792539707,0.0101359048037339,0.0102126900580401,0.0149394848997022,0.0140964410052694,0.0120643721390475,0.0129848828176325,0.0105343104796464,0.0150652951045377,0.0109674130124457,0.0120486236356888,0.0141428971229044,0.0141654767657203,,,,,,,,,,,,,0.028821688241955,0.0119579842300566,0.0221373058524087,0.0282205442747486,0.0138805067420674,0.0248734858414452,0.0089987105095454,0.0120686271137183,0.0141452953340076,0.028821688241955,,0.0099897600961351,,0.0094696028733051,0.0113995388377485,0.0115687223201405,0.0136915024359451,0.0103537172525632,0.0096129652534659,0.0103029771900538,0.0146833210369058,,0.0082961766428977,,0.02880160750115,,0.0124902422658294,0.0149899854426233,0.0108537366561071,0.0107836770383318,0.0107863117015378,0.0102854349884033,,,,,0.0115996812736394
ZBTB1__PRJNA551220,,0.0447109439961386,,,,,,,,,,,,,,,,,,,,,,,,0.035738925206694,0.0413652638748315,0.0347463118176676,0.0366824015759853,0.0455690335758253,0.0334969336052403,0.0461455321832622,0.0407342065100795,0.035738925206694,0.035738925206694,,0.0394962827595441,,0.0733786383159476,,,,0.0366500692756048,0.0320029103384148,0.0601049360930276,,,0.0358169567720205,,0.0359947780895921,,,0.0408312124681555,0.0433741355487333,0.0440712987635412,0.058924197388143,0.0615765863829121,,,,,
ZBTB25__PRJNA551220,,0.0350464078134336,,,,,,,,,,,,,,,,,,,,,,,,0.027841999226995,0.0335017927436545,0.0308272295040875,0.0313272897103195,0.0304927510604467,0.0277672054669996,0.0341476042385279,0.0320093081340245,0.027841999226995,0.027841999226995,,0.04109266259442,,0.0511897943200851,,,,,0.0268620493337266,0.0462877526417541,,,0.0384616380547273,,0.0282910819311255,,,0.0348433602691622,0.0370562984303665,0.03810484306412,0.0508641856734944,0.0469328122657151,,,,,
ZBTB33__PRJNA524331,0.0761644529568829,0.0729733463741785,0.07843866738581,0.0740661489324418,0.0674521372162254,0.0650660898487664,0.0653475956192078,0.0792628381122214,0.076469463257857,0.0755876513861286,0.1092988445768765,0.0764003683773973,0.0756386746509373,,,,,,,,,,,,,0.1023095774814346,0.0723828376525104,0.1190684517006825,0.0853407605757994,0.1081140496629196,0.0948598166231045,0.1014321816301586,0.098603825504956,0.1023095774814346,0.1023095774814346,,0.1351193205046975,0.0800252836776866,0.0774895061017448,0.1048101039253887,0.0806839971408676,0.0956689230074509,0.0825852764536578,0.1408766765067896,0.0666768517773934,,,0.0866112075485142,,0.1074439748320241,,0.0806641552745377,0.102087050610243,0.0810526315789473,0.0805177622920596,0.0651593994626256,0.0670276386709326,,,,,
ZIC3__PRJNA524331,0.146888271452014,0.2165057688528742,0.1448290627627398,0.1472272079428641,0.1437346767865413,0.1604668747140618,0.1516360916421484,0.1482355091898306,0.1436218794591066,0.1942909760589318,0.1451332292324374,0.1474359400581491,0.146888271452014,,,,,,,,,,,,,,,,,,,,,,,,0.1715376837107338,,0.2059601821465836,0.1837285317600704,0.1763507350521553,,0.1898030603624498,0.1781249287370358,0.2389689103259344,,,,,,,,,0.2023998359021789,0.2125866919386344,0.2409644566263224,0.2442411409515373,,,,,0.2121600781897202
ZNF143__PRJNA524331,0.1156304478019936,0.0911496072529819,0.0739581043500037,0.1468613513343321,0.1057604720336619,0.0721292203642715,0.1279846669877941,0.0727458899237316,0.1009535192759746,0.0864984347742968,0.1007357284696208,0.1145442261188207,0.1152433258726915,0.1096353099637846,0.1060171989087755,0.1052401426767321,0.1035399729801627,0.0860406976092608,0.1080090448619442,0.0978686559754576,0.0995979372778115,0.0904365904365904,0.1199534766228963,0.1088788325047904,0.1096353099637846,0.1590045123378799,0.0973978478843128,0.1848889860961527,0.1835364554892106,0.113559734869844,0.1802426573313575,0.0773602930820764,0.1313390501101184,0.1590045123378799,0.1590045123378799,0.0875427666497485,0.1227470004503105,0.1073257231796792,0.1026200067889099,0.1303076190420867,0.0817037767330365,0.1198392114078323,0.2249205262251188,0.1448423331942708,0.1162560844228198,0.1014298409566193,,0.0938199802116526,,0.1651860689937818,,0.0902899279601409,0.1322591632285794,0.1088857707961579,0.1153603062360564,0.138519866676381,0.1052296202075521,0.0970381701000678,0.1061875438295092,0.09022239272291,0.0770352030388792,0.0935718684202564
ZNF236__RPE1_essential,0.0067495591709395,0.0063405460379244,0.0069559849865708,0.0067539833511794,0.0067337717681796,0.0082139976476472,0.0064882378404091,0.0065384309756138,0.0084464478880758,0.0071434554690877,0.0068643982847081,0.0067932037159414,0.0067495591709395,,,,,,,,,,,,,,,,,,,,,,,,0.0110569869450669,,0.0081606180828954,0.0053687303456637,0.0073995670387094,,0.1013242012162332,0.0110690470228776,0.0079863691928724,,,,,,,0.0074821417972412,,0.0068584909938954,0.0061658025837141,0.0069778570110267,0.0082692552951677,,,,,
ZNF236__exp7,0.1282801064381642,0.1287727562605176,0.1185620457697272,0.1295608703102609,0.1333296228684866,0.1237778950938923,0.1242042515429298,0.135106289923281,0.143467486917432,0.1248157248157248,0.1336025196200831,0.1311450897899021,0.1282801064381642,,,,,,,,,,,,,,,,,,,,,,,,0.2085066929894336,,0.1351153626192628,0.1379830357873467,0.1308313690672479,,0.2110415784330837,0.1277398808250928,0.1399305997727533,,,,,,,0.1194952433887116,,0.1239821436821506,0.1197437754835947,0.1659836963324169,0.1398091529503638,,,,,
ZNF236__exp8,0.1330813337812239,0.1425887023278394,0.1335917495075413,0.1356228954942234,0.1338259746868292,0.1395053961698901,0.1358955248515485,0.1343519745944547,0.1300156278536572,0.139616212506409,0.1351851840220017,0.1323930297317682,0.1330813337812239,,,,,,,,,,,,,,,,,,,,,,,,0.1511190550990572,,0.1584454257018622,0.1345425344837302,0.1446425357853054,,0.1357250087908103,0.126190988873045,0.1596772795449678,,,,,,,0.1311924819289217,,0.141332606248864,0.1374557979764877,0.156675702993322,0.1599273593218315,,,,,
ZNF292__RPE1_essential,,0.0089878532530608,,,,,,,,,,,,,,,,,,,,,,,,,,,,,,,,,,,0.0138849920188957,,0.0086393234387887,0.009259297109428,,0.0088590844059868,0.0096543881922655,0.0086750306524263,0.0133959834768592,,,,,,,,,0.0093566109775015,0.0151918566049783,0.0145867987635031,0.0150260065289254,,,,,
ZNF296__exp8,,0.1584411778772708,,,,,,,,,,,,,,,,,,,,,,,,0.129546260218572,0.1417808881419112,0.1215702867353329,0.1322717162506727,0.1291743204565351,0.1214793948273474,0.1439886599808196,0.136747333301192,0.129546260218572,0.129546260218572,,0.1935277214778704,,0.2610817442939314,0.1673224356238266,0.1652604919937008,0.1467714339363674,,0.1086855646377422,0.7872085155030566,,,0.1624730169033966,,0.1337315110732617,,,0.1280977374638272,0.8393913349125804,0.8334081927706367,0.8514994031810013,0.7815605920612534,,,,,
