Index,ULM_CollecTRI,random,AUCell_CollecTRI,VIPER_CollecTRI,Consensus_CollecTRI,GSEA_CollecTRI,GSVA_CollecTRI,MDT_CollecTRI,MLM_CollecTRI,ORA_CollecTRI,UDT_CollecTRI,WAGGR_CollecTRI,Zscore_CollecTRI,ULM_TFLink,AUCell_TFLink,VIPER_TFLink,Consensus_TFLink,GSEA_TFLink,GSVA_TFLink,MDT_TFLink,MLM_TFLink,ORA_TFLink,UDT_TFLink,WAGGR_TFLink,Zscore_TFLink,ULM_ChIP-Atlas,AUCell_ChIP-Atlas,VIPER_ChIP-Atlas,Consensus_ChIP-Atlas,GSEA_ChIP-Atlas,GSVA_ChIP-Atlas,MDT_ChIP-Atlas,ORA_ChIP-Atlas,UDT_ChIP-Atlas,Zscore_ChIP-Atlas,pySCENIC,PISCES,hdWGCNA,scMINER,TIGER_DoRothEA,TIGER_CollecTRI,TIGER_ChIP-Atlas,metaTF_Prior,metaTF_PUIC,metaTF_Merge,scRegulate_CollecTRI,scRegulate_TFLink,scRegulate_ChIP-Atlas,MLM_ChIP-Atlas,WAGGR_ChIP-Atlas,UCell_TFLink,UCell_CollecTRI,UCell_ChIP-Atlas,metaTF_AUCell,metaTF_UCell,metaTF_ULM,metaTF_VIPER,pySCENIC_AUCell,pySCENIC_UCell,pySCENIC_ULM,pySCENIC_VIPER,pySCENIC_v9
ADNP__PRJNA595864,,0.4627280578646227,,,,,,,,,,,,,,,,,,,,,,,,0.5268451545575588,0.5396649753499586,0.5097160747058189,0.5495249919032712,0.5157256468386773,0.5076738997445032,0.4719763215660873,0.523417539314117,0.5268451545575588,0.5268451545575588,,0.4684030974170141,,0.5108243364822311,0.5366871783799345,0.5038864298823276,0.5132786354312857,0.4787775738601605,0.4596063190471049,0.5181096836877901,,,0.5709183489870093,,0.5289593004426212,,,0.5135440282126021,0.4935001259491166,0.5085195580985282,0.5175878944906258,0.5201518586491057,,,,,
AHR__PRJNA551220,0.4622277743385958,0.5020130334696238,0.5296533675356883,0.4921256121022956,0.4929003547505811,0.4688544188132721,0.5109045954471821,0.5018362142144888,0.487293293842464,0.4410389335982533,0.5325970189089102,0.4666397298409368,0.4767477119143557,0.4846298843075691,0.5054444205555164,0.4602125167273981,0.4804623990332397,0.6052817802029159,0.4650290806510804,0.5796329795712597,,0.5,0.5257084817638925,0.486560624538954,0.4846298843075691,0.6390796502166685,0.6549964413734817,0.5854079631682154,0.6332787183013491,0.5339100038181097,0.5491133088924887,0.52583257032921,0.5203229082875223,0.6417058053801985,0.6390796502166685,,0.4080156210775223,,0.7319313756952441,,,,0.5060798763377284,0.2999577413100935,0.9203521928182468,0.3429612406261699,0.5814526980690744,0.5034759625899387,,0.6379416311112923,0.4828468641457257,0.428417671546186,0.5873472292756341,0.7333855697694676,0.7602585749924937,0.9262828663253846,0.9181803185712114,,,,,
ASCL1__exp8,0.6522574211707839,0.5436821189450467,0.6271632289154259,0.6007746606868298,0.6405908445619016,0.5455856130233381,0.6112033521144749,0.6004406281776071,0.5631395126072711,0.4909197192162025,0.6574570301562583,0.653686883820546,0.6541609152490753,0.5474055989743236,0.4982291364768413,0.5623903955829113,0.5398137277536805,0.5019452481419442,0.5515011813943892,0.4682865605949708,,0.5,0.4640890491371645,0.5582493749171059,0.5474055989743236,0.5188458194357798,0.5057301312060047,0.5083802861872646,0.5530816955097189,0.4909369120659419,0.4878127256561528,0.5318657189312925,0.4597429423351821,0.5188458194357798,0.5188458194357798,0.5714117294533165,,0.5705275257524328,,0.4748714220451632,0.6257116611731418,0.5505469782338522,0.5875484469944442,0.4107691098524854,0.7005791534240788,0.5469585848810992,,0.4843667873440977,,0.5093799275935413,,0.6103940601160271,0.4414239609378454,0.6441915185216115,0.66741291821607,0.7096029434158755,0.6983686441718695,0.5563409685960319,0.5576709583294445,0.6346052767311972,0.5731678562481273,0.5504487333781986
ASCL1__pilot_14,0.5926925007169487,0.4816393927444795,0.6103193558216231,0.5749412998279323,0.5967656653283626,0.478157710782908,0.6068499964152566,0.5311357363062805,0.5745066496988815,0.4949712772440492,0.6017977487811872,0.5916641274734729,0.600722325781474,0.592757474189848,0.5479481825351304,0.608501218812733,0.6051225982219672,0.5499141902064812,0.6050441819615715,0.5271689937625466,,0.5,0.4762241898480069,0.593792568827072,0.592757474189848,0.6067267708632061,0.6424610607255521,0.5640391991683396,0.6347527423286492,0.4960186944364783,0.4872405542013192,0.5207691066819615,0.4871162084169773,0.6067267708632061,0.6067267708632061,,,0.549024725767135,,0.4788410524806423,0.6694642601089762,0.7790140163464296,0.56891220963579,0.3897153713794092,0.4749045562087754,0.2586605158445655,,0.7468162998279324,,0.6050038535990823,0.5472513980498996,0.513097755950674,0.5688069078004014,0.4956994282334384,0.4962315385718383,0.4769164934040723,0.4934107936621738,,,,,
ASCL3__pilot_14,,0.4917015489767855,,,,,,,,,,,,,,,,,,,,,,,,,,,,,,,,,,,,,0.4832374450963825,,,,,0.5131491142926474,0.5177356325325568,,,,,,,,,0.4924990394726199,0.510618882957211,0.5150019210547602,0.5138107407182723,,,,,
ASCL4__pilot_14,,0.5045806835246571,,,,,,,,,,,,,,,,,,,,,,,,,,,,,,,,,,,0.5475139307859895,,0.5741656526942267,,0.4877042158414045,,,0.4907101319277169,0.6156849356487033,,,,,,,,,0.5797273258685157,0.5770527408512311,0.6127281523064674,0.6092019330585259,,,,,
ATF4__exp7,0.55257583724737,0.5017245528194433,0.5308562753818229,0.5573291266721924,0.5470531090969047,0.4998410618848574,0.5512300621789673,0.4777679741183391,0.5246235246235247,0.5252265982192988,0.5047785412748915,0.5516935078978874,0.5549198030949857,0.5058688270367102,0.4995736893547112,0.5175173569334153,0.501445297065735,0.4761221476549944,0.5127343594496878,0.4664789117343861,,0.5090995784426442,0.5174698240391671,0.5057559364128708,0.5058688270367102,0.5454340198865746,0.5288361273762734,0.5456687135519253,0.5438357263174781,0.5253751385138246,0.5457132756402829,0.5350688781345716,0.4675736537050406,0.5454340198865746,0.5454340198865746,0.5564438265168192,0.5184767395709302,0.5282033457215939,0.5637358306868495,0.4777857989536821,0.5505051855416818,0.542406768684141,0.558315434227843,0.4847137182903606,0.6044134292309474,0.4631352697046128,0.4457575406480516,0.473905926460671,,0.5468748607434739,0.5022726665062431,0.5159101509466473,0.5622799746887338,0.5984435947939597,0.6154930497996192,0.6086052363424626,0.6041579399243633,0.5554753437965118,0.5784248193007318,0.5645511557920316,0.5205416373299585,0.5228558951186689
ATF5__K562_essential,0.6472223161081849,0.5192162731709464,0.7762372182995357,0.5653353287812178,0.6523322452168596,0.5519171469916186,0.6913228671882183,0.633887452651999,0.6447180499737075,0.4746476459819734,0.6510290207187542,0.6418978029898706,0.6442307163254414,0.4994941948344206,0.4762888599458116,0.5088439266830107,0.499715067020167,0.4463881895476365,0.5023808606783842,0.530803023669481,,0.4987010986229681,0.4976910603358357,0.4995012690325405,0.4994941948344206,0.6583178028483866,0.6491225243254162,0.4976902743138225,0.6265357887613,0.4993935840167139,0.6487982902449166,0.4886793179529786,0.4751844990170794,0.6482975942224237,0.6583178028483866,0.5105550966060356,0.3519499908188763,,0.3641992507971889,0.5029691981553636,0.6191754786284543,0.45558071699356,0.5458042537939317,0.4575976494797713,0.4542649161432415,0.2570936521648225,,0.4458305069291771,0.4599462832556089,0.6570695998912146,,0.5447714208684129,0.6254550084929678,0.4939393772661997,0.4361467157249206,0.4517213489080975,0.4608871516055678,0.5122375767255738,0.5514003375178526,0.6085751857566524,0.5777422932506648,0.4295594582421875
ATF5__RPE1_essential,0.6506707745889286,0.5195432169049932,0.7193154951274238,0.5821506312581629,0.6946344730585045,0.6219242490204615,0.6433448310505341,0.6422785573155622,0.6944134489802753,0.5988714376611634,0.6394521281939654,0.6492321087706372,0.6468115602290613,0.5515702756103279,0.5317082482167375,0.5394333746358126,0.5619905562439302,0.5244867887880513,0.5416328990991595,0.6432845517564717,0.4456702722614782,0.498911623857205,0.4717832624493486,0.5483888684236965,0.5515702756103279,0.8509025149861023,0.944357523190784,0.7331757141421922,0.8314376611633902,0.6189906567094204,0.823316030943371,0.3935300224372928,0.5456347744549747,0.3570128260942366,0.8509025149861023,,0.6066815144766147,,0.4543498413832401,0.0940785640132614,0.616199055624393,0.6083011285623388,0.6524362881350256,0.4695623053481129,0.6504899367067413,0.6573457017514484,,0.4462516325642142,,0.8512280231740397,,0.4729988948796089,0.8041813736981347,0.839633635846087,0.6397890224707813,0.7234761059576036,0.492712233347845,,,,,0.3607769331234721
ATF5__exp8,0.5903411600704463,0.4955784576375224,0.5597230906910973,0.5989117527263548,0.570125116884756,0.5327521125306195,0.5334534210662184,0.5112316928354664,0.5906409013463977,0.4784932049082993,0.5856299156135087,0.5885183315454029,0.5916032286007675,0.4979390994567369,0.4933354176586334,0.4969043466787519,0.5004818807115772,0.5189439354738781,0.5100678648668804,0.5015682635658025,,0.5,0.4793895603985841,0.4990261993953545,0.4979390994567369,0.4594603509697849,0.4623709965178382,0.4817774514247033,0.4806616681103965,0.4345689175467682,0.4615140806691258,0.5056807425552299,0.4594797122483751,0.4594603509697849,0.4594603509697849,0.5959831800684958,0.5610453943103656,,0.5577330774248582,0.4904885926214884,0.5956447162353643,0.5241600073429442,0.4328608225244812,0.4190956705312735,0.8748910031723814,0.4937886149945214,,0.4409624419878727,,0.4613376779086376,0.4866486057011078,0.5703983260381947,0.4470232392709833,0.8680084271757774,0.8743617948909171,0.9068693816437868,0.8763237377880528,0.5691893217528985,0.5739005662098361,0.6103764979892954,0.5326761015850433,0.6838955753024663
ATF6__UPR_epistasis,0.6568708375043661,0.4852598417558229,0.6516195873095786,0.6208492822199567,0.6515458537633798,0.4889133459391214,0.6416781030323861,0.6436389414594671,0.6723278419264276,0.4511794719117004,0.6527420376829991,0.6584762495745338,0.6596768937464753,0.6547845544807277,0.6459596664957833,0.6178879534438864,0.658826936913355,0.4811656088899519,0.6550948207828802,0.6746647353774112,0.6819901422848367,0.4374523484761687,0.654676393361918,0.65672671560121,0.6547845544807277,0.4796834112901809,0.4407194833020698,0.5082976025307472,0.4838434328778022,0.510678540973411,0.4910001864943003,0.4819554916996098,0.4677215720939853,0.4787364439690559,0.4796834112901809,0.6970947867734563,0.6308400408428042,0.5848052862910521,0.5050657455211486,0.6470883890990319,0.7043925958696392,0.4913871133832379,0.5141569802530691,0.5804198825782823,0.6949940079297712,0.4894526183214342,0.500147885241053,0.2433910908132461,0.5024778095477833,0.4764090285542566,0.5858849461187581,0.5934956697919097,0.4669682076002142,0.5018738635068009,0.5422976878330729,0.7106966049953153,0.6967358758444163,0.6407137128506282,0.6110664156659673,0.7135542329048983,0.575818017245008,0.7196993455416013
BACH2__exp8,0.5024583082369679,0.5127221539358823,0.5062704575124211,0.4971628615580005,0.5016679430610026,0.4978094620338549,0.4923573050182737,0.5004306127510432,0.5064019579253187,0.4926100856047247,0.5232026687088976,0.5200984413453651,0.5067317309814974,,,,,,,,,,,,,0.4324224147563903,0.4276413867910902,0.4317737702326671,0.4462974116903185,0.4768409376456384,0.4677640024092511,0.44113142137638,0.5091961713620717,0.4324224147563903,0.4324224147563903,0.5456708428835793,0.5226644027700937,0.4892128780466533,0.4999894857005527,0.5162692583376712,0.4786206219901395,0.44900373106871,0.4758856859415838,0.4830221384011185,0.5359152837547251,,,0.46074814877398,,0.4296397842575609,,0.4990140875779123,0.4298571346809514,0.5169397060386625,0.510315628244926,0.5557984187245686,0.5603546014242925,0.5197782071792412,0.5319375666018931,0.5420801321272543,0.5404053755733553,0.5337894739710944
BHLHE40__pilot,0.5351149921156764,0.4832885811192765,0.5224108178870013,0.5321165317901877,0.5516999642974026,0.5333354407783166,0.5679688197316355,0.453385796316682,0.5318143613697897,0.5029640593853202,0.4281038945583291,0.5338784177798935,0.542080717622207,,,,,,,,,,,,,0.4133542590223439,0.4467677992323942,0.4273917021213292,0.4129284311683674,0.4449956859361519,0.4143472375115289,0.4926595831721758,0.5103686293177828,0.4133542590223439,0.4133542590223439,0.4961731278450507,0.5002482714334782,0.5037506322334949,0.4874664837563135,0.5466867245842135,0.4976198268424028,0.5534088542441462,0.4824406444318824,0.4558291928237779,0.5565309720032132,,,0.5208581268037249,0.4241952039510874,0.4097151974056112,,0.5235841688732855,0.447986708220523,0.5134414700544465,0.5204806462170122,0.5806990271042218,0.5842646380649192,0.4970182752670257,0.502256515724019,0.5326306863824343,0.4956134152509595,0.6421112135907887
CDC5L__RPE1_essential,,0.5212305906254535,,,,,,,,,,,,,,,,,,,,,,,,0.4355457052017784,0.4338069418609253,0.4391195366815741,0.4264073033337291,0.5257371274785293,0.4496642524504953,0.504898352264482,0.6310582973839395,0.5546325246368782,0.4355457052017784,,0.8556529993793127,,0.9006295767101268,0.7526444242160394,0.4997862825028694,0.5237516655453094,0.3328702787562169,0.523903378583396,0.3549953166844765,,,0.4397435390034432,,0.4360522948246065,,,0.4238130103824488,0.5566483291777153,0.3902204456405588,0.3983786493581879,0.4118415324336091,,,,,
CDX2__extend_61,0.6290888963732871,0.5102227304650684,0.389432378028244,0.5791566475814516,0.569953448784525,0.4651231401053212,0.5245170605113585,0.4277202958599965,0.4856364827854492,,0.3320488017565708,0.628778206825249,0.6295901769886088,0.5866340834266708,0.5541670256566906,0.5705800495536775,0.5909706829165133,0.5111286907438013,0.5797806375140658,0.57731078614899,,,0.5854252661095142,0.5897253138878229,0.5866340834266708,0.4308559105422969,0.4350449977677347,0.4840621483529538,0.4111963114101389,0.4907250031982748,0.4308324130134536,0.3738378513859626,,0.4308559105422969,0.4308559105422969,0.6964119273456407,0.5759051527587778,0.7645795639380815,0.8718524914591568,0.4890853978523259,0.5134914978108135,0.4226787705048574,0.6021894475208802,0.4416804388294053,0.6915714364039383,0.4011445907383185,0.7863683002670885,0.3838686853654779,,0.429720196648208,0.5372879674376467,0.5132891579791081,0.4390917944018443,0.5583352261898236,0.5770340374759477,0.6903782841060104,0.6951117307496495,0.7108576859111428,0.7113433015072359,0.7286113743704621,0.707134633007762,0.6493228795438346
CEBPA__PRJNA551220,0.946063318839344,0.5205291727058289,0.7499434450223094,0.9340222241168614,0.9383434222866398,0.4911282575951345,0.5308224628413902,0.4377653678915508,0.829832040242135,0.6598954159206526,0.5378770568675931,0.9464725608889646,0.9536297496234404,0.5841901838747264,0.6259941171455368,0.5471543467757979,0.6396069571148436,0.4939184926251172,0.4102859010429988,0.511623895188564,,0.5348556284991617,0.5850942109301731,0.5939074089862734,0.5841901838747264,0.7305780543950892,0.8526488475857561,0.6420959445249667,0.9438838207292464,0.3011961804075369,0.4708298519339528,0.707867678403956,0.6694883053400403,0.7305780543950892,0.7305780543950892,0.9949955949640492,0.9601695533475442,0.9860795180038082,0.9897519548676592,,,,0.4115895074885611,0.0884312388097877,0.9426256856225312,0.6756290675533578,0.5118525307642028,0.979652996845426,,0.7358183420013072,0.4589467701139625,0.7954852644442549,0.5312791656009321,0.9327676414584932,0.9512106743967944,0.9834217182482168,0.9854882485008668,0.994294767954074,0.9933687157188734,0.9968712876914768,0.9890706795123198,0.9928655469349476
CEBPB__PRJNA551220,0.6060679877714579,0.4896812326664559,0.5101881013386906,0.4978070976742734,0.6230817046025414,0.5080979796237973,0.5078753239138429,0.47557037362782,0.6232898299974509,0.5185984827359558,0.6200378172817156,0.6109050869137205,0.6238708289181476,0.6383863999670076,0.6124255348064082,0.6439807849404396,0.622851997416168,0.4806747878306902,0.6106339255932483,0.4424986287015175,,0.4982988847342159,0.5322733254826896,0.6383293471123456,0.6383863999670076,0.4760456004022333,0.5948688542910692,0.4450665413640675,0.6581858773457644,0.4085691678253524,0.4110423129184544,0.5353240505988306,0.553072723585757,0.4760456004022333,0.4760456004022333,0.8595968777771865,0.7566847446231455,0.5982699095765673,0.6173292610879306,,,,0.7223588000609419,0.3013692044075574,0.7850704645491297,0.5,0.5774869649184774,0.7408036460834069,,0.4754423786467618,0.5906374342369693,0.6440746977854731,0.4407596918803958,0.650026037042474,0.7106367889200365,0.8494180715665026,0.8519574578017214,0.8716082131323706,0.876310265817156,0.9139651498940888,0.8954932732120182,0.8942261442676518
CEBPB__exp8,0.5051997223449233,0.5749542500157759,0.4604657032876885,0.5451568120148924,0.4931658989083107,0.5426074335836436,0.4978797248690604,0.5318356786773523,0.4452640878399697,0.4695368208493721,0.4914747270776803,0.5026503439136745,0.5018299993689657,0.5381018489303969,0.5057960497255002,0.5706190446141226,0.5264087839969711,0.5041143434088471,0.5359752634568057,0.4539155676153215,,0.4855366946425191,0.4853726257335773,0.5377863317978167,0.5381018489303969,0.5997665173218906,0.5486779832144886,0.5973181043730674,0.5701457689152521,0.5384678488041901,0.5898908310721271,0.5557392566416357,0.4424875370732631,0.5997665173218906,0.5997665173218906,0.6012683788729729,0.50848741086641,0.5168959424496751,0.5269691780821918,0.5412191582002903,0.4628699438379504,0.4889064176184766,0.5072190319934373,0.5208935445194675,0.5776929387265729,0.5675395974001388,0.6227109232031299,0.613340064365495,,0.5884836246608192,0.5152962705874928,0.5268820596958415,0.5729128541679813,0.5447434845712121,0.5720956647945984,0.6050924465198462,0.601280999558276,0.5466397425380198,0.5605098756862499,0.5607244273364044,0.4880419006752066,0.5369028838265919
CEBPE__PRJNA551220,0.8033006794325814,0.4986409858751733,0.8177240870543643,0.7925432670683789,0.841451915504976,0.5441466443667837,0.6936884946325973,0.5642194306379678,0.7847657053339826,0.5,0.8555324917805911,0.8038897797879256,0.8105354066137491,0.6934956328324914,0.6757581742603188,0.6508117063344805,0.688125119552848,0.6958197883917876,0.6313674076876764,0.6058725848572205,,0.5,0.6664367104418849,0.6940341737790845,0.6934956328324914,0.5525309190061931,0.5417377996072138,0.5371315483087264,0.5701557361226471,0.6042469728101665,0.5574634844089942,0.5379079024881626,0.5218011820036194,0.5643056532691828,0.5525309190061931,0.9661993265697054,0.9642259256830013,0.4345971549861435,0.9483118967084592,,,,0.5288578121340303,0.2797102463943124,0.9800900202824718,0.9406496507238626,0.502135455928888,,,0.5537131504496413,0.6481814341469835,0.5430334611280074,0.5177527490692733,0.9689772462506956,0.974419436473768,0.9858936620845706,0.9807475554701116,0.9623601412403808,0.9628969735067824,0.9847441146263288,0.8138634775041739,0.975779852592598
CLOCK__RPE1_essential,0.441152175405393,0.4812897496256942,0.4216861879201979,0.4824044553470333,0.4332185433225842,0.3773880189121105,0.444925907870806,0.4622570270864453,0.443629415092323,0.4447309125762406,0.470940052850329,0.4413440424332006,0.4587452000656936,0.5904780773672507,0.5010180770370448,0.6020295499553788,0.5666172226726347,0.5475720739626537,0.5734086898036752,0.4397878166175268,0.6040451965029454,0.515067644423821,0.4160843311200846,0.5871273560845223,0.5904780773672507,0.4861985215463717,0.5876903572046155,0.5068727151704427,0.481608832834983,0.5347089017437481,0.4802798408407391,0.4643406265396937,0.4003972898782322,0.4971700482361354,0.4861985215463717,0.3817477800168057,0.5926032137532441,0.3966948123778564,0.5297398127133619,0.5205227333752174,0.3699554308883321,0.514411142886191,0.5799248694600352,0.6697709500459246,0.5965031191426464,0.2850963288920635,,0.505528603220203,,0.491150394031267,0.5450509516448165,0.4412853005351943,0.5315025152133696,0.5228732782584592,0.5631686561574283,0.6231827159785783,0.6144131415010641,0.4744126027440113,0.5874627757979904,0.6750231361395624,0.6443671646693552,0.5025252064438819
CREB1__exp7,0.5000141658381798,0.5016071787316682,0.5099424866969902,0.4699954669317825,0.494829469064385,0.4707230758928341,0.4716232505189848,0.4832431012368064,0.5150351055226163,0.4870466287880738,0.4749161639940452,0.5013032571125386,0.507225865275152,0.5005086823710008,0.4978751242730349,0.5082973177629309,0.4999781073409949,0.4815187323892875,0.4954888244414797,0.47677961561642,,0.5034661230418949,0.5004726238738159,0.5019201149750938,0.5005086823710008,0.530560864167641,0.5446069366246156,0.5258024303427102,0.5599524027837159,0.5034113913943821,0.5282943300588784,0.5076212209407147,0.518038263216727,0.530560864167641,0.530560864167641,0.4792399641475513,0.4934111519177836,0.5004900092206729,0.466054377557652,0.5104852958599694,0.431947313384399,0.5044442097780342,0.5142637112435545,0.4668287581968691,0.5506145398163077,0.4295764671944944,0.4634766057621479,0.4888811048323537,,0.543912810553807,0.5063121687125571,0.52327833553977,0.5374293639796218,0.4762001040545204,0.496002658026364,0.561296869607323,0.5651718702512247,0.4810100500182868,0.4864162489890742,0.508514956549511,0.5115580361512191,0.4952016442674716
CREB1__exp8,0.5122865239764337,0.4639812812290252,0.4921442687747035,0.5089249757625476,0.515998583041241,0.4822395406070549,0.5266928928331718,0.5199119994033857,0.4988999925423223,0.504433589380267,0.5347378626295771,0.5115966887911104,0.5095104034603625,0.4825471698113208,0.4884005145797598,0.480494444030129,0.4832798866432993,0.4950779327317472,0.4988142292490118,0.5296778283242598,,0.4851834588709076,0.4825658140055187,0.484819897084048,0.4825471698113208,0.5273752703408159,0.4769054366470281,0.5084458199716608,0.5224420165560444,0.5101182041912149,0.5388358565142813,0.508058020732344,0.5046768961145499,0.5273752703408159,0.5273752703408159,0.5090937057200389,0.5213998061003804,0.5009452606458349,0.5484982303205086,0.4430438511447535,0.5302464762472966,0.5008501752554255,0.5248061003803416,0.5091468416735028,0.52850697292863,0.4868968603176971,0.5717074353046461,0.5133212767544186,,0.5420426579163248,0.4830803937653815,0.4960660750242374,0.4855246476247296,0.5368903348497277,0.5590713326870013,0.5328044596912522,0.5265176374077112,0.5196733537176523,0.5161701096278619,0.5426038481616824,0.5345141322992021,0.5182713103139682
CREB1__pilot,0.444695684944413,0.5487511253480728,0.5255898917572179,0.4498565835479345,0.4643866591294517,0.467202646399933,0.4597805832966941,0.5732052006783493,0.4645227477336013,0.5316929422356217,0.4304273182170299,0.4458681406109331,0.4445910014027595,0.4292339258421791,0.437388773736993,0.5092330883738458,0.4277578879048635,0.4849255700018843,0.4456273684651299,0.5051504302493562,,0.4921958419697255,0.4292862676130059,0.4278521030923518,0.4292339258421791,0.5053912023951594,0.4330130016958733,0.5197119108933692,0.4889349496472165,0.5258254297259385,0.5041978100203086,0.4560119757971651,0.504370537864037,0.5053912023951594,0.5053912023951594,0.4794924941900634,0.517094017094017,0.47749303854448,0.502302591922845,0.4939074178757615,0.3321818143751439,0.4419948495697506,0.5058518099784353,0.502690367020497,0.4831878232104349,0.5019994556455835,0.4900812344283232,0.4725415070242656,0.4817117852731193,0.4942947469798798,0.410919540229885,0.4344838054561062,0.4393568243200804,0.4687257919309925,0.4624971212026045,0.5028683290413081,0.5027845822079853,0.4814657789502334,0.4759646588363377,0.4892071268555158,0.4930280761258714,0.4589326466093
CREB3__PRJNA524331,0.6240472906403941,0.4951881773399014,0.5251310344827587,0.7010049261083744,0.6344827586206897,0.3915034482758621,0.6929733990147782,0.5453793103448276,0.5987389162561576,0.4731231527093596,0.6178600985221676,0.6239763546798031,0.6240472906403941,,,,,,,,,,,,,0.4764926108374384,0.4500729064039409,0.4907980295566502,0.4743881773399015,0.5319881773399014,0.4826009852216749,0.5154916256157636,0.4761103448275861,0.4764926108374384,0.4764926108374384,,0.4948916212447712,0.5020137931034483,0.53506749069889,0.4898128078817734,0.5591014778325123,0.5039133004926108,0.5117477832512315,0.5342738916256158,0.5898325123152709,0.5171940886699509,,0.4573162561576355,,0.4728591133004926,,0.5692137931034482,0.5076295566502463,0.542951724137931,0.560520197044335,0.6599487684729064,0.7254305418719211,,,,,0.4841064039408866
CSRNP1__PRJNA551220,,0.4903795695993679,,,,,,,,,,,,,,,,,,,,,,,,,,,,,,,,,,,0.5818288782540145,,0.4164957613001148,,,,,0.6315748814082665,0.7163631174605538,,,,,,,,,0.5414577726969427,0.5915426912227906,0.7446139879605024,0.7064070557428179,,,,,
CTCF__PRJNA524331,0.5364729064039409,0.5257339901477832,0.5982266009852217,0.4914285714285714,0.5438817733990148,0.4936551724137931,0.5791133004926108,0.4780886699507389,0.5136157635467979,0.5685320197044335,0.4982463054187192,0.5367093596059114,0.5331625615763547,0.5270935960591132,0.525192118226601,0.5369064039408867,0.5366699507389162,0.4534778325123152,0.5383054187192118,0.4798817733990148,0.5341280788177339,0.524128078817734,0.5276847290640394,0.5265024630541872,0.5270935960591132,,,,,,,,,,,0.5278423645320197,0.5119741774260724,0.4770049261083743,0.5759335768317265,0.6132610837438423,0.4463448275862069,,0.646384236453202,0.5260492610837438,0.5690640394088669,0.468295566502463,0.4911231527093596,,,,0.5236945812807882,0.5732315270935959,,0.4903251231527094,0.4958620689655172,0.5697536945812807,0.5640591133004927,0.5494384236453203,0.5631133004926109,0.5487290640394089,0.5473694581280788,0.5213004926108374
DDIT3__exp8,0.4865224954764688,0.5479465205173406,0.5589048109425817,0.5367089638641137,0.51585417648462,0.5128956998818937,0.5446360521064236,0.5341257512552435,0.442363523176188,0.4832483898556542,0.534134478324868,0.485870874277835,0.487488291181587,0.4940568655856736,0.5424397395842424,0.4744180499072022,0.5011519731904421,0.5831457013364052,0.4820018734109461,0.5315949010641207,,0.5087285241361655,0.4853705222860268,0.4946473972969356,0.4940568655856736,0.524930328894164,0.5384020153712785,0.5151821921235287,0.5461691073371383,0.4526760104492113,0.5075605513180784,0.4524316524997236,0.4922198174297033,0.524930328894164,0.524930328894164,0.6087974679861996,0.6121719349076968,,0.560638491075135,0.511641910879165,0.5220416688484341,0.4094159263202601,0.5528336795070952,0.4459008953973434,0.5935585499101113,0.5768127578121818,0.5579710144927537,0.489728239051891,,0.5230714630641323,0.5246306995037207,0.3905450927687501,0.4474266780700376,0.5724419504418807,0.5805944879828251,0.6192059530250932,0.6145660610080347,0.6334078043274628,0.6045415670326217,0.5839573188114895,0.577452742917983,0.6236713036496605
DLX2__PRJNA551220,0.7162431476151743,0.4894339624815369,0.6401698665585185,0.7151324794399652,0.7293686761618812,0.6216930546370396,0.6543513363734611,0.5568662969816095,0.717526925638231,0.4639894791841888,0.6181392621199936,0.7165095812412293,0.7253687153348249,,,,,,,,,,,,,,,,,,,,,,,,0.5933348734564652,,0.6112106711795842,,,,0.5567179582600761,0.3274398695310537,0.934423915773562,,,,,,,0.6060423113880357,,0.9061652453032792,0.9236005177741472,0.9633446378000476,0.9349148737363846,,,,,
E4F1__K562_essential,0.5109077339194961,0.4836145277959655,0.5926616624575187,0.501939910516634,0.6063365213731176,0.4024832023820659,0.6601395644311414,0.5826386290649457,0.617353381348798,0.5510232516446856,0.6526595578835781,0.5086930595828267,0.4914998596950706,,,,,,,,,,,,,0.787224651576092,0.6457324891653415,0.7555108658373085,0.7648187338259597,0.6697543494528108,0.6873480029931719,0.526000257225704,0.5758601471642816,0.7872363436535403,0.787224651576092,0.5072047555576341,0.4786799340555817,,0.6306088609169809,0.547471783119758,0.5626071773766096,0.8291397748885355,0.5990065631528076,0.2882905793034639,0.4812839070246001,,,0.5,0.7952814672777726,0.7837667196707512,,0.4325108931188227,0.6695365845103358,0.5086048818320706,0.5514388075639947,0.5203529838181649,0.4842420026190254,0.552661116827238,0.5120126352383625,0.3827771801827082,0.3582686371714526,0.500327378168553
EGR1__PRJNA551220,0.5062054470068431,0.4979317192217387,0.5369639053107742,0.4721261297541584,0.5143074479271539,0.5304189349427284,0.5086852071213438,0.4476163525092984,0.5233448765229421,0.4777689294099791,0.5307799241620303,0.5065724829467363,0.5276320014221886,0.5485778415505242,0.5174611150515573,0.5236611200098682,0.5366385917429611,0.5931234274747262,0.5353711991070202,0.4512903399405849,,0.4913553059066181,0.5269184883924128,0.5504517202617747,0.5485778415505242,0.4938919051946772,0.5427082898725291,0.4646541971194632,0.6126107985964352,0.4203214557600758,0.481984703006248,0.5692207409772347,0.4537849145205344,0.4938919051946772,0.4938919051946772,0.6878507475863003,0.5287291094029875,0.6175642721048453,0.703475031077361,,,,0.4578165654747975,0.3484688796454687,0.6077504445851315,0.4799282133331398,0.375950620060963,0.7108730315656955,,0.4878064855915718,0.5136616581680009,0.5199215256601658,0.5160437637449518,0.6064240964234251,0.5979813627977935,0.635397865144828,0.607821795888109,0.6731690076545436,0.6574173005141526,0.7475149490049818,0.5987426449202407,0.714981173535439
ELF3__PRJNA524331,0.8154650455927052,0.4986869300911854,0.4266504559270516,0.7022857142857142,0.7381398176291792,0.4283890577507598,0.6162917933130698,0.5757325227963526,0.7119270516717324,0.5233799392097265,0.5291185410334347,0.8122917933130699,0.8180425531914892,0.3280364741641337,0.3092826747720365,0.3811671732522796,0.3480121580547112,0.5075501519756839,0.4080121580547112,0.3914954407294833,0.3668206686930091,0.5,0.3102613981762917,0.3259939209726443,0.3280364741641337,0.4647051671732523,0.4859452887537994,0.4904680851063829,0.5308814589665654,0.4821641337386019,0.4829665653495441,0.5339574468085106,0.5070881458966565,0.4647051671732523,0.4647051671732523,0.7292462006079028,0.399129781782843,0.5971732522796351,0.5415002541572871,0.5935562310030396,0.5175440729483283,0.5063100303951369,0.4830881458966565,0.4815440729483283,0.5651489361702128,0.8048753799392098,,0.5351367781155015,,0.4803768996960487,0.314790273556231,0.684145896656535,0.5144620060790274,0.5085714285714286,0.5142735562310031,0.5679635258358663,0.5660729483282675,0.6049544072948329,0.5966018237082067,0.6069422492401215,0.4911975683890577,0.5108571428571429
EOMES__exp8,0.5336858287203314,0.520660273953716,0.5011167715650657,0.5401658612583672,0.5160173995767297,0.5095925162517837,0.5196538008148297,0.5179855371188672,0.4444199336830713,0.5,0.4741005508027657,0.5418065503477847,0.5373911664747933,,,,,,,,,,,,,0.4705985757715719,0.4865987412192112,0.5627322298894948,0.4963015558971743,0.4890942431115186,0.4671379626501954,0.4894923514935096,0.4623503215888488,0.4705537670359366,0.4705985757715719,,,0.5504925514094071,,0.4918758315467286,0.503277931353017,0.5044567457828086,0.5975520643039826,0.3896946801690323,0.8799746313619788,0.4948487188148434,,0.5161363150674544,,0.4662142133309435,,0.5,0.4463156878830285,0.9198802572710792,0.9232771041148206,0.9329488973604207,0.8742115385941087,,,,,
ETS2__PRJNA551220,0.5724090535359979,0.4985193751646488,0.5430673892547058,0.5667221962229033,0.5531487699441577,0.5241251555838742,0.5706549681313088,0.5050112462273889,0.478991377283556,0.4594919771684702,0.5370736182223184,0.5714905396184631,0.5736367084131687,0.5040679653972377,0.5232139915594718,0.4883826698250717,0.5046857127788271,0.5266863037993246,0.4993874643608136,0.5114509998660983,,0.5384056415819714,0.5114074795897923,0.504084536065391,0.5040679653972377,0.5067983838787711,0.5383161956097885,0.4656527021369836,0.5176976072222454,0.6004166008517146,0.5025379403710744,0.5093581957500156,0.4800464210341291,0.5075752007656718,0.5067983838787711,0.92585124903193,0.7121646442842126,0.6518097708677497,0.4525704983089673,,,,0.7699330215375031,0.3869300904001219,0.9025130220061146,0.5,0.5,,,0.5062197468376082,0.5035777497976998,0.5183678729311276,0.5265398850191627,0.7056755785679968,0.769989058904538,0.915418766174776,0.9078549243348548,0.931842881913588,0.9384612602278216,0.9625312247959916,0.8743234200647451,0.9329818035354857
ETS2__exp8,0.6149579638734893,0.4660719604144568,0.5655615963800338,0.593999989549751,0.6024986545304442,0.4699143863352544,0.5845516581932564,0.5122457323795739,0.5227985244248444,0.5618622082421114,0.5132940229800975,0.6141898705736665,0.6168520715006035,0.4944678994477043,0.504394982835466,0.4741865787452386,0.5072302660110877,0.4674500869983227,0.4967865484395166,0.5501389883113965,,0.5577755077514722,0.4980320874894844,0.4910637308433873,0.4944678994477043,0.4989183992308617,0.503377389841313,0.4647839672280192,0.527975316511916,0.6237544609500322,0.5124344900017244,0.5204733440274214,0.5,0.4987041691268294,0.4989183992308617,0.8908406180277244,0.6342347543930235,0.4699947226242665,0.5957770512147391,0.5254724818818808,0.6326998740744999,0.4730814649159016,0.7333723475961815,0.368403933473715,0.943816848936426,0.6293113808436486,0.489212730493304,,,0.4994435242419651,0.456541333347267,0.5356732311647324,0.4817865223138942,0.931597242179295,0.9177996478266096,0.9638081752297748,0.9463627908434918,0.8708225129713716,0.859013078486595,0.932968184216989,0.9172105150405208,0.8999911172883694
FEV__PRJNA551220,0.4716053653460261,0.4939632854293322,0.4955140566131767,0.4665835291769212,0.4696294561810085,0.5301633799890482,0.4377953036428879,0.5385526652337211,0.4978278053157681,0.5,0.5076944331468655,0.4727595541143607,0.472519823341673,,,,,,,,,,,,,,,,,,,,,,,0.9657012301873666,0.7343307369675276,0.3653802248356457,0.4343168870438965,,,,0.3066651545814753,0.3154268180002864,0.957726204613138,,,,,,,0.4737562113454525,,0.9824795967083864,0.9763281159595288,0.9841081478139422,0.9563284776633604,0.947143715946638,0.9498151571038836,0.9891571797598694,0.9012927920449088,0.9880897455195976
FEZF2__CRISPRa,0.8278969737313738,0.566695683342721,0.7607916431972963,0.8121255568641508,0.8086947616365404,0.6713349377848329,0.6149316401249424,0.3631522351374878,0.8731117824773414,0.5,0.4636694147165753,0.8297403860924778,0.8611808080290849,,,,,,,,,,,,,,,,,,,,,,,,0.9165287432417522,0.2306569716831379,0.7938385916780978,0.7665011009268267,0.5936811920733269,,,0.2863433867581545,0.9066004403707308,,,,,,,0.7358799733729325,,0.7674228071073788,0.7549285677710073,0.9274412412309898,0.9017870858722924,,,,,
FOSB__PRJNA551220,0.6421440432256115,0.5058446716851404,0.6632991389638528,0.5855927388149109,0.6370677637013825,0.5067036391957528,0.6129876738258893,0.5151431931513049,0.6438165455740941,0.5034421532844245,0.4826473289745033,0.6428978389320885,0.6411014117188069,0.5507402722364417,0.5540632372538637,0.5303803449364514,0.5458948293558479,0.5507700451368771,0.543262247633586,0.539078575130851,,0.4801616784491953,0.54795437940999,0.5507532253814362,0.5507402722364417,0.5590755243752089,0.5756697597616931,0.5254953659640456,0.5549100249415707,0.4869986190400792,0.5266909219139954,0.4806604711967488,0.5212766039715117,0.5560098822829782,0.5590755243752089,0.5246592114550653,0.5122533067253333,0.4896559470691963,0.5533215559271,,,,0.559829320081686,0.4560019363985114,0.5531210409533979,0.7558097271932331,,0.3798938963427472,,0.5590826776045343,0.5431938086286892,0.668152315065339,0.5624529119346604,0.4999526340220346,0.5081938308616992,0.5400991669581124,0.5573413495901103,0.5304941199488293,0.5430489074022197,0.5496481481159264,0.5327953331558559,0.6117530651104334
FOXA1__PRJNA551220,0.4450136001474151,0.5152489418287729,0.4998995382886702,0.4620355574868651,0.4474721999907712,0.5205433886109575,0.5288564233308306,0.5034992762172981,0.4794266638674901,0.4834854697986884,0.5016756860656322,0.4446417008236485,0.4680090184822045,0.4666667277840576,0.4711558765440926,0.4744745508712132,0.4643656580158056,0.5276455350231681,0.4798965038102109,0.4812139655682955,,0.4989367865881552,0.5307009461888876,0.4687561785862386,0.4666667277840576,0.4842196424571513,0.5386254270959674,0.459894920869786,0.4999401049568954,0.4936703774090565,0.4444974637810702,0.4956430175978359,0.4410114041995593,0.4842191840767194,0.4842196424571513,,0.4744600388557647,0.6563692266602615,0.6626247319460249,,,,0.4022227172730887,0.3346193960318312,0.7914154359916037,0.3837282891928256,0.461547458723606,0.4951728720681606,,0.4850543532236827,0.4504898711675958,0.4423540004846609,0.5028411947105342,0.5581395988437811,0.6053294059297927,0.79056781417624,0.7951837815224403,,,,,
FOXA2__PRJNA524331,0.7646648351648352,0.5311208791208791,0.7096236263736264,0.7214285714285715,0.7367197802197801,0.5317747252747252,0.6653956043956044,0.4320659340659341,0.6182967032967034,0.5259258241758241,0.3149835164835165,0.7655274725274724,0.761576923076923,0.4606923076923077,0.4856263736263737,0.4629587912087912,0.464032967032967,0.4188104395604395,0.4584340659340659,0.4942417582417582,0.4426758241758242,0.5261456043956044,0.5391923076923077,0.4614945054945055,0.4606923076923077,0.6052417582417582,0.5982774725274725,0.6302912087912088,0.6039285714285714,0.5486813186813188,0.6199999999999999,0.4940989010989011,0.5228379120879121,0.6052252747252748,0.6052417582417582,0.5141950549450549,0.7423564788667898,0.6438598901098902,0.8183364698627371,0.5778186813186813,0.5451868131868132,0.5592307692307692,0.5406813186813186,0.6443241758241758,0.7262417582417583,0.4474780219780219,0.5868901098901098,0.4883296703296703,,0.605,0.4994285714285714,0.7164835164835165,0.6072637362637362,0.5983681318681318,0.6145137362637363,0.7175384615384616,0.7300879120879121,0.4985467032967032,0.5292032967032967,0.6577417582417583,0.6837967032967033,0.6290604395604396
FOXA2__extend_61,0.7577199437498796,0.5196393827897747,0.7651557473367879,0.7266860588314615,0.7476835352815395,0.4475544682244611,0.711486968079983,0.4011095914160776,0.75082352487912,,0.3489048563888193,0.7560054709021209,0.7538479320375259,0.7613800543237463,0.7690470227890043,0.705707846121246,0.7546377453718865,0.5956926277667547,0.6735951917705303,0.6718421914430468,,,0.606499585829593,0.7603783398508988,0.7613800543237463,0.8719924486139738,0.8067846891795574,0.8150488335805514,0.8731097455259965,0.6287877328504555,0.7661574618096357,0.5961742212633161,,0.8719924486139738,0.8719924486139738,0.5297624780874959,0.5442913165266107,0.7656855001830056,0.4942876942876942,0.5392498699697559,0.4475737319643236,0.5149775577430602,0.7443894357650594,0.4287530581187032,0.6087149159137755,0.2107356822253472,0.5,0.7929725876981757,,0.8698541734892412,0.7595114715570883,0.7281308393211459,0.7910462137119301,0.5147174972549171,0.5163741788830883,0.5779314596135694,0.621727572190865,0.5382866829766331,0.555739631292019,0.5869661536090616,0.5798193061200901,0.5761495636762921
FOXA2__pilot_14,0.611004137818018,0.48780163054611,0.5426840509648081,0.5922610512515876,0.5957843418411242,0.4436478348150272,0.6112909172846082,0.5515946986767177,0.516786840919333,0.4984227129337539,0.4092342988242041,0.6088225654471712,0.6251485107951984,0.5525523372526527,0.552414068581261,0.5437748371502314,0.5387664386087099,0.5297072801016018,0.5384489327706994,0.513478634929739,,0.5,0.5436519316645501,0.554611004137818,0.5525523372526527,0.6689335900692367,0.6711612519972143,0.5675468065057971,0.6836412798557909,0.4939161784587652,0.5421668237125651,0.553474128395264,0.4520361342127904,0.6688516530787824,0.6689335900692367,0.7325320578475152,0.5521249583749583,0.4626623376623377,0.6110196458668193,0.5484350034823221,0.6277295259945104,0.8332172559301897,0.5414601171698963,0.3612601909131878,0.7358044164037855,0.3328280552255316,0.2906919578843869,0.8124462288500143,,0.6723442172968986,0.5773792453603179,0.571746077266582,0.6632440902945635,0.7915676594698677,0.7828413699864805,0.7785857675447581,0.7576713507312877,0.7714265230038101,0.7584036625834732,0.7938567741406859,0.7628333811299111,0.6831189315416444
FOXA3__PRJNA551220,0.5938393440759372,0.4723857532611475,0.4994021229431323,0.6100829141444284,0.5456397248984,0.4596154119419104,0.617785687896098,0.4081386591638958,0.35963637138716,0.4998721118594935,0.3925316878392587,0.5816182112712082,0.6031439167874499,,,,,,,,,,,,,0.3690617273424844,0.4835979907352147,0.4591475544945576,0.4794227981925143,0.4111717395629067,0.317193850001421,0.5366006977008554,0.4190098615966123,0.3690617273424844,0.3690617273424844,0.5974187910307784,0.6547989966792364,0.3966594551965214,0.7477780454105607,,,,0.5990767186745105,0.2675398584704578,0.8218294398499446,,,0.6528391167192429,,0.3690382811833916,,0.4975420609884332,0.4089539460596243,0.5660695000994685,0.6165943743427972,0.824378321539205,0.8225671057492824,0.6065681217495097,0.5883293190667007,0.6150417767925653,0.5898090914258107,0.6539428624207804
FOXC1__exp8,0.4966342323105848,0.5093848985952091,0.4994190861597277,0.4970355731225296,0.5005809138402723,0.4927385769965968,0.5057433930863403,0.4768164351515675,0.5031086740641596,0.5,0.4942261874389157,0.4959728540532478,0.4966342323105848,,,,,,,,,,,,,0.51203629926483,0.4811624949464421,0.5012481797378823,0.4879911763897775,0.5077324342252454,0.5150939471132899,0.4861090940491657,0.513340411585306,0.51203629926483,0.51203629926483,,0.5051791608935083,0.5311583735982509,0.5335261443367859,0.5230344112948491,0.5309631001958622,0.4479375596123578,0.5245082839098641,0.5138516550156808,0.5476790922043718,,,0.5286924335972305,,0.515027220523529,,0.4905208991604225,0.4799398283164096,0.5242560966515026,0.5287061714245342,0.5454722083753645,0.5461119986183671,,,,,
FOXF1__PRJNA551220,0.550689054044984,0.5089606352442785,0.5025890545891888,0.5526028411121371,0.5483698343621829,0.5018877861686104,0.5573191320053525,0.5001293998206543,0.5391573532052758,0.5,0.4603044886620966,0.5446592642713188,0.550689054044984,,,,,,,,,,,,,0.5400788734233932,0.568027118332508,0.511130500928474,0.5563533195589039,0.5021051657738684,0.50095447484534,0.474023590675715,0.5134731516535664,0.5400761523991271,0.5400788734233932,,,,,,,,0.5298239376365425,0.3619536712361734,0.7501940997309814,,,0.5319874542641172,,0.5397777467379453,,,0.5530392631708156,0.5581000659697217,0.5936535737025702,0.7525010748045852,0.746675361850877,,,,,
FOXH1__PRJNA524331,0.9812371371083644,0.5218292612819776,0.96540672607071,0.96959701063524,0.9830284564530036,0.5753239436619718,0.9549548720896808,0.6947099741304973,0.9819729807415924,0.5,0.9249324518539812,0.9811681517677492,0.9813509629203796,,,,,,,,,,,,,0.8145087668870363,0.7080086231675768,0.862769761425697,0.8156539235412477,0.5819292900258695,0.7603173325668295,0.4165208393216442,0.5079384880712847,0.8145087668870363,0.8145087668870363,,0.852312700813705,0.4620281690140845,0.7839366336633663,0.7141373958033918,0.6272722046565105,0.139659672319632,0.7245012934751367,0.5796044840471399,0.90898878988215,,,0.9322414486921528,,0.8150939925265881,,0.9619189422247773,0.6964323081345215,0.9297844208105778,0.9391457315320496,0.942614544409313,0.9143799942512216,,,,,
FOXL2__PRJNA551220,0.5511152746099941,0.4986580129907519,0.4591328989902574,0.5548744269084415,0.5245987410299576,0.6763182937233135,0.4328604914258459,0.4998308063731188,0.5518940771992479,0.4999147412396624,0.4661269416447032,0.5506349659415082,0.5667271597870968,0.3981375815143474,0.4705896993649017,0.3960210283759865,0.4037696022334618,0.4561530788385815,0.4027470266669279,0.513556319412855,,0.5,0.5273764467290732,0.398453903871542,0.3981375815143474,0.5308762923630569,0.6269553249391406,0.4458764856515508,0.5781599535542753,0.4501410123409849,0.440755664456117,0.534772247020224,0.528974827836438,0.530875056728849,0.5308762923630569,,0.7080682704541365,,0.3469211397151903,,,,0.5881502326434435,0.2722384590441098,0.8388755940532104,,,0.606518111661439,,0.5328780197796794,0.4377833463692743,0.5425231156269422,0.530858728705389,0.8008484217509042,0.8178593096299857,0.8768990594528929,0.8597909977693272,,,,,
FOXO4__PRJNA551220,0.5073681654123294,0.5061910777999106,0.5128606380972311,0.4943158242842785,0.4848665700400716,0.6567079267394725,0.4966694827893566,0.5297912193811247,0.4158142082432302,0.5153489020996908,0.4946150050250996,0.5060598309809666,0.5270562216934457,0.4988722591246251,0.4996060011832882,0.4767005893188858,0.5004322360789237,0.6851068447282959,0.494699230345918,0.5330331191529929,,0.5030693153721545,0.5506160591334093,0.4996850593065104,0.4988722591246251,0.447565604032481,0.5192483277656779,0.4293858527297013,0.4599751457795621,0.641235528617232,0.4548570365605066,0.4883748388480249,0.4849706890716354,0.526790627737,0.447565604032481,0.6800264560516928,0.5685947491040247,0.552217115308598,0.7656828303172046,,,,0.5924729432615868,0.2221006208387911,0.8445030060172016,0.4974871918089584,,,,0.4449019136716297,0.4600880490470396,0.466723505840225,0.4630785646558517,0.6590910382708489,0.6788896725805244,0.8825475317588883,0.8451034343778824,0.7043913428771473,0.7162185414551346,0.9201347605133094,0.8529141702643279,0.9109516169453078
FOXP3__exp8,0.4558350667994842,0.5005035597093637,0.4928155762920427,0.4511775972694246,0.4578987460447674,0.5144283590179304,0.4631595716629555,0.516481967069026,0.4596474715809212,0.5057131137935076,0.5354634214227117,0.4551429010898863,0.4523101488339388,0.4894197527247158,0.4896184299191374,0.4887458982772765,0.4910457928044064,0.5119453518692136,0.4809965721317238,0.5090823860307043,,0.4997949138638228,0.5381350345716629,0.4895570871909058,0.4894197527247158,0.4765835579514825,0.4649522442282902,0.4851825266611977,0.5170770830891831,0.5069179948435485,0.5214186833470058,0.5306640396109223,0.5,0.4765817268252666,0.4765835579514825,,,,,0.4820055226766671,0.4328196413922419,0.5146728143677487,0.5044258320637525,0.4624783927106528,0.4950989906832298,,,0.5335297521387554,,0.4755269981249267,0.4908526089886324,0.4889161930153521,0.4691345365053322,0.4928302253017695,0.5018357040314074,0.4955009228876127,0.4970866781905543,,,,,
FOXQ1__PRJNA524331,0.566987012987013,0.4928441558441558,0.5054675324675324,0.5836883116883117,0.5585454545454546,0.5008441558441559,0.5618051948051948,0.492025974025974,0.5355974025974026,0.4736623376623377,0.4994545454545455,0.56412987012987,0.5689090909090909,0.4963506493506493,0.4811558441558441,0.4851948051948052,0.4825324675324676,0.4962597402597403,0.4856883116883116,0.4466753246753246,0.5443766233766234,0.4736623376623377,0.4767402597402596,0.5007142857142857,0.4963506493506493,0.4979480519480519,0.5072142857142857,0.4877987012987013,0.4965454545454545,0.5171623376623377,0.4986363636363636,0.5171558441558441,0.4832792207792208,0.488935064935065,0.4979480519480519,0.6225259740259741,0.6673921077485321,,0.6932076740097217,0.5867012987012987,0.5042207792207792,0.4999090909090909,0.4836233766233766,0.487064935064935,0.6755064935064935,0.4892207792207792,,,,0.498922077922078,0.4857727272727272,0.5,0.512961038961039,0.5764285714285713,0.617025974025974,0.6861298701298701,0.6717402597402597,0.6367597402597402,0.6396428571428571,0.570961038961039,0.5475194805194805,0.6798311688311688
GABPA__RPE1_essential,0.6141198664925265,0.5280383833986358,0.5195064214192425,0.6298124365113916,0.6079850529676389,0.4732549702510521,0.5136028878246989,0.5616456247279059,0.4818114206936584,0.5443413510375852,0.4795494122768829,0.6133688869539979,0.6081664489914381,0.5650449862139022,0.5125589537077347,0.622228268756349,0.5892958206356116,0.3732821796546219,0.5439232332027282,0.5623022783340589,0.4688434189522565,0.4979538528515455,0.5650848933391379,0.5714881729792483,0.5650449862139022,0.9343110579016108,0.8510167247133943,0.8677532288492237,0.932790959222174,0.6929781599187346,0.9358728776665216,0.5888822377013495,0.7813869539979683,0.5713920330866347,0.9343110579016108,0.4974940139312146,0.6750575352635486,0.3380541648527064,0.4741481191550162,0.5315465824989116,0.578225221303149,0.2228014801915541,0.8471049194601654,0.4537258743288347,0.4611721811057901,0.6143629371644174,,0.6642903787548977,,0.9330430996952548,0.5745319982585981,0.5956610071107241,0.8333442170947614,0.6356651792192716,0.5469489188796981,0.4956084022638223,0.49182629516761,0.5997569293281091,0.6035608039471775,0.4703889130750254,0.4909791757364679,0.4887316790015963
GATA1__K562_essential,0.594277680330406,0.5210606859802107,0.8219347230110692,0.4968655589488027,0.6328629823524363,0.7215549836214485,0.7026654079401983,0.5893279538526962,0.7743954593274813,0.3720110469640617,0.7868753658294336,0.5975736408020235,0.4501271423019845,0.7353154739461942,0.8274360262558256,0.6215595158081708,0.7281584761052509,0.4292250828570519,0.6281475795712166,0.6535596469522973,,0.6292237328439858,0.3924989416861856,0.7339587108146653,0.7353154739461942,0.8608406531363214,0.6665935409589142,0.7175936595672052,0.7231528205147985,0.569868479798501,0.7602695011798151,0.5310411397196023,0.80925135025414,0.8259842800621392,0.8608406531363214,0.7884114878397573,0.0857423117451962,0.6221086818375992,0.951851851851852,0.6066794789335282,0.9436784191732712,0.945502865402733,0.0171798805624154,0.0732844950035052,0.8499730479534283,0.1260791666947919,0.9770179561380756,0.9632381799123844,0.7772353082417334,0.8601617894230333,0.7532947551028083,0.2743819591968194,0.8076612277211683,0.7042155122287076,0.7955207530758601,0.8531185783976695,0.8585948099711965,0.9405999072348166,0.9097930912117044,0.9579432358077464,0.4676647763269422,0.5061575060244333
GATA1__WTX_DIFFEX,0.4852380721627739,0.5066580107064061,0.5573110954651384,0.5094593207874168,0.5242129347220876,0.5154298113425069,0.556054785608999,0.4892557853676582,0.5108586693575206,0.5028544794673528,0.5952369414720263,0.4847304490267508,0.4850500987849984,0.5616315139030621,0.5718611375572393,0.5372414534665332,0.5568117466416584,0.5212028269169009,0.5396677669522849,0.5480797735577991,,0.5110232054480924,0.5616311971829648,0.5613203364074186,0.5616315139030621,0.5502588078275472,0.5515454040429955,0.5422665345310421,0.5440757980871374,0.51802010665866,0.5521668088739904,0.525956162137886,0.5306661067055346,0.5502588078275472,0.5502588078275472,0.5717884107048858,0.5652840209737524,0.5239209979723579,0.5882417689446813,0.5104692619978324,0.5582866329549795,0.5483246773730728,0.4489859731003287,0.5231845445660016,0.5516781889438082,0.496640431157403,0.6283296783834099,0.5,0.572849739751096,0.5536087562971873,0.5607702331883389,0.4903545269753674,0.5477035100821509,0.5834628322631361,0.5848749684071703,0.5875834794996583,0.5691411849512346,0.5359819764094202,0.5,0.5467319711835387,,0.5966577478287254
GATA1__exp7,0.5213416923863713,0.5150080288394482,0.6205184234148854,0.5998562319172296,0.5418733481869843,0.495574303422181,0.7694882643043878,0.4876456009470096,0.686599884842481,0.3570348011744636,0.7002614290261322,0.5208195495982003,0.4358354463426758,0.5908832438657163,0.4527246197477264,0.7140946365921957,0.5992768680015879,0.2789065042540332,0.7238615677873663,0.5598693927765479,,0.2552348390834606,0.5228008311368765,0.592170719233809,0.5908832438657163,0.9205556171477414,0.6899956011258257,0.9229445992196468,0.6891211907716626,0.8486751520830279,0.9287382383760644,0.5101370803634971,0.8583830739904942,0.9205556171477414,0.9205556171477414,0.9657281209654636,0.2855177269804319,0.9476104814800244,0.9035058006605132,0.5517618742780303,0.9100412349749836,0.1236226695801757,0.034815479745509,0.9224510669952112,0.8710557655650407,0.692963947113373,0.9797168984718384,0.943302803477614,,0.9220791296666512,0.485306687361641,0.3203506939849866,0.7558910938891412,0.634986427863828,0.7348068965763885,0.8072685137169772,0.8787627361712628,0.9668779079955796,0.932303829881588,0.957234359856518,0.9269786887063376,0.5655539541587242
GATA2__extend_61,0.6501472747726471,0.4779345464538124,0.6238482082284948,0.6723801835996873,0.6270642083658939,0.5175055174368178,0.6510747194050616,0.5381411605080335,0.4094496303102646,,0.6503018488780496,0.6468840436585972,0.6507569837439565,0.60261573736142,0.5563851986706627,0.5945349466289964,0.5845391544796434,0.5155819285695884,0.5686695463250007,0.4860325120868363,,,0.4197202208692216,0.5963297237417239,0.60261573736142,0.7213973499128374,0.7696502331492756,0.6857508437169919,0.7255966131096017,0.5688928200328041,0.6201598983245884,0.4380630147103024,,0.7213973499128374,0.7213973499128374,0.7559189001193657,0.7686676721970839,0.7911403275253543,0.8242464362946291,0.4747571898427638,0.4992915353502391,0.7609683208958429,0.6791728567870913,0.4149799483035492,0.6362957174385353,0.4762170563937861,0.3207670310608077,0.7938840178962464,,0.7221444580889489,0.5611168837860351,0.5715291672749444,0.6516844283763706,0.5382570910870853,0.5859432026037149,0.636330067239736,0.6473305910742041,0.7502425954709787,0.7195768104492095,0.7534199520820274,0.5986826851239598,0.8070743415572482
GATA3__exp8,0.4770474432595023,0.4772411357214475,0.4507831252088841,0.4998006107009388,0.4700479293896029,0.517677285571051,0.4663867620696988,0.4780168550420807,0.4940373104852186,0.4868070747121198,0.4920472153860177,0.4769885759426366,0.4749624008750342,0.5287139580105126,0.4780595813204508,0.5344715613891168,0.5292532585908305,0.4854863579740528,0.5135072008021146,0.4767113298696563,,0.5352482301826026,0.4633626910339379,0.5254914471485431,0.5287139580105126,0.4988967125451949,0.5099903533558169,0.4989100051651323,0.5110822471363898,0.5036402789171452,0.4987542916172941,0.4835874122687084,0.5243235955397564,0.4988967125451949,0.4988967125451949,,0.5044701181903807,,0.9484708986830784,0.5258332573755051,0.6414201835141129,0.4894494576611065,0.4832133199647555,0.495258332573755,0.869505400601586,0.6020816242821985,0.4835608270288336,0.5008820602801325,,0.5046676085437365,0.5156966852003768,0.4869618387871054,0.510931280952815,0.6633045832953545,0.7064059034424087,0.8727611430133988,0.8682036733205725,,,,,
GATA4__extend_61,0.6156195906730475,0.554383464005702,0.567096018735363,0.5918032786885246,0.6002647388249669,0.4829141635271357,0.5443233886569596,0.5201506974849811,0.3936869972507891,,0.607086854699114,0.6127176458609104,0.6201608797474799,0.5728031768658997,0.5439721006007534,0.5390082476326239,0.5650035637918746,0.6107321046736585,0.4747581712656552,0.5929946034008756,,,0.5989206801751349,0.569799409428775,0.5728031768658997,0.6871703492516038,0.638392220751451,0.6704816210161898,0.7278586701965177,0.5050605844618674,0.6267793503716526,0.562783830567152,,0.6871703492516038,0.6871703492516038,,0.6031862745098039,0.879472558802566,0.704400579859801,0.5042052744119744,0.5388453314326443,0.3402403013949699,0.5451888809693515,0.3853171774768353,0.7800376743712453,0.9264738824966908,0.334416047245698,0.7819061195397617,,0.6894817228388148,0.5280724977089909,0.5513287852560839,0.5669025557478872,0.7291976377151003,0.7243152428469606,0.7886467773139192,0.7763567864779555,,,,,0.6314020975460747
GATA6__PRJNA524331,0.6821224489795918,0.5098775510204081,0.567004081632653,0.600326530612245,0.667461224489796,0.4504489795918368,0.6014367346938776,0.4958367346938775,0.6760489795918367,0.4845224489795918,0.6261551020408164,0.6818938775510204,0.6818285714285715,0.5144489795918368,0.4803755102040817,0.5352163265306124,0.5325714285714286,0.4844408163265306,0.5467755102040817,0.5113469387755101,0.4854204081632653,0.5,0.4813061224489796,0.5164081632653061,0.5144489795918368,0.4838204081632653,0.5156081632653061,0.5623510204081633,0.5415183673469387,0.4074122448979591,0.5186938775510205,0.5333061224489796,0.5091755102040817,0.4838204081632653,0.4838204081632653,0.7402448979591836,0.5728360309641097,0.4969795918367347,0.7020965382740126,0.5248979591836734,0.6275591836734694,0.5486693877551021,0.6310530612244898,0.552261224489796,0.753534693877551,0.6641959183673469,,0.592,,0.4806530612244898,0.4881306122448979,0.6489795918367347,0.4904979591836734,0.7040163265306123,0.7692897959183674,0.7773061224489796,0.7669224489795918,0.7378938775510204,0.6695183673469388,0.7557877551020408,0.7421387755102041,
GATA6__extend_61,0.5508227710806036,0.5745452291673123,0.4620301217887136,0.5580588180606775,0.5635749480925967,0.4255012550745297,0.5398369952586073,0.4831804518268307,0.5363041928786141,,0.5135114196287458,0.5481266850537668,0.555486690012086,0.4964671976200068,0.4408333075087545,0.531802968793579,0.4916793207102792,0.5271313024884564,0.5279215345997706,0.4517648517152685,,,0.391629737518981,0.4971644612476371,0.4964671976200068,0.5895441445350027,0.6020871424587064,0.5712913322383713,0.6121354860702222,0.5217236356875019,0.4982490935572841,0.5789379900213828,,0.5895441445350027,0.5895441445350027,0.6585422541758343,0.7347871831659494,0.6667467228609503,0.7635653235653236,0.5857479314512379,0.6127707707087298,0.4136012891629738,0.5819362236201927,0.4087669280114041,0.7410440360717716,0.6080293780408441,,0.4811583873067031,,0.5894821655458801,0.4232312745979113,0.5414639437230779,0.548521801109424,0.6067355666429081,0.603481669713967,0.7414856363692708,0.7495506523288605,0.6312327620936502,0.6513991756794446,0.8006910657287181,0.8071833648393194,0.7457776813660169
GBX2__CRISPRa,0.723846587126837,0.5029187362384147,0.6596343898817144,0.7947155512315017,0.7410261662143479,0.5823646884121051,0.6437349582671923,0.6271186440677967,0.7213374980797789,0.5,0.7439961083516822,0.7224128219570894,0.7393363715500026,,,,,,,,,,,,,,,,,,,,,,,0.601618106405858,0.8958709324582992,0.2097777663986891,0.684857423795477,0.7316042808131497,0.6180808029084951,,0.289287725946029,0.3774898868349634,0.8818167852936659,,,,,,,0.6696835475446772,,0.772812227968662,0.7836806800143377,0.907035690511547,0.872702135285985,0.6098750576066363,0.581558195504122,0.6443750320036868,0.6147524194787238,0.7182139382456859
GLIS3__CRISPRa,0.46404833836858,0.4679580593566732,0.5025768615603341,0.4619157632841656,0.4686333748000711,0.4744446419051004,0.5799182512884308,0.4834903145548249,0.51576328416563,0.5,0.5036786920206149,0.4650435400746402,0.487151235116403,,,,,,,,,,,,,0.5423138439665897,0.5076239559267816,0.5029678336591434,0.5247200995201706,0.6326639417096145,0.4813577394704105,0.4867247200995201,0.4979562822107695,0.476061844677448,0.5423138439665897,,0.7860868231323823,0.4597476452816776,0.6642616642616642,0.5426337302292519,0.5390438955038209,0.4427936733605828,0.541034298915941,0.3164741425271015,0.7752443575617558,,,0.4783365914341567,,0.5389728096676737,,0.5039274924471299,0.4882530655766839,0.7439843611160476,0.7176470588235294,0.8426159587702151,0.7676026301759374,,,,,
GSC__PRJNA524331,0.3817204301075269,0.4689953917050691,0.6057880184331796,0.3558279569892473,0.4890384024577573,0.556605222734255,0.7144270353302611,0.5549953917050693,0.3689708141321045,0.4822304147465437,0.4323072196620584,0.3842396313364055,0.3768663594470046,,,,,,,,,,,,,,,,,,,,,,,,0.6111638327430684,0.615247311827957,0.7249929661027315,0.526826420890937,0.4859477726574501,,0.5978801843317972,0.5466728110599078,0.8003932411674348,,,,,,,0.492273425499232,,0.7003348694316436,0.7380829493087557,0.8181505376344086,0.823010752688172,,,,,
GSX2__CRISPRa,,0.4996978851963746,,,,,,,,,,,,,,,,,,,,,,,,,,,,,,,,,,,0.9216396080152114,0.462588116817724,0.865924456202234,0.5241020476670023,0.5910372608257806,,0.221315877811346,0.2856998992950654,0.927257468949312,,,,,,,,,0.9012084592145014,0.8847096341054044,0.9718026183282982,0.927576367908694,,,,,
HES7__PRJNA551220,,0.4812757250169157,,,,,,,,,,,,,,,,,,,,,,,,,,,,,,,,,,,0.7505517098104392,,0.8167981742911044,,,,0.3426014443196804,0.1391305057658504,0.9651309810380888,,,,,,,,,0.9466407141418888,0.8449315480995458,0.9895875471417456,0.9620058846684796,,,,,
HHEX__exp8,0.5492603226688543,0.5015736942849329,0.6633497402242275,0.4810623461853979,0.5577235438884331,0.6137093245829915,0.5036108832376266,0.5257752255947498,0.4814902925895543,0.5387735849056604,0.5498755810773859,0.5529354662291496,0.5551175827180749,0.5777044025157232,0.5,0.5911751435602953,0.5473516543614985,0.4983593109105824,0.5817473338802297,0.505188679245283,,0.5,0.4222504785343177,0.5806617445993985,0.5777044025157232,0.4060596117035822,0.4177686628383921,0.4466065080667214,0.4977590921520372,0.4223038009297238,0.4241441071916871,0.5362646978397594,0.4615600218758546,0.4060596117035822,0.4060596117035822,,0.4469100355482636,,0.3204553210159411,0.6394079846869019,0.5226100628930818,0.4651353568498769,0.3982540333606781,0.4040989882417282,0.9723120043751708,0.3461799289034728,,0.5240347279190594,,0.4148796828001094,,0.5773236259228877,0.4024330051955154,0.9784577522559474,0.9726271534044298,0.981438337435056,0.9723304621274268,,,,,
HIC2__exp8,,0.5283053048947224,,,,,,,,,,,,,,,,,,,,,,,,0.52589896089691,0.5734618539786711,0.5349090784796281,0.5253999179655455,0.4976210008203446,0.5030831282471971,0.5017637407711238,0.4807988105004101,0.5275191413727098,0.52589896089691,,0.367346869018321,0.4965784796281104,0.4551516413673948,0.4656685808039377,,0.4818635493573968,0.5609857806945584,0.4389014219305441,0.5296896363139185,,,0.4965135356849877,,0.5282164342357123,,,0.5202881460213289,0.5509707410445721,0.4917931364506427,0.5469886519004649,0.5346937380366421,,,,,
HIF1A__exp8,0.4775358623594883,0.5224053832339313,0.4801121876593575,0.4608784338070638,0.4859676739906436,0.4671296809524865,0.4617142983836996,0.4895273041704543,0.4680619914418109,0.5021800101988781,0.4836873378710951,0.4864288406536151,0.4833625257743387,0.5032847038999623,0.4887928740881981,0.4783029953661619,0.5046260780879321,0.4979591158016097,0.4911003702636188,0.4552890051659535,,0.5152201627386205,0.5032835953262532,0.5079617763785115,0.5032847038999623,0.4534997671995211,0.4765669689377647,0.4446600004434294,0.4693468283706183,0.4487827860674456,0.4520164955767909,0.5219248165310512,0.4602227124581513,0.4534997671995211,0.4534997671995211,,0.4458373057224575,0.4310478238698091,0.5063889003848859,0.5208256656985122,0.5261468195020287,0.4891404119459903,0.4490843181163116,0.4420371150477795,0.5831956854311243,0.5236747001308116,0.5333370285790302,0.5038378821807862,,0.4411945990288894,0.477522005188125,0.4948207436312439,0.4696466975589207,0.5439865419151718,0.5439654790146997,0.6047302840165844,0.6050218389020685,,,,,0.5410543644546926
HINFP__K562_essential,0.4618441453162246,0.5595880231555099,0.5455972124197734,0.4453968172984168,0.4559466142105746,0.4086081089635481,0.469227869377528,0.4954715048719351,0.4922378777958237,0.4455862525734381,0.4957714834246496,0.458000640584122,0.4495190422606006,,,,,,,,,,,,,0.646356937629971,0.5429082708102444,0.499076443983375,0.5485913290608829,0.5301372153864904,0.5707661216032743,0.4489119990476272,0.5154921207208177,0.6389165247083123,0.646356937629971,,0.4663983214148075,0.4833103271041723,0.2336662614644941,0.4494302297127103,0.5392565633890113,0.5850488799698415,0.4925723420719211,0.2905974911400035,0.3617448453291686,,,0.4844932346569237,0.6275579667217495,0.6490751684840173,,0.5338975764567384,0.6059760451772425,0.466152971110412,0.3784968759713872,0.3802896611801297,0.3599657599283452,,,,,
HNF4A__PRJNA551220,0.6078106550587739,0.5349425170196015,0.5564972652895392,0.5875647954670917,0.5715637742671914,0.4979254495494384,0.5780963100103786,0.4564458718803748,0.5060759965153458,0.393734957663548,0.4352483530531924,0.6050380782770681,0.6175768317177831,0.5800686928403123,0.5134249206117101,0.6092181390632301,0.5480452166739462,0.4638038457892889,0.5602672266754181,0.3644993000684451,,0.519638331386036,0.4199451200314743,0.5805688140601698,0.5800686928403123,0.91583864851052,0.917139678141035,0.9110360558821162,0.9279291980770576,0.5884311959422546,0.7951041466717408,0.6609387703972058,0.6601371475276627,0.9158362669809016,0.91583864851052,0.9014487320974464,,0.9142227806644562,,,,,0.6234611150988502,0.2688175372030649,0.9417346871217832,0.5,0.3800616435126419,0.9348018162497482,,0.9137252791271788,0.4639353062242229,0.4611710647961815,0.8313958002201486,0.7229416558584916,0.7556369615301997,0.9502917611935464,0.9474172549441746,0.8868966335173621,0.912973192073698,0.9803480938951392,0.9338958823829204,0.9638059891659454
HOXA11__extend_61,0.916818747895013,0.4494137366553618,0.7777642884556641,0.9009814134546852,0.982502173521418,0.5897409789070516,0.6491348993130888,0.8468235257258779,0.972711536503411,,0.6336656928246379,0.9172338709045766,0.9094483563478574,,,,,,,,,,,,,0.4592983637887415,0.5044136191677175,0.4661439771917319,0.4587030930580467,0.5043000477783086,0.4649769332591855,0.5044292841869463,,0.5504217806427358,0.4592983637887415,,0.6493431372549019,,0.4842318465847878,0.5233996224730366,0.7166902947373368,0.5207522342233675,0.5568052759784763,0.5322973533950013,0.7025996099410212,,,,,0.4770389980653701,,0.8764264958135236,,0.904842840694587,0.9135604238954204,0.8109937104947796,0.6687788334260182,,,,,
HOXA13__PRJNA551220,0.6201597815033864,0.5529495323026414,0.5154633045197754,0.6539024910560634,0.6337894737997634,0.4958027441611471,0.6360574300082295,0.4983921588286543,0.5400019100889655,0.4865594870130417,0.4107624365270484,0.5952294613292974,0.6206801160836443,,,,,,,,,,,,,0.3194561588842738,0.4174836078140935,0.2606506670491724,0.36648825752683,0.7257042721225444,0.3753749281429653,0.5293862796333654,0.4113623581475357,0.3382376026261162,0.3194561588842738,,,,,,,,0.610462603787904,0.1967109878050699,0.9051851231147476,,,0.4491596157427923,,0.3219418359614132,,0.5041698120318774,0.3435906086560694,0.7401150151654479,0.746946693515248,0.90694683256387,0.9051600577710432,,,,,
HOXB9__PRJNA551220,0.5441152327898674,0.4946241521084902,0.5036035121119761,0.565522558147075,0.547166535747866,0.4879071513229774,0.567216239718128,0.500230473127794,0.52671644154294,0.5,0.4696584314480969,0.5462309194925714,0.5441152327898674,,,,,,,,,,,,,,,,,,,,,,,,0.7214323762941395,0.6817522064778474,0.397713142589603,,,,0.7418469380525631,0.2782852799292129,0.9184605458653532,,,,,,,,,0.8975493338580379,0.9029614638980614,0.948965169652067,0.9304773993093184,,,,,0.8839608543922758
HOXC13__PRJNA551220,0.6174592889419387,0.4957433142922102,0.5215330946088044,0.6444684116292949,0.63704208940802,0.51826683150027,0.5760843493335607,0.3781591212663767,0.629289226134652,0.4997015943388183,0.5002259357148946,0.5960138687583483,0.6191312132321596,,,,,,,,,,,,,0.5446818427260067,0.5119625145650382,0.5347490550487396,0.5522752721175435,0.5816403785488959,0.5837155767755138,0.5,0.5,0.6062720607042373,0.5446818427260067,,0.7586135189023594,0.6342608065478729,0.825845240116402,,,,0.6298436922727144,0.2077366641089038,0.886384602267883,,,,,0.5475644414130219,,0.5175871770824452,,0.727137863415466,0.7468509676869298,0.8866672350584022,0.8929841987097507,,,,,0.7409867280529742
HOXD13__exp8,0.6495887483269288,0.5297496330037563,0.5586708259574285,0.6570932818099391,0.6373496934501964,0.6086916044212254,0.6037762834074523,0.3931528215534735,0.6643104248521221,0.5,0.4860460472345754,0.6461333167825223,0.6490584927248391,,,,,,,,,,,,,0.4989759185700099,0.4857775463062908,0.5042083135443203,0.5318706554121152,0.5929492195932817,0.5414489875221277,0.5,0.5,0.4996437977634818,0.4989759185700099,,0.5526117008747634,,0.8573477250489238,0.4901477699581192,0.5084166270886403,0.525765295108156,0.4919341781442943,0.382022850913173,0.8322860897629636,,,,,0.5026904062864297,,0.5525114956176331,,0.8626557035533872,0.8646714843918657,0.8923149367471181,0.8219440816458701,,,,,
HSF1__exp7,0.6461926012740162,0.5074936293352914,0.5823914010326139,0.5004149832897727,0.6445851976452763,0.5037687019719586,0.6527074303604342,0.5414872394097549,0.6240052949766594,0.5267941461091377,0.6491611034002949,0.6537323398637267,0.6475501978028649,0.6057273530603122,0.5845135940587934,0.5898155746555522,0.6015343292154073,0.4972112655998114,0.5945864233343178,0.6008537799666379,,0.5092948085648815,0.6059094554321954,0.6093332134881826,0.6057273530603122,0.6305726535934285,0.6201443744958623,0.598781781825016,0.6629646966536356,0.5456475782135524,0.632604962756563,0.599321085003286,0.5206948839739407,0.6305726535934285,0.6305726535934285,0.4940069642484017,0.4791184903177289,0.5261439472556823,0.5058877348521945,0.5932194882222956,0.5795769855286981,0.6581880113603864,0.575013920325543,0.5041702610484193,0.5833369325789315,0.5018554597442862,0.5215411930740398,0.5012741329417354,,0.6229231866514292,0.5947901211797899,0.5821608547605179,0.6075705559141831,0.6077380667498579,0.5915969093958988,0.6028382288910082,0.575118979386245,,,,,0.5211676497470995
HSF1__exp8,0.5173830817801286,0.5089406082022981,0.5087441270788275,0.5142546816049687,0.5134228637099842,0.4857395817198934,0.5199645855921492,0.5158619067560823,0.4806740975731951,0.4961215295505697,0.5174901663827013,0.5173907306803123,0.5160512170356305,0.4899273545705047,0.479476088581913,0.4855454908777304,0.4853791272987335,0.4994349374989243,0.4979309725002916,0.476159334239728,,0.4959838493472619,0.4903939374817143,0.4973515683113714,0.4899273545705047,0.5397436853548421,0.5455793181387931,0.52660478706418,0.5349698155276499,0.5056152488474063,0.5481154066059726,0.5260387684505814,0.4666230679356192,0.5397436853548421,0.5397436853548421,0.5011148272017838,0.5113347139598166,0.5009718883795996,0.4825136161082687,0.4894827622473233,0.5172014204007641,0.5146868444653514,0.508586846568799,0.4875122143374809,0.4989501884497782,0.4637423009039088,0.4474893441259315,0.5011023977389851,,0.532722951098669,0.475084663763909,0.4885548550437804,0.5076551149151641,0.5150315230298823,0.5066000447460661,0.5168065459287773,0.5077794095431503,0.5015431656120746,0.5017439492418984,0.4881690636407617,0.4968237941986917,0.6316566944130521
IKZF3__PRJNA551220,0.7285479029555225,0.5172304072457106,0.4090454020070001,0.7252753701178347,0.6803092130676147,0.3787301640865315,0.3539157586708233,0.4934209652038244,0.5167107916835827,0.5,0.3393886961815273,0.7157235519785035,0.7329803132893621,,,,,,,,,,,,,0.2605751099069037,0.4525142300753189,0.2777312330313043,0.4028032960947157,0.3251924406686377,0.2386100044809376,0.513221304417225,0.5394118698410798,0.2605751099069037,0.2605751099069037,,0.7319812263450761,,0.4104725656209128,,,,0.6159239175310377,0.2319861005823427,0.8121167181976985,,,0.3440191726197239,,0.2602406447174881,,0.4990297523210615,0.3544267886309906,0.5586099477413073,0.5860915637277878,0.8072825016921101,0.817982252142257,,,,,
IRF1__PRJNA551220,0.9144233142323794,0.4925483843464915,0.7751282246882446,0.9062268062517108,0.9413899870316936,0.444225738273555,0.8410915813705122,0.5267992963908621,0.8375995620392102,0.8174111850518956,0.216864407159941,0.9147558233976965,0.9023461864653962,0.9519461433872856,0.9026140784649832,0.9320471974548016,0.9459371957047534,0.4689097199474088,0.8509766615361833,0.7228936598893432,,0.8136467864178308,0.6580475295152366,0.952518050177024,0.9519461433872856,0.9658051792453252,0.9357072662900324,0.9659521384243284,0.9692814930155126,0.6850067982643111,0.9067504745323108,0.7080010859273683,0.6365563762334475,0.9658051792453252,0.9658051792453252,0.9979908100030962,0.7527315628365738,,0.6514824536228209,,,,0.8044213398189821,0.497778784928046,0.9944272181861424,0.5,0.5,0.987644210705808,,0.9632151078523318,0.9186578700566748,0.6191273541514284,0.8765920951667258,0.9825098384122126,0.986461694136441,0.997402075826449,0.9966524718309544,0.9972828257445558,0.9947553522308628,0.9997314349049364,0.9742944837582062,0.9983033506692812
IRF1__exp8,0.7647158976581486,0.483825282090176,0.5863638357040775,0.780680370032143,0.7793376362726434,0.4891884780286966,0.7379321642133722,0.4651792117469212,0.6812174635359429,0.4954487645817532,0.4194024383322756,0.7637485102233503,0.7516110225414172,0.7842339065426348,0.6574545585875627,0.7777936859267056,0.7544848081477239,0.4783808256071323,0.7535728842591877,0.5418891657766702,,0.5031910886849207,0.7203914952456132,0.784944613844733,0.7842339065426348,0.909369985708463,0.8137663101521507,0.9113937602220604,0.9042260642551632,0.6922289122437713,0.8628334906950228,0.6423529958054081,0.5748744976034589,0.909369985708463,0.909369985708463,0.9485091914704806,0.5711055561574856,,0.5794378318682789,0.6175981962738817,0.9609214171838965,0.9757005174877852,0.7072195479334025,0.4858245494554254,0.9574536556926236,0.5111507524984393,0.4785872015932226,0.5746210420955418,,0.9062627372678916,0.6711043952925637,0.5334896631427967,0.8061890868378556,0.8974143668642716,0.9239614128500008,0.9593903653370894,0.9571673090119232,0.8516872526712791,0.8733373834620602,0.9788464614257484,0.9640325351742072,0.9582746451622888
ISL2__PRJNA551220,,0.4996581066489817,,,,,,,,,,,,,,,,,,,,,,,,0.4266685969097419,0.454672094235535,0.4745508322456642,0.4446421735605145,0.4380961318272097,0.4130191843654888,0.5192453054752718,0.4857909695523228,0.4266685969097419,0.4266685969097419,,0.538316088749029,0.5393463456893686,0.5131285994574041,,,,0.5295204166120686,0.4054282936632141,0.5950268965639576,,,0.6416843240038888,,0.424536555694856,,,0.4529285811969529,0.5395434708097465,0.5430319274030239,0.5786008522442795,0.5994792349142063,,,,,
JUN__PRJNA551220,0.5371464100863192,0.5191393440066211,0.5273707653949248,0.4935671225584282,0.5748698764163871,0.5046856966992382,0.4980733599645656,0.4429321527421089,0.5613112381443535,0.3664373691226042,0.5386170197280453,0.5350981203562568,0.5545911842441811,0.5873825352628154,0.577141502508895,0.500095032325547,0.6194352542894515,0.5044378224496713,0.5661955253707196,0.5111212774673574,,0.4227846758815444,0.5872373874220455,0.5807202909611158,0.5873825352628154,0.3454718240591903,0.4538263507794938,0.3147516370721726,0.6157005046902715,0.3178870799706377,0.3258614773887529,0.5391635075869899,0.4588006795747044,0.3454718240591903,0.3454718240591903,0.8551495251502945,0.2894778397726076,0.6738247287835655,0.6637171577570644,,,,0.3880937180929487,0.237436913716055,0.822545951352599,0.4486819203599999,0.3259169995570703,0.3951437857800864,,0.3476390601573336,0.5220878414769313,0.5544832591304855,0.4243860849385201,0.7603103834772681,0.7568561559944186,0.8750056665883394,0.8619171991873386,0.7744103109033478,0.7287575719136848,0.879107652701559,0.8552397746673348,0.8848083445452068
JUN__exp7,0.5562389972685785,0.4748219510032802,0.5473956508339912,0.5492690175748186,0.5505798465844567,0.5162850979216711,0.5621324507225391,0.5044791934918712,0.5315907680487013,0.511833345294736,0.553615228413538,0.5559814753053325,0.5525197046518598,0.5230566590535857,0.5309965677810472,0.4779523204417557,0.5146618652189148,0.5406736943425379,0.528698923051593,0.5055367222097917,,0.5184381504012698,0.5230756565754645,0.5266746315536174,0.5230566590535857,0.5245215790740185,0.5131272876182595,0.5356224643585381,0.5167684793116987,0.536540677916014,0.5477787675252139,0.4924664271571686,0.4791649955883532,0.5245215790740185,0.5245215790740185,0.4744821064452259,0.4651576583766986,0.522836076716215,0.5399019064191063,0.5041499031126384,0.4864568777361708,0.5116623675978266,0.5438188396313637,0.5180666433067509,0.5545957116260612,0.5035071536224053,0.531440898709435,0.4971524825539424,,0.5348330117826852,0.5454811227957598,0.5278102611948174,0.5297321771582241,0.5031240369311825,0.5158734849476302,0.5520384340975966,0.559633221177593,0.4882996373584157,0.4842605531234037,0.4887956837630291,0.4885740460077762,0.4782478374487595
KLF1__PRJNA551220,0.8818474315449027,0.4998813465612866,0.8602513326423448,0.6206340576201465,0.8464546132876277,0.5977740774632743,0.7815170388734022,0.5105296815295781,0.7620511860052638,0.6131118938366702,0.8817176964640376,0.8820111103945204,0.8818474315449027,,,,,,,,,,,,,0.628574553394846,0.606373381855618,0.617601880724392,0.6493014671894539,0.5622240696062901,0.62089148117229,0.6124227854136838,0.5253485326208602,0.628574553394846,0.628574553394846,0.9383407447222928,0.7152840431897289,0.5915612446421259,0.7188177766567178,,,,0.6119030214546581,0.5767262952193396,0.9066796944182268,0.9442737660791134,,0.5604606159436277,,0.63570638879632,,0.7925043622734578,0.5803746014352623,0.935403310875204,0.90633511524808,0.960835130522776,0.9029612543859842,0.8157453861932322,0.695270140485272,0.9747797298994486,0.8833086608723989,0.9722872589268616
KLF1__exp8,0.8996200294671025,0.5025997983829825,0.8830427436239638,0.696033776972398,0.8703529114068705,0.5352452258804419,0.8292030413967897,0.4913353658287724,0.7909672311126892,0.579934107150874,0.8995843179508529,0.9011484823625924,0.8996200294671025,,,,,,,,,,,,,0.6406482762561271,0.6415512674527282,0.6408043865985904,0.6648392573637146,0.5874738285602341,0.6205630991882263,0.6357399834298564,0.5903766646668218,0.6406482762561271,0.6406482762561271,0.9699145780531304,0.6047795809901007,0.6088680877809476,0.6869854025096178,0.5555967088266625,0.6516861957644102,0.5687875226002882,0.6312377815597975,0.5860749574522793,0.9374109762916344,0.867498030764961,,0.808531175133357,,0.6386872038494974,,0.8708758300376704,0.6116586876936074,0.97244856521331,0.9633686571245496,0.9788975548834988,0.9364620702884268,0.8544526138789237,0.766217109693534,0.9689911802758152,0.9295024059358664,0.9599826952195544
KLF4__extend_61,0.4415075802816358,0.5333243435880641,0.510929282810965,0.4486602068925661,0.4976844984685327,0.4904143630444414,0.5294157307699717,0.5135847893510046,0.5744871029261621,,0.5198512839282619,0.4391651095143611,0.4600893837529618,0.6024965806861744,0.6131282387162643,0.6146674115312746,0.6053283504459556,0.5368457552349213,0.606938799098457,0.4885977923754118,,,0.6024965806861744,0.6064706902197993,0.6024965806861744,0.5611122883396582,0.5624463023251334,0.5300976671611026,0.5823024021883608,0.5203675521565757,0.5406753867195778,0.543311629519755,,0.5611122883396582,0.5611122883396582,0.5396861936776406,0.5881245951834188,0.6120571747799117,0.7386655011655011,0.5197202904971971,0.6899289167999075,0.6070216331798655,0.6812929822195681,0.3964862938490878,0.6045780277783128,0.4118549055113559,0.5,0.7647088285719791,,0.5585733274257865,0.5915759665581476,0.504076207354896,0.5701643197010267,0.5033470748011019,0.5029126774672035,0.6096337963052146,0.6007281693668008,0.5361927144535841,0.5258933559361214,0.5467646548901004,0.5119126967309433,
LHX1__PRJNA551220,0.452572831800328,0.5066323384495199,0.4560522071113737,0.4514104376550272,0.445189522293183,0.56374951174489,0.462266554574529,0.4336753762786335,0.3929670445149866,0.5,0.4963249508770747,0.4541022847365009,0.452572831800328,,,,,,,,,,,,,,,,,,,,,,,0.9837957547085636,0.8155004894789049,,0.6645097606050854,,,,0.5382375626304905,0.3123821495914519,0.9594696211140346,,,,,,,0.4303652792620952,,0.9844164830959636,0.9885348034190744,0.9860812595296492,0.9580824313419134,0.9650367207498012,0.9656268402508592,0.9624298845834316,0.8706017384856062,
LHX3__pilot_14,0.4871261829652996,0.4864889589905363,0.4850804416403785,0.4926750788643532,0.4770378548895899,0.4669921135646687,0.4764574132492113,0.5301324921135646,0.4672996845425867,0.5,0.5459022082018927,0.4850283911671924,0.4871261829652996,,,,,,,,,,,,,,,,,,,,,,,,,,,0.471217665615142,0.5519242902208201,,0.5740725552050473,0.518198738170347,0.4430599369085174,,,,,,,0.4627302839116718,,0.4818675078864354,0.4851624605678233,0.443583596214511,0.4389826498422712,,,,,
LHX4__exp8,0.6951394585726005,0.6274294819208683,0.5330504196377864,0.697478229317852,0.6851296775414905,0.58704328895059,0.6707933678298731,0.470996087587556,0.5763945857260049,0.5,0.3557850066258597,0.6892787278349214,0.6951394585726005,,,,,,,,,,,,,,,,,,,,,,,,,,0.7253278483127297,0.4446425190887865,0.6055325929197956,0.5376411939168297,0.4302707136997539,0.2200416482615005,0.8715214236133022,,,,,,,0.5495283018867924,,0.834385057108601,0.8390862623840476,0.8957373635388401,0.875840064365495,,,,,
LYL1__PRJNA551220,0.4916690011327235,0.4939749281927794,0.4732896483685127,0.4932025841285444,0.4790546451336951,0.5339684513928344,0.4744886444645213,0.4750129141945805,0.504931395356335,0.4857334868468659,0.4838993488093506,0.4909944538818169,0.4926104297972919,0.4501128782999259,0.4677223946105,0.4571334715146183,0.4480673845119938,0.5521966310609843,0.4467200811606081,0.4625979132381062,,0.5,0.4500208131679647,0.4505481278537504,0.4501128782999259,0.4856338988831103,0.5039446505859569,0.4492316322897136,0.4777947499231596,0.5184424012592505,0.4489235544162246,0.5308672535430747,0.4596262155642375,0.4856338988831103,0.4856338988831103,,0.4664285414161786,,0.4279418416188944,,,,0.5266204358800387,0.4461404648823464,0.4770650352390935,,,0.3957584483192202,,0.4833931696986068,,0.5165505881779773,0.4891782273485743,0.5643997389219138,0.5156340565043478,0.6276388123669623,0.5105351885830639,,,,,
MAX__K562_essential,0.7389629675820554,0.5132533306542598,0.4497076114558108,0.5831546321989998,0.6285649288486567,0.7017683040194187,0.5312227545726127,0.5138330267410802,0.5787705361957849,0.5985541086248848,0.5752323114746336,0.7410467556072894,0.7134661553331463,0.3572186597472663,0.3490445984911735,0.4115409176519768,0.3376510298843725,0.4718737694449352,0.3584300167095665,0.4114410297804429,,0.5,0.3572504160070026,0.3604537565345722,0.3572186597472663,0.8494932278332646,0.8782470775580244,0.7515136188163346,0.8243982766166534,0.7100693903144563,0.7833091408372796,0.7167832410092254,0.7327430710728188,0.8515972243874218,0.8494932278332646,0.5000935366195866,0.7495594982641615,0.5898834949438261,0.8873818982395425,0.5269258439370371,0.5293000573922222,0.7371875039695325,0.7499708419796969,0.2007884790599223,0.5317331642745543,0.3458227815943028,,0.8446581929417959,0.3099035648999793,0.8489776216524572,0.4948462477380881,0.6434343644302176,0.8282130694907797,0.4513546065630373,0.531531945065135,0.5576301053961391,0.5444374003286483,,,,,0.4466806625164122
MAX__PRJNA524331,0.5503959899749373,0.476110275689223,0.5137744360902256,0.5070609857978279,0.5384728487886383,0.4844177109440267,0.4932598162071845,0.519719298245614,0.5631345029239766,0.5103458646616541,0.48040768588137,0.5520267335004178,0.5584761904761905,0.4655906432748538,0.5025396825396825,0.4755956558061822,0.5042071846282372,0.5145196324143693,0.4630843776106934,0.5699248120300752,0.5438663324979114,0.4971194653299916,0.4655906432748538,0.4677493734335839,0.4655906432748538,0.3432848788638262,0.4374636591478696,0.3830843776106933,0.4486750208855471,0.4624761904761904,0.3769289891395154,0.6638395989974938,0.4482305764411027,0.3432848788638262,0.3432848788638262,0.5656608187134503,0.603100980652001,0.4925146198830409,0.532350025613902,0.4890559732664996,0.5081771094402674,0.3567050960735171,0.4694135338345864,0.4759966583124477,0.669219715956558,0.6649289891395155,,0.3897410192147034,,0.3435655806182122,0.4899816207184628,0.5190409356725146,0.4373700918964077,0.6011428571428572,0.6250192147034253,0.7222121971595656,0.7140116959064328,0.4782121971595655,0.5129791144527986,0.6514954051796158,0.6051662489557226,0.6694937343358396
MAX__RPE1_essential,0.7236101142500794,0.5129581475249738,0.4924549059290025,0.6829248490981186,0.6585558131052254,0.6107037381308169,0.5268905387756062,0.5863558813493511,0.636641212392192,0.5018320017884668,0.5757898080928121,0.7246643683300192,0.7152455023591289,0.3689571591617738,0.374926755227147,0.4172575274447281,0.3354398804551177,0.4824989116238572,0.3237077739472167,0.4038557931026368,0.3804233489039758,0.5,0.3690159903046277,0.3669216016190331,0.3689571591617738,0.6401910835519891,0.678713715892645,0.4383120168492393,0.6358469919636659,0.4771123321841649,0.6204273494216899,0.6633234889220959,0.488423207709233,0.6153443386791232,0.6401910835519891,0.4250397110214263,0.4439125985673871,0.4446899010460177,0.4352036934188346,0.403984044994058,0.5663026979962114,0.3630210968478273,0.4770735036298815,0.353696360705503,0.4716222099330501,0.7623680711621504,,0.5501406064314206,,0.6401499017519914,0.3976049841744226,0.5712721646330702,0.6957935732859546,0.513799432867783,0.533181352880961,0.5011072021085082,0.5232747767358129,0.4430085069832566,0.5043940980597489,0.4274364917812893,0.3937133040746449,0.3559154714139477
MEIS1__PRJNA551220,0.4086796168306293,0.5124065247704201,0.4506697854871254,0.4129808296135762,0.4287887663790787,0.4904035764674821,0.4438424381438526,0.5136166491106962,0.557262717077513,0.5140880933849286,0.5729104498820586,0.4097641449325585,0.4106474440248735,,,,,,,,,,,,,0.5217918641140378,0.4801670246617839,0.5076242417241705,0.5304712975924943,0.4884336865612941,0.4592398952325685,0.4887394263093866,0.5376062182055873,0.5217918641140378,0.5217918641140378,,0.4831796048319131,0.6991319191380247,0.6080560145870533,,,,0.5386611807696573,0.3850138935108916,0.6092609348943938,,,0.6299325172328123,,0.5225463583049824,,0.4068229468911263,0.4920619968701784,0.5116644068511372,0.5096887871895504,0.5601738912006542,0.6152597596069663,,,,,
MEIS2__exp8,0.5434782608695652,0.5117851959361394,0.5090048589638416,0.5731324540922572,0.5704890515554994,0.4703439136745125,0.5688830693506657,0.5124244336467471,0.5417971855871774,0.5,0.4564472770871458,0.5235173849940051,0.543560295324036,,,,,,,,,,,,,0.4629961506909825,0.5463280116110305,0.4205237584400833,0.5638720262510254,0.4080330661954944,0.4172436423297785,0.5500700448034328,0.4706619549441534,0.4629961506909825,0.4629961506909825,,0.3923859405565722,0.4692168864769357,0.5214358705258506,0.5223701646999431,0.4788048211017858,0.5503754653877706,0.6659822048337225,0.345717170442355,0.8489417555373256,,,0.498974569319114,,0.4535785953177257,,0.5044456363980564,0.4927588818072821,0.8785259039565849,0.8402827033507918,0.8900422792957658,0.8506272480595697,,,,,
MITF__extend_61,0.6609200522689476,0.4813643383226419,0.6062306961273463,0.6831492040864813,0.6812188168210978,0.4960798289379901,0.6934545022570682,0.505167498218104,0.5758642195295794,,0.5659746970776907,0.6629098360655737,0.6389136374435733,0.7200492991209313,0.5446290686623901,0.7217569493941554,0.7282163221667854,0.4691138037538607,0.6949988120693751,0.5196751009741031,,,0.3752375861249704,0.7259147065811357,0.7200492991209313,0.7175249465431219,0.6047383582798764,0.6514908529341886,0.6875742456640531,0.6696216440959848,0.6913459253979568,0.4887517818959373,,0.7175249465431219,0.7175249465431219,,0.6791331269349845,0.7668537657400809,0.7198120719859851,0.5720182941316226,0.8087134711332857,0.7508018531717748,0.6138186029935851,0.6168329769541459,0.4272021263958184,0.6121851983844143,0.429243882157282,0.5748025065336183,,0.7277114516512235,0.619832501781896,0.4588456284153005,0.6195429436920884,0.4992872416250891,0.5086421952957947,0.407772036113091,0.4293181278213352,,,,,
MITF__pilot_14,0.8380922956844126,0.513978096848678,0.7897807652281376,0.8133902728544018,0.8474137370320987,0.4967498943055058,0.8308928745650266,0.5613912241048489,0.8171688510195454,0.5565800920355134,0.5177932615694819,0.8379845686038571,0.8389520797424306,0.8421513707762853,0.7634242170477089,0.8348096686071093,0.8266224104848938,0.4809262089824059,0.8106564441120037,0.501534602751309,,0.467416623304823,0.5479039968779473,0.8420863280106671,0.8421513707762853,0.6006313213437835,0.6410320254317213,0.5700185371882012,0.6581616475332532,0.5007927087059743,0.5579937558945006,0.5353426127678949,0.4578126524439819,0.6006313213437835,0.6006313213437835,,0.4795746301131418,0.8791078571660866,0.5779100080663074,0.8426249634134443,0.9187575205697748,0.359473072295034,0.7564209405183909,0.4593157501056945,0.5789029724543888,0.5332510813359783,0.7658074246316954,0.9598086523138964,,0.6026903313928909,0.7964832189664703,0.6236920306351426,0.6038306123776382,0.5057146167355036,0.5337033318156689,0.5735410094637223,0.5700205697746268,,,,,
MIXL1__PRJNA524331,0.6791742993848257,0.4672098427887902,0.5850622009569378,0.7001038961038961,0.6895885167464114,0.5552043745727957,0.6916992481203008,0.4716883116883116,0.5735912508544088,0.5,0.5493397129186604,0.6785755297334245,0.6791742993848257,,,,,,,,,,,,,0.5486971975393029,0.5313205741626794,0.5543978127136022,0.5399808612440191,0.5280546821599453,0.5487218045112782,0.5018318523581682,0.544287081339713,0.5486971975393029,0.5486971975393029,,0.6300463042359802,0.5512645249487355,0.6951053621901649,0.5116363636363637,0.5152617908407382,0.5160874914559126,0.5698345864661655,0.5622911825017088,0.814796992481203,,,0.4840546821599452,,0.547537935748462,,0.6070485304169515,0.5559890635680109,0.7167313738892687,0.7534039644565961,0.8136814764183185,0.819701982228298,,,,,
MYBL2__K562_essential,0.8110433883514044,0.5222857316206863,0.733523018856477,0.6728240727866581,0.8221464378980046,0.5558780181359921,0.8042708314899878,0.6769017637972834,0.7014513344136392,0.4852452302644053,0.7952862599761861,0.8110535004183868,0.8161954864789025,0.8476667669446643,0.7849138072690595,0.8312700503328134,0.8369934802448131,0.4437351953019336,0.8456114893305053,0.6543923026946131,,0.5,0.848025745322537,0.8503388806447454,0.8476667669446643,0.7778201922809537,0.7729790402131624,0.7368208167010898,0.7523706477031704,0.6033718687352585,0.7789299916322645,0.5466937332992894,0.6688361263705012,0.74360854166298,0.7778201922809537,,0.5625636272468965,0.6111619523367723,0.7533021907216495,0.4323616479635561,0.6153799482767774,0.7296640012943446,0.7405218332166232,0.5834662648805387,0.6664054382696231,0.7520849818109195,,0.5,0.6446442701236453,0.7778201922809537,0.7469164515745753,0.5598760766191315,0.7526322974363382,0.6853390196856664,0.6020269638266084,0.7307561045284364,0.6786005910503151,,,,,
MYBL2__RPE1_essential,0.4386186466042664,0.4901393121462777,0.4973909583151937,0.4719613898563344,0.4371707662168045,0.4418433010448411,0.4578369884632128,0.4658457362864606,0.4763645515890292,0.4418143910535481,0.4471334893339138,0.4378312744884632,0.4595413174793209,0.6239371326730518,0.4787969022094035,0.6649702737265999,0.6153733130169786,0.3607885285154549,0.6369973062690466,0.5062010230735743,0.6467678629734437,0.498943254788855,0.6239786270134959,0.6276471348498042,0.6239371326730518,0.3461318431649978,0.3671490667174575,0.3554667092947322,0.3448325941445364,0.3554588865912059,0.350545548541576,0.4402051248911623,0.3801403665106661,0.4266213403352198,0.3461318431649978,0.4536113680888115,0.4156633155573696,0.3913295534936874,0.4189412395070548,0.4339896468219417,0.5083247170222028,0.3595188697213757,0.397354565737919,0.592292256203744,0.4000445553983456,0.3328767822159338,,0.5009142359599478,,0.3454175963212886,0.5348130713974749,0.4756542160970831,0.3596646100892468,0.4311166739225076,0.3798675922398781,0.4145866211362646,0.3847106960165433,0.4180459566826295,0.4406937037440139,0.4493211253809316,0.4576965199172834,0.395855327601219
MYC__RPE1_essential,0.9465294219380848,0.5706192114789392,0.8735461978399461,0.9125029073061348,0.962316541528259,0.7300361996886946,0.87494945760104,0.8144679480680576,0.9761105909435176,0.5715209236586136,0.930863961927708,0.9444874493830548,0.9445828686613272,0.925345149420626,0.9167603962285532,0.8763914814439322,0.9574394236675592,0.7526982782783975,0.8653252306462866,0.8996248829622915,0.9383329059344828,0.6519701099110811,0.925345149420626,0.9147261764898826,0.925345149420626,0.9804605172917622,0.9785390115755512,0.8346216923801743,0.9497462443568444,0.779768727524287,0.9597354500509896,0.8585898223412313,0.5685712752190171,0.9804605172917622,0.9804605172917622,,0.5883052140220276,0.5764403838240468,0.7962888781159901,0.8427335237743095,0.8694688128052671,0.968753764588713,0.8230902726009506,0.3108724303886546,0.3848665024659919,0.5,0.4954824935442894,0.5050936003482804,,0.9818691443872593,0.7766348006035269,0.7884781221486036,0.8549376494653539,0.4318276966382595,0.4277598535314078,0.4549376494653538,0.4683667201412205,,,,,0.2545058772311711
MYC__WTX_DIFFEX,0.538923156902935,0.5119714749387603,0.5389836518721611,0.5234039019561196,0.5479526176469028,0.5098500194032767,0.5611713805135604,0.5130595172562664,0.544072982436668,0.5119522960952283,0.5369977744380293,0.5368435275687715,0.5422389545163524,0.523204615409099,0.5279411521669849,0.5136941023423898,0.5305865828891254,0.5043294709046742,0.5383740604917048,0.5224161150028748,,0.5098451736848312,0.5232045644015364,0.523957793078233,0.523204615409099,0.538542028395298,0.5457945641852644,0.5270115138350873,0.5519541609317165,0.5114345693349879,0.5503511462623494,0.5293719398012827,0.5088659560021006,0.538542028395298,0.538542028395298,0.5412190583024602,0.5282858919740462,0.5133591611826737,0.5254921567221351,0.5432924137064259,0.5338543823861501,0.5420485942927842,0.5315678663781407,0.50773560291143,0.5120515058044566,0.5488438217803924,0.4521778852019716,0.5002865859903853,0.5445927494994118,0.5404544549393072,0.5155167555762488,0.5205263613204348,0.531160979051398,0.5014876865703617,0.5152224419401318,0.5126980266602248,0.5110966952404232,0.5373292215797083,0.5252299982004531,0.5320517751243871,0.5309655180715713,0.5343344145576399
NEUROD1__exp8,0.5652813781788351,0.5165397867104183,0.576247744052502,0.5407530762920426,0.5418589007383101,0.5828006562756358,0.5058654634946678,0.545532403609516,0.5148859721082855,0.4565857260049221,0.5012780968006563,0.5678884331419196,0.5696127973748975,,,,,,,,,,,,,0.3743740771123872,0.3805077932731747,0.3964774405250205,0.5721230516817064,0.3902805578342904,0.4128137817883511,0.4892288761279737,0.4096726825266612,0.3743740771123872,0.3743740771123872,0.7686505332239539,0.4966907301066448,0.6763658736669401,0.8554110336782914,0.534459392945037,0.6257981952420016,0.5532354388843315,0.57433798195242,0.3705151763740771,0.9685643970467596,0.3171050041017227,,0.6906579163248565,,0.3694864643150123,,0.5198761279737489,0.4088063986874487,0.9628293683347006,0.9556849876948318,0.9813732567678424,0.9692977850697292,0.768135356849877,0.7859007383100902,0.8142264150943396,0.8078121410992617,
NEUROD1__extend_61,0.7104775481111903,0.528624376336422,0.7288453314326443,0.6709622238061297,0.7518745545260157,0.6000142551674982,0.6297220242337848,0.6311475409836065,0.7838061297220242,,0.6341268709907342,0.7058303635067712,0.7250463292943692,,,,,,,,,,,,,0.2237776193870277,0.3939629365645046,0.2151960085531004,0.5529009265858874,0.2345545260156807,0.2530577334283678,0.3529151817533856,,0.2237776193870277,0.2237776193870277,0.7159372772630078,,0.5267426942266572,,0.5129722024233785,0.6756949394155382,0.2598431931575196,0.4221810406272274,0.203136136849608,0.6915253029223094,0.5,,0.4971489665003564,,0.2135281539558089,,0.5313970064148253,0.3381468282252317,0.6333428367783323,0.6093228795438347,0.6773200285103351,0.7289023521026372,0.7050534568781183,0.7335566642908053,0.9003421240199573,0.688232359230221,0.9263435495367072
NEUROD1__pilot_14,0.5643472844541783,0.5223281560810946,0.5907216339488437,0.6468082541340996,0.6085615543812414,0.5355894231348832,0.6380327111253993,0.466369627679881,0.6756414635616549,0.2876062408326468,0.5699531837087344,0.5684763607868352,0.5725853442906227,,,,,,,,,,,,,0.358908155679238,0.5420994996885612,0.4022333179288311,0.6427143402519641,0.3880477807470514,0.3558791617271796,0.4876680262814202,0.4283966927203681,0.3589081556792381,0.3589081556792381,0.7193082039020274,,0.8940781410114731,,0.4509383351081998,0.7423396089935503,0.7567361208784585,0.478631276497418,0.3162812192328558,0.668257348952159,0.2498593501979143,,0.2562965902469408,,0.3675731881291567,,0.533484699310816,0.4454856436737728,0.5537684100544515,0.5646084912294802,0.6417297916373645,0.6859440615644277,0.71555837971428,0.7277898892885128,0.7533203399706644,0.6290160541702667,0.9211808555526532
NEUROG1__extend_61,0.534544203308182,0.547832641056521,0.4757334447530333,0.5613668575548292,0.5598839924300145,0.5426589983696676,0.6250645169218669,0.5865264089266842,0.4433766723195779,,0.4125560170734305,0.5346179369331727,0.5427204430571599,,,,,,,,,,,,,,,,,,,,,,,,,0.6282883148589639,,0.492335799313458,0.5053129173118358,,0.4320790424459901,0.3557811258305273,0.6475041167940621,,,,,,,0.5147262434356592,,0.5244263114344467,0.5401233809324846,0.648192297293976,0.6544350775431956,,,,,
NEUROG1__pilot_14,0.7558133790640725,0.4922317729835779,0.5543140741995356,0.7475123324794106,0.715689595551133,0.6137128702390279,0.5196208159549467,0.6282736645989033,0.6711303537780788,0.3249352500723364,0.4126828700273114,0.7564838142823873,0.7577999844741319,,,,,,,,,,,,,,,,,,,,,,,,,0.539827380574316,,0.574467709722722,0.5285887691515113,,0.559799292867275,0.4195407165893902,0.5039882073973705,,,,,,,0.721474745763908,,0.5095669341350327,0.5107190241286106,0.5103194094524309,0.5224278223558388,,,,,
NEUROG2__exp8,0.5517355414273996,0.4941345365053322,0.5444408839212469,0.551991899097621,0.5711777071369976,0.5453624897456932,0.5618180885972108,0.5444498564397047,0.5446857054963085,0.5245898277276456,0.4733593109105824,0.5543093724364233,0.5505562961443806,,,,,,,,,,,,,,,,,,,,,,,,,0.500883152173913,,0.5889689294503692,0.560710623461854,,0.5817063166529942,0.4290376333059885,0.8476876538146021,,,,,,,0.5425271739130435,,0.8403340340442986,0.8382703547990157,0.8853978671041838,0.843557731747334,,,,,
NFE2L2__PRJNA524331,0.6606056458511549,0.524448246364414,0.5790042771599657,0.6669495295124037,0.6830795551753636,0.4777621899059025,0.6612557741659538,0.6141864841745082,0.620721984602224,0.5339538066723695,0.6626313088109496,0.6593396065012832,0.6636783575705731,0.7154011976047904,0.6096698032506416,0.7106244653550043,0.6923866552609068,0.5118768177929854,0.6774473909324209,0.388595380667237,0.7214576561163388,0.5280650128314799,0.6417040205303678,0.716448246364414,0.7154011976047904,0.7140393498716853,0.550939264328486,0.7389221556886227,0.7273635585970916,0.5294234388366125,0.7017690333618476,0.632082121471343,0.4534165953806672,0.7140393498716853,0.7140393498716853,0.4547476475620188,0.5073399581160432,,0.4730875206323528,0.5449033361847733,0.5546142001710864,0.4834559452523523,0.6534405474764755,0.4947134302822926,0.7601779298545766,0.4980085543199315,0.4953327630453379,0.5,,0.7149426860564584,0.6559931565440549,0.5615637296834901,0.595267750213858,0.5843319076133447,0.6233601368691188,0.7542651839178786,0.7716749358426005,0.4611462788708298,0.4620119760479042,0.4649786142001711,0.5082908468776732,0.456759623609923
NFYB__RPE1_essential,0.3673487157161514,0.5170899240555313,0.5564885357712959,0.4087118463696609,0.4489612054370435,0.4669218304068108,0.6108970638030282,0.645022493106951,0.2363686934649059,0.3530141972621293,0.6250568374207904,0.366594108257147,0.3701543075509118,0.789966381270256,0.6870465099405021,0.7832124026508005,0.7952450055628114,0.6429328109127848,0.7807708121704638,0.7493409277801965,0.6614859962269627,0.4986467856624582,0.7905408020122866,0.792358390170754,0.789966381270256,0.919711701252842,0.908578217965462,0.8875864654380109,0.915398103806898,0.7971351521307987,0.909343104532482,0.5007824215159871,0.5566439316983506,0.1772698689111401,0.919711701252842,0.500217675228559,0.766444835953861,0.833542543414115,0.852257520105816,0.6292555507183283,0.369605282252213,0.9027656847095245,0.8391863783679196,0.6368995791612249,0.8145455424950419,0.3128271174962511,0.2261875393024718,0.518335510085619,,0.9199160741063224,0.8218570115609732,0.3348177574614231,0.8745229284574083,0.924992744159048,0.8595311517438204,0.8539810380689788,0.8258090262661443,0.4932762540511778,0.4737671116915785,0.514870846031055,0.5778908479659459,0.6309304406714071
NFYC__RPE1_essential,0.5618802302520195,0.5244586336445282,0.5050420032570664,0.5482626291942791,0.5671229784420904,0.624956061852013,0.5603524726293555,0.4784775633273674,0.6332478756510102,0.3711991486479949,0.4568688627678614,0.5620003547300021,0.5618802302520195,0.5335082797207308,0.5037262774311099,0.5178074461052258,0.5209048839871652,0.6246376110546769,0.552354117286638,0.4472234315290476,0.4827536722617261,0.3622518905496702,0.4916711007916928,0.5349626727293249,0.5335082797207308,0.8885639884551507,0.8668770860542736,0.7153291733178544,0.878114771279769,0.6380609168158146,0.8761234460407293,0.5639989358099937,0.6238906625388994,0.7502628226833712,0.8885639884551507,,0.6808062810735417,0.4544067140714942,0.6292570101803893,0.5249213950563537,0.4781865234847385,0.3176695851271384,0.8211169157838727,0.6683766265176799,0.6479490156242442,,,0.740900369241684,,0.8882011964075526,0.558243441525984,0.5879694125993646,0.8026757929021751,0.5326738580112547,0.6325206791467131,0.6610159789741854,0.6578088972734162,,,,,0.4057256647156516
NR2F2__CRISPRa,0.7555914658422914,0.4619077730157614,0.761106817489871,0.7080727885898965,0.7460830464413687,0.5156326846061968,0.6348860629054545,0.5058432281786459,0.7296189606313965,0.5135249069064849,0.2966111618539075,0.7567390337010235,0.7589639101618305,0.5395910911262558,0.5318157333895407,0.5455748378182159,0.5249771657415865,0.5060305861963981,0.5433616712335183,0.5031499566734584,,0.5068034380196258,0.4738752663996815,0.5410899552682732,0.5395910911262558,0.603854891215251,0.6256469706550504,0.5608562261411274,0.6067121009859716,0.4779034637813532,0.5620506335042975,0.4994027963184149,0.4410641935408323,0.603854891215251,0.603854891215251,0.7683083912972201,0.878508973768983,0.1753085552354856,0.6635553564317005,0.5547905103164008,0.7167380969109348,0.447223588374435,0.4916274385816998,0.4055832689290147,0.6954027026394061,0.501651092531441,,0.5791002131197451,,0.6068760392515047,0.5276704372467739,0.7691046628726668,0.6071570762781331,0.5893931942200051,0.5996510456919366,0.7930630693927259,0.7646783297032718,0.7737651935642521,0.7915290756223798,0.8318461790674254,0.6907070423194923,0.8047963652544556
NRF1__exp8,0.5424165609363006,0.5080267152718612,0.4854223983076107,0.5349068473710726,0.538798867871773,0.5232505690975419,0.5404646157173794,0.5485592534073314,0.54215410343727,0.4886074981074045,0.5308552421599064,0.5441429773495222,0.5425510868905776,0.5283440910134025,0.4995766389085989,0.5173617613931613,0.5254860739259685,0.5164708566665523,0.5312100213922645,0.5052656360044209,,0.5,0.528146258727701,0.5300124766228183,0.5283440910134025,0.5237253665832254,0.4663058645402773,0.5053929081082222,0.5371014668604543,0.4969270051621038,0.5175134328121992,0.5332661582816551,0.5131123238962937,0.5237253665832254,0.5237253665832254,,0.4441967877312329,,0.5277924130663857,0.4910698506234354,0.5386379642794025,0.5479466327626092,0.5171678857531739,0.4732504372093514,0.530842712781812,0.4841562716791213,0.4578234755703504,0.5097221379603227,,0.5297684834704531,0.505558427787259,0.5162921481684686,0.505041426080626,0.5139597055200483,0.517491671260772,0.5174303432522045,0.5333413345502217,,,,,
NRL__pilot_14,0.5615654894719294,0.5172475699520402,0.5493062501602933,0.5566476879279834,0.5378484778538637,0.5246403016080633,0.5515375343027877,0.5260060013849349,0.4882921699879459,0.5030776332999922,0.4484752891692955,0.5584109153394373,0.5615654894719294,,,,,,,,,,,,,0.4460388294734683,0.4596926213741632,0.4292785514605934,0.433747531481624,0.446795414326383,0.4349914082737042,0.4577691005616681,0.3770068733810366,0.4460388294734683,0.4460388294734683,,0.5587932562017928,0.5091046651791439,0.4743636650735025,0.4943897309635556,0.4857851811956605,0.4624592854761356,0.4305929573491318,0.4101779897925162,0.5532398502218461,0.5303082762688826,,0.4943769074914723,,0.4425829037470185,,0.5554807519684031,0.4859903567489934,0.5080082583160217,0.521088199840989,0.5682785771075376,0.5628798953604678,,,,,
ONECUT1__extend_61,0.6310762651461156,0.5015609408410548,0.647719173200285,0.5976977904490377,0.6221240199572344,0.615983606557377,0.6021311475409836,0.465983606557377,0.5325801853171774,,0.4158873841767641,0.6288738417676408,0.6362651461154668,,,,,,,,,,,,,0.4882181040627227,0.569607982893799,0.3889379900213827,0.537655024946543,0.4080541696364932,0.4103421240199572,0.5194226657163222,,0.4882181040627227,0.4882181040627227,,0.4430191861690913,0.8435958660014256,0.611427060911597,0.4192658588738417,0.5631147540983606,0.4681468282252317,0.4579472558802566,0.293791874554526,0.8248146828225231,0.4191019244476122,,0.6215181753385602,,0.4868282252316465,,0.620288667141839,0.481111903064861,0.7562009978617249,0.7569137562366358,0.8289807555238773,0.819344262295082,,,,,
OSR2__PRJNA551220,,0.4977074063851586,,,,,,,,,,,,,,,,,,,,,,,,0.6114954407206986,0.5840095027391183,0.5423792809238994,0.6107800309532653,0.4923027647991557,0.5460303376680429,0.538790878014532,0.4903130668649569,0.6114829512412787,0.6114954407206986,,0.857040775591404,0.706906393106468,0.831987582741537,,,,0.5985109237528635,0.4587779054709494,0.9657670594418708,,,0.6978245288008427,,0.609989064996283,,,0.5356487933614598,0.9769228998630696,0.9760967878916872,0.9859236341618848,0.9709104541484374,,,,,0.5336540377041901
OTX2__extend_61,0.5040821616017626,0.4632929436920883,0.5723125769455063,0.5207995853042182,0.4965496015032722,0.5506625413075876,0.6126644203978487,0.4616730382945636,0.5198600401736538,,0.4985906823041534,0.5082453184734012,0.5055400764595348,0.5458433227499515,0.4878264109376012,0.5648853106978552,0.5625607464524072,0.5173491868074904,0.5663027279206894,0.4833959696753709,,,0.4581902416898852,0.5494395127324564,0.5458433227499515,0.5915246549601504,0.6089467375105293,0.5225004859716192,0.558300395256917,0.5228568651590746,0.5613944145661893,0.5519179679906694,,0.5915246549601504,0.5915246549601504,,0.6861739567621921,0.330395904879155,0.32009657009657,0.5409998056113523,0.6173783451046458,0.6445279595671614,0.4757338171450787,0.4782770686191926,0.6109959178383984,0.5927557830622692,,0.512619063046718,,0.597259120067388,0.5107399727855894,0.5052079958530421,0.532908378150716,0.5620747748331498,0.5402789477094537,0.5901639344262295,0.5905689107756107,,,,,
OTX2__pilot_14,0.4971237706439042,0.518613754650125,0.4211522148291493,0.4839355300479813,0.4889611996218045,0.422231353109067,0.4634992798381182,0.5301363447587237,0.4663291183981479,0.5028364658166105,0.482174888882998,0.5004020535659058,0.4917976654384151,0.5122537974180208,0.5016943685991747,0.5099905892956551,0.5195680795977697,0.5043872438565332,0.5123355335825182,0.5253735563626081,,0.5,0.4883691647005805,0.513831084484267,0.5122537974180208,0.6076089741890447,0.5736807341233023,0.5945532787247391,0.5816986100433864,0.5827611801818519,0.6102355768805945,0.5175401390840249,0.5502533821099418,0.6076089741890447,0.6076089741890447,,0.5537595785440612,0.5383585610900511,0.6198207313458506,0.4619065291731835,0.4842470111072819,0.5157551979782449,0.5568972068322597,0.6152789191386334,0.6246653235426662,0.4976550557131369,,0.5981253700218259,,0.612435826065442,0.5019738179183345,0.4958469192093241,0.5864194258144899,0.5617295814224744,0.6158135178361567,0.6160808171849181,0.6075703151923231,,,,,
PAX7__extend_61,0.5536915668515203,0.5300662343758149,0.5302574622324984,0.5125428089633712,0.5416094431792501,0.687464144776872,0.4988787093858109,0.4799210750482415,0.5130643394815987,,0.5717365227821914,0.5532743424369383,0.5536915668515203,,,,,,,,,,,,,0.5250421570502233,0.5578551188220364,0.475687985675295,0.5876084348869148,0.5087530205309181,0.5279974966535125,0.6765989256471325,,0.5250421570502233,0.5250421570502233,,,,,0.4767136623611425,0.5373676616309998,0.5347773933904698,0.4372859551831441,0.2819220138031744,0.5198268518679485,0.6426994419623455,,0.6212819220138033,,0.5242424769222745,,0.4982702571145455,0.4833023312414165,0.5276063487648418,0.5395059367557326,0.5460598369347913,0.5365505971524434,,,,,
PCBP1__K562_essential,,0.5236894061229272,,,,,,,,,,,,,,,,,,,,,,,,0.5709022663017732,0.5738008957388538,0.5600218453266389,0.561678348686414,0.5117861169529592,0.557823231881303,0.5686634220523141,0.5183744140131937,0.5709022663017732,0.5709022663017732,,0.5239028036617585,,0.5219114589962242,,,0.5620645644059972,0.4399801662135673,0.481318323220315,0.5084167871076365,,,0.5007482929566925,0.5347066118320807,0.5719040133244423,,,0.5383977881103892,0.4417402638939596,0.483877002362554,0.5635179022049499,0.5004158859376241,,,,,
PCBP1__RPE1_essential,,0.4925821818355684,,,,,,,,,,,,,,,,,,,,,,,,0.6040968239548443,0.6095847561911616,0.5673693508245236,0.5945840389953219,0.4916249141252349,0.6062836421469572,0.4900506063450441,0.5602920119482311,0.6040968239548443,0.6040968239548443,,0.4240006893626047,,0.6199016631121104,,,0.6222662885241115,0.6497522528757037,0.517107259783432,0.689723464383048,,,0.5726335682883681,,0.603956404558849,,,0.6172454143504597,0.6422946743805064,0.6598247022379027,0.7277932261482053,0.6871969218457854,,,,,
POU1F1__extend_61,0.724895631809388,0.4739639547907545,0.589695550351288,0.6431931575196008,0.7001527339374808,0.4658588738417676,0.6439262804195092,0.4633336727420832,0.6617452397922818,,0.7267691681091539,0.7219224111597596,0.724895631809388,0.8903573974137053,0.7849098869768862,0.8942062926382242,0.8743712452907035,0.794847775175644,0.7353019040830873,0.7211281946848589,,,0.2606455554424193,0.887424905814072,0.8903573974137053,,,,,,,,,,,,0.5244607843137254,0.5564708278179411,0.5464992150706436,0.4572854088178393,0.8782608695652174,,0.62343956827207,0.4519702677935037,0.928520517258935,0.36760004072905,,,,,0.806944303024132,0.6479584563690051,,0.8410956114448631,0.8834130943895734,0.9363812239079524,0.9098055187862744,,,,,0.4975053456878118
POU3F2__PRJNA551220,0.7670637658019362,0.5191505127151815,0.6179407684139545,0.7428295057317138,0.7677151427309156,0.600170827552531,0.6715088475340841,0.446220634170161,0.8308785527712972,0.512795169703687,0.3081474821537913,0.7660744541501638,0.7692144567854347,0.4972938869468837,0.507377052992195,0.527382323533743,0.5082783155969276,0.479302893372294,0.5218845286353173,0.483149303590944,,0.488053542501492,0.5012210604639626,0.4955025228842263,0.4972938869468837,0.4543371131383749,0.570433192010479,0.4635174664196746,0.4973695347196924,0.5015351227338609,0.4164592811911424,0.4728227625388509,0.5242565823638379,0.4543371131383749,0.4543371131383749,0.5677752889109356,0.6748898669495574,0.5504393926475946,0.6241820467785743,,,,0.6324578550446059,0.2952520171447616,0.9184379044946868,0.5288052147358141,,0.5,,0.4537170494268286,0.4742185259535416,0.6548757934877809,0.5692153868810019,0.806608794053589,0.8503315015617855,0.9389934815802324,0.914396019190972,0.5400589060525969,0.5338320712453205,0.6872007998821879,0.6697137630891574,0.5696477263038778
POU4F1__CRISPRa,0.6885893562630723,0.465799054922922,0.6320009295840112,0.6862653962351848,0.681307614842358,0.452707413432489,0.6680610426833992,0.5001936633356573,0.6704624680455497,0.5142923541715082,0.6847935548841894,0.6891316136029128,0.689751336277016,,,,,,,,,,,,,,,,,,,,,,,,0.6252896391923204,0.5622433960802541,0.5262741373852485,0.5655744054535595,0.696335889689364,,0.5225036796033775,0.5439615771942056,0.5870323030443877,0.6564412425439616,,,,,,0.7094662638469285,,0.5831203036641103,0.6031450925710743,0.6067084979471686,0.5798280269579363,,,,,0.6264621581842126
PRDM1__PRJNA551220,0.6354771390260349,0.5027860883539117,0.5241422774940125,0.6338278341432916,0.6501003082233366,0.5019480334937748,0.5293936035260957,0.5807300345943879,0.5384684943044564,0.5223200329667206,0.4769865937058366,0.6339398977411596,0.6856897046171494,0.4284578886313901,0.5011761833528395,0.3706419532523633,0.4499718387731006,0.7286094167008993,0.412248389772049,0.6174891553440449,,0.5,0.4346016865732954,0.4310456857775469,0.4284578886313901,0.2748057779603521,0.4088511188274595,0.2685828573052548,0.4130483365499138,0.3488888587469029,0.2596245514226586,0.5616052674412296,0.3948887050227743,0.2748057779603521,0.2748057779603521,,0.4802684131475471,0.2567365723911465,0.7600005455462964,,,,0.4405058557266759,0.19018581242556,0.8547011486680256,,,0.6054449021720315,,0.26901302650514,0.4638898469734431,0.5789465440490678,0.2947576196787553,0.6784286616699866,0.6765182518337093,0.8478893289618842,0.8570073335451884,,,,,
PRDM4__RPE1_essential,0.4062310523607867,0.5564016305853485,0.500435350457118,0.4068302528990382,0.4160636403213678,0.4004590968456881,0.4187873510903549,0.5930201448529702,0.4291257371274785,0.5,0.5887125499663591,0.4080167807812561,0.4062310523607867,,,,,,,,,,,,,0.4834986345826572,0.5729821506312581,0.4669173229904618,0.4971718051213045,0.4968551866070368,0.4851038904499941,0.5051996675505601,0.5262080975185025,0.482411049986148,0.4834986345826572,,0.5868702166430452,,0.5182191925806857,0.524508647643171,0.5450698539597103,0.5050001978865714,0.4818743816044643,0.4892515929868998,0.5201875964697036,,,0.4966620493133336,,0.4831155261803934,,,0.4934293742826611,0.4984580678355166,0.4915462856690544,0.5211999841690743,0.5257331697471009,,,,,
RHOXF2__PRJNA551220,,0.5025432372435527,,,,,,,,,,,,,,,,,,,,,,,,,,,,,,,,,,,0.7231415633778624,,0.2635208001235469,,,,0.5498981631473745,0.2638657585029824,0.5613629402272935,,,,,,,,,0.6186481434115503,0.5782359646712959,0.605387722106965,0.5775295800532394,,,,,
RREB1__PRJNA524331,0.4761621768707482,0.5221028571428572,0.4985360544217687,0.4751999999999999,0.4801567346938775,0.4813257142857143,0.4892451700680272,0.4874688435374149,0.4890361904761905,0.5038095238095238,0.4763951020408162,0.4773028571428572,0.4737937414965986,,,,,,,,,,,,,0.4807183673469387,0.4906198639455782,0.3997648979591837,0.4665795918367347,0.4684843537414965,0.4802960544217687,0.5242753741496599,0.5150737414965986,0.4807183673469387,0.4807183673469387,,0.588596249310535,0.6103336054421769,0.5855266963614276,0.5142987755102041,0.4761904761904761,0.3638922448979592,0.4994133333333334,0.5492985034013607,0.5337817687074831,,,0.5023118367346939,,0.4811036734693877,,0.4917104761904761,0.4818677551020408,0.491650612244898,0.5070334693877551,0.5396723809523809,0.5515624489795918,,,,,0.5139134693877552
RREB1__PRJNA551220,0.1326269672901701,0.4884407510126567,0.6568621878512397,0.3246614586380777,0.2509984469531695,0.6849131558725174,0.5708809570379435,0.5684895323974931,0.199950739382916,0.5,0.835662903579029,0.133516890429119,0.1381827178821055,,,,,,,,,,,,,0.4004236190170501,0.503176585381076,0.4797376704966239,0.4656855779513044,0.4601426440357596,0.3661245212553433,0.5006249522857428,0.4097672547292143,0.4004236190170501,0.4004236190170501,0.6690137901865496,0.6638902038485752,0.3145463147318779,0.4933009914685404,,,,0.527088602798382,0.3150071578351407,0.5389306545365182,,,0.8174785473913327,,0.3990945854000224,,0.3728131545908499,0.4046419772899639,0.6319223287120856,0.623860082015584,0.6257458051854045,0.5615832941867457,0.65429188698812,0.659927602495797,0.7613891494017677,0.7556600950551591,0.7877341063460938
SMAD2__PRJNA524331,0.4974076769573893,0.5189425988965841,0.2759920178424698,0.5425707242634112,0.4948449348515084,0.4542157530226552,0.4731156238995186,0.483575067496185,0.5995051062331259,0.3760028172320695,0.3385082756192041,0.4940354501702078,0.5127737997417536,0.2408179363775091,0.1959070313417067,0.3625392651719685,0.2773076652189224,0.4329362601244277,0.4068421176194389,0.424521187932856,0.322202136400986,0.4765132057753258,0.5703223383026177,0.241172907618265,0.2408179363775091,0.914228430566968,0.903505575771804,0.919121962671675,0.9417518488085456,0.5793928864890245,0.8402704542786712,0.9149984739992956,0.4983232773799741,0.914228430566968,0.914228430566968,,0.971784432518362,0.4261176194389013,0.9579447577793984,,0.7695269397816644,0.5714407794342059,0.3442281957976288,0.5083864303321985,0.9413194036858786,0.6295433736354032,0.8400554055640335,0.9922803145909144,,0.9189397816645146,0.3047254372578941,0.6613377156943303,0.8483892475642681,0.7174053292639981,0.8403756309425989,0.9517905857495012,0.944063857260242,,,,,
SMAD4__PRJNA524331,0.2566877370417193,0.5705790139064475,0.1784829329962073,0.2956561314791402,0.2492743362831858,0.4768445006321112,0.2262250316055625,0.4896637168141592,0.4486270543615676,0.2825385587863463,0.1762629582806574,0.2560809102402023,0.2711807838179519,0.3051529709228824,0.2401112515802781,0.4108723135271808,0.3278685208596713,0.478078381795196,0.465031605562579,0.3324702907711757,0.5088849557522125,0.5087939317319848,0.5021694058154236,0.3064778761061947,0.3051529709228824,0.6541087231352718,0.6309279393173199,0.6323742098609354,0.6730214917825538,0.4410518331226296,0.6306852085967131,0.5295777496839444,0.5947003792667509,0.6541087231352718,0.6541087231352718,0.516070796460177,0.5765623019394093,,0.5973091952317356,0.5040303413400757,0.1395600505689001,0.5922730720606827,0.5502806573957016,0.4978002528445007,0.6867458912768647,0.0167989886219974,0.5051226295828066,0.7735524652338811,,0.6565259165613149,0.2959039190897597,0.5854007585335019,0.6504323640960809,0.5618407079646018,0.5913122629582808,0.6988824273072061,0.6892338811630848,0.5149329962073325,0.5032515802781289,0.5270493046776232,0.5153375474083438,0.5047989886219975
SNAI1__PRJNA551220,0.6128315871253524,0.4963496797048705,0.5914304408261095,0.5243899927290563,0.5843352834279003,0.5051291766015475,0.532759720696133,0.4423356206310873,0.5992795155769672,0.634893488817212,0.4685577187438032,0.6129419924301717,0.6286437342953842,0.5608723599720657,0.4578415786856931,0.6198910603794877,0.5460976873800749,0.5223482130626,0.5524264738988448,0.4537497569167367,,0.4934407034901488,0.5563857374547482,0.5611676522515499,0.5608723599720657,0.3562122981450951,0.3860602884811582,0.4532695776625879,0.4109388426458571,0.4970008554614942,0.355887069503133,0.4856789231722773,0.4878913401048587,0.3562122981450951,0.3562122981450951,,0.6365900263124922,0.5972906633993722,0.6825496668288411,,,,0.4059382726575156,0.3533987590539534,0.6840206163346205,0.5,0.5023131228559576,0.7832183457692974,,0.3567499552152017,0.4725390154624904,0.5164044081652985,0.3891637313065378,0.5215587313113276,0.5278239329961941,0.6974030085804799,0.6907437246199519,,,,,
SNAI1__pilot,0.4996849312558062,0.4918385212773606,0.5658648742755885,0.494529645360877,0.4965596184778303,0.5043397723892642,0.527778913372307,0.5166662202605414,0.4660846470595698,0.501099568771683,0.5287530185277338,0.4988334703095286,0.4968359203743044,0.5152396002644604,0.515004179771036,0.5172886043793851,0.5038125432602778,0.4654150378716859,0.5088839517937773,0.5025064529180159,,0.5,0.5108413251777284,0.5168480720189351,0.5152396002644604,0.5039337777658737,0.5360693799700861,0.4835071732765317,0.5092342631268071,0.4917863622458833,0.4983471225835919,0.5147772174989321,0.515200128564964,0.5039436456907477,0.5039337777658737,,0.4833441001568477,0.5271727408443279,0.4854842803210558,0.502531122730201,0.4916778150722684,0.4973617397997375,0.4646157359568856,0.5274138001519662,0.5055690338878638,0.5010932251056925,,0.5005652911249293,0.5117393063412695,0.5033346537556618,0.5047323748288973,0.5008183329127718,0.531427226168609,0.4912161371585168,0.4976493193246392,0.5180618267784468,0.5071676377174644,,,,,
SNAI2__pilot_14,0.6306077440607465,0.5142821250104687,0.5802462242818458,0.6552315680745932,0.6751612182797799,0.5486962954691381,0.4940356215627704,0.5177744898244047,0.6083261215488122,0.5,0.5930934368108093,0.6289941654336841,0.6148264984227129,0.391319337818598,0.4781427095837637,0.392362022277435,0.4089207448144943,0.5622916724826219,0.4066595014097875,0.4804123279640435,,0.5,0.3909592138689596,0.3916529410122554,0.391319337818598,0.1582674967198012,0.2719536026353256,0.1852684179671142,0.1494891264900477,0.4336185477792356,0.1964001563328773,0.4183956338460679,0.3541428212501047,0.2069721671645124,0.1582674967198012,,0.7968501375250046,0.5455012422880433,0.691163551095327,0.5750090728902041,0.5044317579073727,0.1289020407023813,0.3146352698137963,0.4592306189106948,0.6325912174422824,,0.2870746210323553,0.3571689790904776,,0.1581516428910415,0.4666306077440608,0.6792844979202144,0.3087993076686859,0.595710616677368,0.5988275034197816,0.6369392255939254,0.6394726557047542,,,,,0.570006420814606
SOX11__PRJNA524331,0.7330651117589893,0.4840310981535471,0.7130495626822158,0.68021768707483,0.7357395529640428,0.5672031098153547,0.7194907677356657,0.561578231292517,0.7183129251700681,0.4968163265306122,0.6797978620019436,0.7326724975704567,0.734351797862002,,,,,,,,,,,,,0.5793624878522838,0.539482993197279,0.5706627793974732,0.5815549076773567,0.5512050534499514,0.5795451895043732,0.4579241982507288,0.5,0.5408124392614189,0.5793624878522838,,0.4825843799058085,,0.4354283237754714,0.5210379008746355,0.5620174927113702,0.527572400388727,0.538651117589893,0.4359378036929057,0.5656443148688046,,,,,0.579603498542274,,0.7146180758017493,0.5444645286686104,0.4875976676384839,0.5040932944606413,0.5432886297376094,0.5705966958211857,,,,,
SOX17__PRJNA524331,0.6719676389184587,0.5046063444751969,0.6656206088992974,0.6203006174153715,0.6481771343410688,0.5369231424313392,0.624606344475197,0.3593664040877155,0.5538292527144986,0.4396295507770917,0.6346059186714925,0.6714720034064297,0.6507387694272941,0.5587992335533319,0.4931036832020439,0.6017321694698744,0.532878007238663,0.3169648711943794,0.5537798594847776,0.4743291462635725,0.5428094528422398,0.5,0.5588077496274217,0.5629499680647222,0.5587992335533319,0.6605339578454332,0.7187047051309345,0.6372969980838834,0.7014128166915052,0.4729197360017032,0.69117819885033,0.5357155631253991,0.4880868639557164,0.6605203321268895,0.6605339578454332,,0.959495706891111,,0.9168203927009037,0.7107430274643389,0.5692774111134766,0.9181911858633168,0.6646880987864594,0.6873612944432617,0.968982754949968,,,0.813210134128167,,0.653201618054077,0.5333847136470088,0.6076806472216308,0.6918117947626145,0.9803380881413668,0.975066638279753,0.9815712156695764,0.9701239088780071,,,,,0.9693421332765596
SOX5__CRISPRa,0.2813770467345492,0.521502368430868,0.456883368766551,0.3368393569803438,0.3459028010891052,0.5314609675133342,0.6567080675842004,0.6685502219238373,0.372570959680728,0.5047928089217113,0.7539442766028869,0.2773488493528774,0.2965946812875312,,,,,,,,,,,,,0.4257580843683562,0.492894707396218,0.4261683637313043,0.4630562082727238,0.360187982544478,0.4151281190556115,0.4927828130245048,0.4153146096751333,0.4257207862444518,0.4257580843683562,,0.8742138364779874,,0.1791791791791792,0.6261982022304278,0.503972250195815,0.6472343441124913,0.3632837268285405,0.2469508783708179,0.6076610346499571,,,0.6517660661668717,,0.4298235798739324,,0.2805191898847488,0.4294505986348886,0.6901644847264182,0.6744992726865838,0.9022789153705568,0.8843198687106039,,,,,
SP1__PRJNA524331,0.6509215584415584,0.5071044155844155,0.6742753246753246,0.6177828571428572,0.6549236363636364,0.5442784415584416,0.6163698701298701,0.4850867532467532,0.6147158441558441,0.5249662337662339,0.6379428571428571,0.6436737662337663,0.6542753246753248,0.5972197402597402,0.5795449350649351,0.6439064935064934,0.6242327272727273,0.512694025974026,0.5894690909090909,0.4982067532467532,0.5786971428571429,0.4879812987012986,0.5972197402597402,0.5918171428571428,0.5972197402597402,0.4010472727272727,0.3762161038961038,0.4691657142857143,0.3930805194805195,0.4566607792207792,0.4282098701298701,0.4415854545454545,0.4529288311688312,0.4010472727272727,0.4010472727272727,0.5043761038961039,0.457206671755152,0.4804342857142857,0.4952193158953722,0.7501298701298701,0.5574815584415584,0.4738410389610389,0.5202327272727273,0.5432187012987012,0.6208685714285714,0.6388405194805196,0.5046732467532467,0.4039522077922078,,0.4034368831168831,0.5939220779220779,0.6089974025974026,0.4499844155844156,0.4903272727272727,0.5076924675324676,0.5429818181818182,0.5098348051948052,0.5041641558441559,0.5141714285714286,0.5363864935064935,0.5189776623376623,0.5257184415584416
SP1__RPE1_essential,0.5908943303132607,0.4880048627824643,0.5787650284894434,0.56619216204894,0.583053093589396,0.5427226653304966,0.5882088477450763,0.6041864833266251,0.5559534859524181,0.4723867335846866,0.6063040936633235,0.590538383398636,0.5921861438080296,0.5861772122785257,0.5698198087196042,0.5893916867229063,0.5684099851323712,0.5358052477527429,0.561172762942093,0.5788353964564116,0.5519055481171777,0.4520892714861879,0.5861772122785257,0.5818204220435186,0.5861772122785257,0.4506632933851373,0.5045837748444101,0.5032081769220449,0.4530935893960676,0.4864896241474387,0.4598872469696596,0.4461422199587649,0.5148851523589697,0.451170928446456,0.4506632933851373,,0.4554188795614185,0.5250340203108785,0.4749079842688996,0.6012074814565348,0.5783890937865359,0.5554819931931998,0.6339858114083726,0.4835861925453764,,0.4956845543681532,0.4828619774767744,0.4383480777497583,,0.452135818390408,0.5830273558894155,0.5111071865682062,0.4866174912313847,,,,,,,,,0.5321121616108515
SP2__K562_essential,0.4569833220140468,0.4296001377292834,0.5075791773928768,0.4581870976400304,0.4598748236021359,0.4673591087722437,0.4806318195312595,0.5184070578124089,0.4838052865812908,0.4637328702592862,0.5184883940033538,0.460015806333107,0.4573357788414744,0.426766927078038,0.4701821523996209,0.4226038697048445,0.4275992674320402,0.5129243207411354,0.431891107107563,0.5023343486801171,,0.5,0.4214841414761704,0.4290673856785946,0.426766927078038,0.7756246280563768,0.6286758874795135,0.4691335933380237,0.7499549261941847,0.5445390203598042,0.7659768002071361,0.5226785634401955,0.543769037752193,0.7705655169796076,0.7756246280563768,0.4847237077373762,0.4246410944315878,0.525865586522051,0.4190738250576888,0.48937546005783,0.5044090993508016,0.5369083300459957,0.5250210457394069,0.4594356081710338,0.5369273084905495,0.5008418295762791,,0.4773234699645781,0.5560738478389652,0.7749359816397106,,0.4908693347648503,0.5864969722602921,0.522902915766885,0.5376667900265562,0.5613295213771844,0.5368622395377937,0.4913193950214118,0.453746141614442,0.499482837385909,0.4898431431557628,0.5685847096094642
SPI1__PRJNA551220,0.8523186837569264,0.5210043516555505,0.7471871094288407,0.807339931865626,0.8551427721064466,0.534340516571242,0.7358714733699536,0.6002085294385702,0.8236568675585574,0.4943025357823062,0.780853511095831,0.8507134670967766,0.8614078210126355,0.8977913484667345,0.8041531046726815,0.8647941329521304,0.8490881895518414,0.5144593150556767,0.84386457726787,0.4666723851717549,,0.5797047487400121,0.8958251223497798,0.8972076804826787,0.8977913484667345,0.8835455261892258,0.8532079343566344,0.8817070152741154,0.9087667277082496,0.546223996726617,0.7638280457049212,0.6203445560725076,0.4459613374868588,0.8835455261892258,0.8835455261892258,0.9736927436839776,0.5795416513141735,,0.8231435761231781,,,,0.9344104183783992,0.226198408722196,0.8869090102253442,0.8676353422291828,0.9689635630344992,0.9740014391955448,,0.8831460378801387,0.800870815338345,0.5870908725222429,0.7318407919760612,0.9317101541108298,0.9229677588723154,0.9473109508046575,0.9075618640504968,0.9236167112012544,0.8938955592291571,0.9806504119312458,,0.9664045896537368
SPI1__exp8,0.8151562252637337,0.5301632533617336,0.7424897696798738,0.7835825549654832,0.8275717321742968,0.501926130612284,0.73896972400923,0.5906000988251323,0.7761250953470632,0.7241759375194892,0.7618818032228507,0.8155208228391597,0.8274517987613277,0.8629424943271495,0.777625462343307,0.8290541091585952,0.8407620089326405,0.4454374931038287,0.8051297919395152,0.4027579887646378,,0.7435068050218518,0.851001923731944,0.8632711118786848,0.8629424943271495,0.8241536299046769,0.7836365250013193,0.8121243085838742,0.8666772208070078,0.4917773652068372,0.6549371788782868,0.7052924216475013,0.3828190588585217,0.8241536299046769,0.8241536299046769,0.9600501801399862,0.6500414969608873,,0.7771204552477083,0.8942978858137961,0.9441829896041716,0.191440112449568,0.9199252574970376,0.2270315520822839,0.823900570403312,0.6701015596141022,0.8776703174397574,0.9180339075745146,,0.8271159852050142,0.704684359243748,0.5530849272483916,0.6834093711171558,0.7722140667501403,0.7901141286357812,0.8436596001899744,0.830075941837092,0.9281538889608488,0.9075205445936416,0.9678602439925352,0.9624776324184812,0.9642670389399806
SPI1__pilot,0.5479512479229833,0.519984754269661,0.5686015040169929,0.5307509806944516,0.5436593178820426,0.5006535108004866,0.5560554670503794,0.5262474947325145,0.5551004676499306,0.5054482073419326,0.55486492968121,0.5483204001575963,0.55015245730339,0.6147292598112271,0.5414559672473748,0.6044812169176217,0.5963829933021566,0.4604107782174486,0.6083440396046388,0.518421638659061,,0.4990574198742655,0.6138736146084931,0.6132911934494749,0.6147292598112271,0.5622839474450554,0.5463675762714768,0.5446528598591911,0.5552734809942271,0.5187702348527674,0.5617186563201261,0.5201804649091253,0.5052662007297395,0.5622839474450554,0.5622839474450554,0.6317984822789797,0.8085458658988071,,0.5387492657306412,0.601988796957706,0.6010372235640749,0.6361537934460489,0.570332493961663,0.5118188670195454,0.4722484882744917,0.426088185415489,0.6672799218870447,0.4402474433424123,0.5672627918529558,0.5647703718930401,0.5518800212412422,0.4660872432636141,0.5473135824040289,0.4646825804683351,0.4452532675540025,0.4842694896962844,0.4906547099028727,0.5549056135121709,0.58771905031091,0.7114805488462923,0.6885066036281412,0.741929184439077
SREBF2__exp10,0.895593957777982,0.4910530992431902,0.9386738977234428,0.7551551919600452,0.8691515764316573,0.5233783742378282,0.835324937953856,0.6912400036768085,0.8096791984557404,0.6001470723412078,0.8957011980267794,0.8913656279682568,0.8951343567117076,0.9093666697306736,0.9450087324202592,0.7916475166222385,0.889082942672427,0.5168213990256457,0.8580598706989,0.642767411220394,,0.6001470723412078,0.9093666697306736,0.9086466280601772,0.9093666697306736,0.7601801636179796,0.9020590127769096,0.6395961638631003,0.7199957103900481,0.5347458406103502,0.6968471366853571,0.4668934031926953,0.5880748843337317,0.7601801636179796,0.7601801636179796,0.4297423170021754,0.4653613996384471,0.48580598706989,0.5296902336111968,0.6756288874590188,0.8788185188589637,0.8969727609768054,0.5805067867757453,0.528832306890952,0.5787679627416735,0.5,0.5,0.5599013389711065,0.6915157643165731,0.7604406042222018,0.8370790820234703,0.8281934614088307,0.6490945858994392,0.5065876152832675,0.5857462389312744,0.5744400527009222,0.5800242056561572,0.4799613935104329,0.5129301099978552,0.4795783926218708,0.4902104972883536,0.4622820724944082
SRF__RPE1_essential,0.9280667090854292,0.505479196467442,0.9204442488290988,0.8674171279308415,0.9342831308873972,0.73099360369713,0.8260875389303775,0.8925660321393886,0.8998158132681424,0.5201940419180298,0.9228281513871414,0.9266678467375028,0.9261100240638768,0.8123936142220862,0.7488697632363284,0.8017959402373855,0.8065321704851525,0.6258550330818506,0.7180182464466313,0.8035593487922613,0.851255579422754,0.4987374836743579,0.812462504843872,0.8130672114128797,0.8123936142220862,0.795940237385601,0.8701029053662923,0.690818889425768,0.7647815832404425,0.6929286647179551,0.7487779090739474,0.731565778583628,0.495585737727662,0.795940237385601,0.795940237385601,,0.3020367605668274,0.8684916302678601,0.2937547695205312,0.6006410655082836,0.973280006889062,0.931175398393509,0.7655020643266182,0.3361163868782502,0.5966951637826692,0.5540298621709158,0.5251398144737283,0.8372210288623001,,0.7867165485798485,0.7857874819999331,0.6809311715711367,0.7371875403655987,0.7791314040769852,0.7599482363522415,0.6380974706616848,0.535791070053151,,,,,0.4515158328828333
TBX21__exp8,0.5775225594749794,0.4843450916051409,0.5598119067151061,0.5634888081565687,0.5804572444236102,0.5228378061643033,0.5849007773741162,0.5214119692175476,0.5698415953748193,0.5402921012539552,0.4172379780460175,0.5803254033360677,0.5871274268526114,0.536978983554045,0.5197932536427204,0.5143023164967382,0.5517891323879839,0.5922374897456931,0.5414176335013087,0.5372377827258878,,0.4997949138638228,0.5178815578733544,0.5388394077893668,0.536978983554045,0.3654000156256103,0.4544830852767685,0.4428639790616821,0.5059328489394117,0.3399888667526075,0.3509023789991796,0.5152105550998086,0.5151763740771124,0.3654000156256103,0.3654000156256103,,,,,0.5169537872573147,0.6340433220047658,0.4509599984374389,0.5757451462947771,0.3475086917457713,0.898951130903551,0.4576497128794093,,0.6310353920075003,,0.3565275987343255,0.5054958201492246,0.526146040860971,0.4293478260869565,0.9926242236024846,0.9901802804797062,0.9953562639165592,0.8996591663736865,,,,,
TBX2__PRJNA551220,0.6295659928554304,0.5358156888707564,0.5639601635594904,0.6368770030801874,0.6288703328696554,0.5273510389266323,0.5793382833005554,0.5019145312398969,0.5605148370270213,0.5037426593065659,0.4712958358820361,0.6297480975566213,0.6399725684230162,,,,,,,,,,,,,0.4144675819299493,0.4272897985318327,0.5253275738847267,0.4767041881506345,0.4499044701339707,0.4157488952124059,0.5167136495842062,0.4626822692105439,0.4144675819299493,0.4144675819299493,0.7301025222287898,0.5494658992079773,0.4649341876757031,0.5885962952703487,,,,0.5915267097385531,0.4091567908602608,0.9217567767839824,,,0.6301579404230093,,0.4073563432803795,,0.5198930431712597,0.4508124187109219,0.995129021109268,0.9924989457096246,0.9843458621749224,0.9213191819050012,0.7304111560801798,0.7715557320494546,0.8626238183221647,0.8303379994861586,0.9964548234428402
TBX3__PRJNA551220,0.3705918533561102,0.4989936079490026,0.5334366746079534,0.383026968715336,0.4420612240360201,0.5916581002964031,0.60649194658119,0.439068921326485,0.351868204976196,0.471395096899747,0.3696831628379005,0.3698656077499182,0.4502264805463511,,,,,,,,,,,,,0.3740951196206912,0.4247780658512748,0.4285249601279087,0.4190658025345265,0.4548871455263963,0.3871986106503359,0.4995910819042183,0.5199571026216553,0.3740951196206912,0.3740951196206912,,0.6739702766699901,0.711902255469703,0.8866172144049473,,,,0.4748117791382857,0.4070777434730296,0.9418638330718878,,,0.3813716382242558,,0.3720181337578896,,0.499531076818143,0.4395368873719996,0.996351764392496,0.9956168309333508,0.9958251185266108,0.9337750002171964,,,,,
TBX5__extend_61,0.4188270033601466,0.5459678240505039,0.4175211281946848,0.4335861928520517,0.4163781692292027,0.4873841767640769,0.4462274717442215,0.4626260054984217,0.4380358415639955,,0.4390133387638733,0.418552082272681,0.4216423989410447,0.4775990225028001,0.4382394868139701,0.5021662763466042,0.4794929233275633,0.4319901232053763,0.481727929946034,0.4382496690764688,,,0.4711536503411058,0.475343651359332,0.4775990225028001,0.473928316872009,0.5154897668261887,0.4923938499134507,0.4457947255880257,0.5350524386518685,0.4324559617146929,0.4690764687913654,,0.4728133591283984,0.473928316872009,,,0.6614372263516953,,0.4518633540372671,0.4654821301293148,0.4578148864677731,0.4744017920781998,0.3924345789634456,0.6160752469198656,0.426056409734243,,0.5772222787903473,,0.4784594236839425,0.4181804296914774,0.4057682517055289,0.5416149068322982,0.5308293452805214,0.5364601364423175,0.6075348742490582,0.6272706445372161,,,,,0.3831636289583545
TFAP4__exp7,0.5484219281832077,0.4962709493509515,0.5385966843285132,0.5429478239425533,0.5349059482293802,0.5114846121801258,0.5406503442039838,0.5037241742517865,0.5174372999806337,0.4769959442307344,0.5535755834609324,0.5467430542687285,0.5459767632704186,0.4858173468776428,0.5109851297748638,0.4859782679872879,0.4885453428316264,0.4818925437099352,0.4904722163782858,0.5087963240324183,,0.5,0.5267024547783817,0.4896529816382743,0.4858173468776428,0.3029984270135689,0.3592915570057806,0.3196729191367941,0.2871975066284171,0.4570758614155763,0.3304873750074887,0.5101672882912128,0.4556352343387536,0.3029984270135689,0.3029984270135689,0.5047168694086881,0.5139919302355851,0.43928606757572,0.5297741241069478,0.5020919744253862,0.5202948687761497,0.7053081674081112,0.4655816914968171,0.5401989291431613,0.5321807387881178,0.3840580820711591,,0.4900486664446744,,0.2992840055563064,0.4920075848876267,0.5242001663548095,0.3833921055308097,0.5057980363444854,0.5076970447639336,0.5336422647103489,0.5395482784227781,0.5059784630431784,0.5142899338621205,0.5217563946983809,0.5353880149301351,
TFAP4__exp8,0.489218656193143,0.4684511070068423,0.4979193495905151,0.4881554163363137,0.4714781325475136,0.5090776394242007,0.4811779047758718,0.484794982607779,0.4907791440002566,0.4474876375451991,0.4983134816064087,0.490066498320356,0.4853667031773456,0.4651972264105114,0.4914963726105746,0.4659282038120814,0.4605065971283357,0.4717496711747426,0.4682929959074431,0.4922021438948492,,0.4468208211694722,0.5074953826976045,0.4671174742553884,0.4651972264105114,0.4839826581913006,0.4939356373252185,0.4802613186923983,0.4425575501487161,0.5378160503389077,0.4907997671871347,0.4642531427445338,0.5125469177501477,0.4839826581913006,0.4839826581913006,,0.5283179270489136,0.5795390488586211,0.60370229234302,0.5359324659373697,0.4891063743979175,0.4189096291950999,0.4157359498810729,0.5662393847874208,0.5298807063212359,0.4596175086273665,,0.4112343664786138,,0.4824542508971086,0.4909922502646642,0.5042048386579346,0.5011136520914203,0.4825207033881604,0.4946528659355365,0.5334622664424086,0.5331941650129927,,,,,
TFDP1__K562_essential,0.5931617307540982,0.4398247747326411,0.6364324390935558,0.4591497372808756,0.6096464464250452,0.4919009165104011,0.6265684086748534,0.5255191653564116,0.6039600138374809,0.5109278238779689,0.5947251285386166,0.592057850172152,0.5931617307540982,0.5782389281594221,0.6018142392429175,0.5530582762834189,0.5738538423507089,0.5136080934415982,0.5865139495763385,0.5079179490834154,,0.4888450157601781,0.5913013913200987,0.5771105498913935,0.5782389281594221,0.6771746892876814,0.7339217232117803,0.6563472019930724,0.7035156406590322,0.4280020429585484,0.7350501014798088,0.5462917184458669,0.5382909968776586,0.6809777694634117,0.6771746892876814,0.6081869782178453,0.4050709249978765,0.5109007279524537,0.4397892325315005,0.5132599293575816,0.5158366405209545,0.565864627271418,0.5927066676762683,0.6928524660261636,0.6563813502827626,0.4773886357461326,,0.6749825175603867,0.5857671413278934,0.6763083620253202,0.5712982882798616,0.6012081071009141,0.6351685811979517,0.583244250838489,0.6327700350242675,0.688131093799413,0.6385566854185317,0.5916443589252495,0.5455694078835038,0.6376109262649342,0.5877714974618913,0.6046719314421121
TFDP1__RPE1_essential,0.5886429045180028,0.5262785132635799,0.598731640044061,0.4985686027587778,0.6029738234580851,0.4998220614574599,0.6100294226785448,0.5292885672295057,0.5470876807507896,0.5440793798739529,0.5989761959719856,0.5877219483832137,0.593104516249675,0.5413615074228714,0.511062868696549,0.5239124273563709,0.5380446628663591,0.5017983772238666,0.5527466523302937,0.5076788223916225,0.4842856015871299,0.578979293096043,0.5455402874481743,0.5392198169190628,0.5413615074228714,0.5952421162122757,0.6471104709089475,0.6061591863329175,0.6050763616389045,0.5430374605920182,0.610505678547741,0.5449915705632968,0.5041294013492943,0.6455347359993923,0.5952421162122757,0.7054605803309248,0.5475959274578428,0.5272283953683387,0.5566849991685707,0.506536977031611,0.5267243822552322,0.4782187446129033,0.6062328160746582,0.6756200822198783,0.6352183910732704,0.5389200386848325,,0.4986036645405592,,0.5956313019900482,0.5609937677682884,0.5768443227670759,0.5902855489944573,0.6824758292841846,0.6007628859352584,0.6487855475335499,0.6132615345957523,0.6947679056136834,0.6072668464556922,0.6673864071315665,0.6249546388198205,0.6977890624771732
THAP11__RPE1_essential,0.4526558718478052,0.4838026224013556,0.5616320492835442,0.4739646383080315,0.5280042692431923,0.5031696321990815,0.5734979238932503,0.5073405704495344,0.5998998225829857,0.5135478253542489,0.5690049199282843,0.4542671366579128,0.4554421147733603,,,,,,,,,,,,,0.3085005687643068,0.405002785306688,0.3818781861333857,0.3163331320422617,0.51383056909199,0.3399731299825391,0.5288833962953081,0.5130829834145518,0.3355840483847562,0.3085005687643068,0.5358227889580145,0.5618625369037137,,0.5539128334605206,0.5177590218190159,0.4675579648068307,0.4583566222421952,0.4473708109221471,0.5054381357638059,0.5611728247691006,,,0.503453312174365,,0.3079360175263668,,0.4948160527288983,0.3622406036859672,0.4978569522659289,0.5363999794027742,0.5714822044649168,0.5713104048759252,0.5499206538682995,0.5113542207928996,0.5146010925892117,0.5214833747618446,0.5130296178746471
THAP1__K562_essential,0.5655159064218086,0.4776486452779596,0.5251477099117638,0.564136890842765,0.5650456250844428,0.4510693054386347,0.5434490589176774,0.5359037716043608,0.5590047184028103,0.5,0.5515854457019924,0.5662265249067232,0.5527650464045563,,,,,,,,,,,,,0.2619116286804061,0.3253125682037852,0.3787947286918384,0.2271718683420114,0.4182957627911327,0.244709984514493,0.4637883370228333,0.3952169010278635,0.2804721520697575,0.2619116286804061,0.3898905101902951,0.439121787826451,0.5182013167877446,0.3145607128836401,0.4923455866304992,0.4724937382429666,0.4999545308099232,0.4249628451761086,0.3445954021554994,0.4952309315208015,,,0.2180858250449495,0.2494699591556761,0.2616544029765431,,,0.3183921574740955,0.5022916471798708,0.514029843378127,0.5256199399287044,0.4940383396210727,0.3948979671374676,0.5006768413722862,0.5042312329165757,0.4546373377399474,0.4016540392230224
THAP1__RPE1_essential,0.6201817052891512,0.4795478064760164,0.5393992163691772,0.6128885145985141,0.6583969111528223,0.5235710156512058,0.6951668962367166,0.6257470542475219,0.4804691793287038,0.4998693948628646,0.6689466660005567,0.6138569909432832,0.6171042771398189,,,,,,,,,,,,,0.3335619517974264,0.4155091816125095,0.3680723966399509,0.3032237344504949,0.4682008607092644,0.3210459829999215,0.4944574890983964,0.5388343313088347,0.4469957250012489,0.3335619517974264,0.3001448789226147,0.6164697444415085,0.2314290914021853,0.3577071836057159,0.5505399059357536,0.5029518188371147,0.4944846092908069,0.4262887444064603,0.4724630130533768,0.4337853365401772,,,0.2674475616805954,,0.3301819193959333,,,0.3725647137749167,0.3184738468565555,0.4496288815775387,0.4345839548377427,0.4393314158881506,0.2462335048566555,0.2142281093657443,0.2319397360777064,0.3956878894067101,0.3308692021667606
TP53__Dox,0.9572395455644188,0.4938602852308436,0.6705644186608654,0.5079042784626542,0.8727338651196519,0.1811820159535895,0.5675731206188059,0.828402223833696,0.8279550398839739,0.263633067440174,0.5666545806139714,0.953372008701958,0.9874305051970026,0.3948513415518492,0.7329767947788253,0.3851583272903069,0.4992264926275078,0.3898960599468214,0.5009306260575296,0.745407299975828,,0.2634638627024413,0.3948513415518492,0.4017645636934976,0.3948513415518492,0.9750906453952138,0.9804568527918782,0.951160261058738,0.97962291515591,0.3457940536620739,0.9762025622431714,0.6232898235436306,0.6781605027797921,0.9750906453952138,0.9750906453952138,0.6743171380227218,0.8617514747326227,0.4132342277012327,0.6256097560975609,0.9865240512448634,0.99585448392555,0.8181895093062606,0.9671138506163888,0.7338167754411409,0.7687454677302392,0.5,0.0425549915397631,0.5128293449359439,,0.9760696156635242,0.6321972443799856,0.953130287648054,0.9503323664491176,0.5058254773990815,0.570630891950689,0.78630650229635,0.770195794053662,0.6441684795745709,0.6807952622673434,0.6217548948513416,0.6109257916364516,0.5011904761904762
TP53__Mock,0.5467909410514267,0.5359414602240209,0.5010383451884556,0.4415011037527593,0.4835826996974899,0.422385741149538,0.3907039489820947,0.5330635271032622,0.4286158122802714,0.5475921837952743,0.404750224838525,0.5539448941214946,0.5929441582863216,0.399566674842613,0.5008952661270542,0.3994358597007604,0.4125582536178562,0.4848581473305535,0.4087155588259341,0.5530945956994522,,0.455298013245033,0.399566674842613,0.397996893140381,0.399566674842613,0.5369961573052081,0.6255171286076363,0.5386149946856349,0.5316409124356144,0.4798544681546889,0.5337748344370861,0.3889624724061811,0.4884228599460387,0.5369961573052081,0.5369961573052081,,0.7693688746198039,0.5025508952661271,0.6534362573099415,0.7462022729130897,0.3866568555310277,0.5064753495217071,0.5863379936227618,0.637200555964353,0.5835745237511243,0.5228926498242172,0.4973346414847518,0.5308641975308642,,0.539318126073093,0.5098969830757911,0.5775774670918158,0.5974286648679584,0.5032908184122311,0.5409165235876052,0.6142343226228437,0.5871801160984385,,,,,0.5077262693156733
TP73__PRJNA551220,0.9289247343298852,0.5039412028441643,0.6911859832901313,0.7880437525901061,0.9122903684323714,0.5100832269719694,0.4544308892912876,0.4947037767085791,0.85711352861407,0.580807913709651,0.667518830097106,0.9300882406960848,0.930131082162722,0.6488853371474964,0.7103475715463098,0.5708235190320035,0.6557565145540099,0.7700473673918751,0.5749575084760358,0.5853306576504467,,0.6240489512536219,0.6510753420212434,0.6502974088547797,0.6488853371474964,0.7665979930681659,0.853065858362718,0.8405941135824839,0.8792612943467504,0.5064370364054906,0.6098822114171236,0.5763118926638866,0.4822810239025691,0.7665979930681659,0.7665979930681659,,0.5679373807229371,0.4647675595931163,0.8138859067856219,,,,0.5365486490304043,0.1881050031622092,0.842094837433601,0.8946596203058372,0.7979850937146479,0.8597955740947405,,0.7634366321686816,0.6444196444667276,0.8072439405835516,0.5810766272652426,0.585833090494327,0.6259946325156551,0.8543856724562031,0.8493418320622992,,,,,
USF2__RPE1_essential,0.4619431142069366,0.4620156726164562,0.4079031656197525,0.4480678732093621,0.4455563156912743,0.5815546157513942,0.4205039699815494,0.5414489914381077,0.4989655243899911,0.5495480647635631,0.4132056305325787,0.4633787341667185,0.4507224744490743,0.4149936770528847,0.4065090076082675,0.4112527727677924,0.3902626614424612,0.6087629827725605,0.3850591869311939,0.5259437775981093,0.4035253021539482,0.5393411696415614,0.4134709870016793,0.4140359060472252,0.4149936770528847,0.6138451810850591,0.5265439392997078,0.4632346538963866,0.5593424135000105,0.5400657171880507,0.554202168459896,0.5148236830648673,0.5648501150569065,0.6152890934345004,0.6138451810850591,0.5082224226216391,0.6547895051333585,0.4851358915355432,0.5694745141771832,0.490489665609387,0.5068443311151191,0.4403663163132036,0.4933318821651429,0.3280116922694197,0.5045483757281755,0.4336069821920932,0.3972966809710388,0.5022347990132056,,0.6117917780956527,0.4679457677716275,0.5222718038020607,0.5888742044488671,0.3717483467048116,0.4515579327072579,0.5141312685283081,0.5426239193979725,0.5078337168563551,0.5226983435951655,0.4383015112880153,0.3954863486535232,0.4328254244666957
YY1__RPE1_essential,0.4894630677695545,0.5380060949063996,0.4560840226382238,0.5056914816427224,0.5189174285299666,0.5975925119721376,0.598667827601219,0.454309969525468,0.5151356842258017,0.530379480481788,0.6617225366419968,0.4895283703381222,0.387837759396314,0.6927383543752721,0.5493955884487012,0.5168945000725584,0.6552880568857931,0.5721085473806414,0.6655507183282543,0.5442591786388042,0.6262051951821216,0.5759679291829923,0.6925961398926136,0.6908242635321433,0.6927383543752721,0.5606936583950081,0.5587541721085474,0.4901741401828472,0.555180670439704,0.4648976926425772,0.5881265418662023,0.5252670149470323,0.6391445363517632,0.4892163691771876,0.5606936583950081,0.4842940066753736,0.5994926578838097,,0.7277051353155168,0.5049325206791467,0.3643955884487012,0.6707299375997678,0.6287258743288348,0.3521433754172108,0.6983202728196197,0.4106515745174866,0.3660644318676535,0.5133739660426644,,0.5608257147003337,0.6582491655782905,0.437804382527935,0.5989094471049196,0.503291249455812,0.6559592221738499,0.7577347264547961,0.7541692062109998,0.5253323175156001,0.6209584965897548,0.5341822667247134,0.375077637498186,0.5749600928747642
YY1__k562_tfs_7,0.5452900722804658,0.4915320241942166,0.3779179034278389,0.6074697937837824,0.5520692293820337,0.499441446974017,0.6138478259810013,0.5039544676931175,0.5619028819581524,0.5192357181500489,0.563583902365321,0.5475228222037013,0.4885701334970975,0.6067698966238247,0.5143410682692167,0.6617644621855703,0.6394842401290618,0.4868900878770599,0.6529143698244896,0.5769835699629093,,0.6143959000453276,0.6067698966238247,0.6095373172883373,0.6067698966238247,0.7018360115609753,0.6157128374591199,0.7222504910490172,0.7112612283292635,0.6465309762980509,0.6945455786092711,0.5240026709167386,0.6648679407134467,0.7018360115609753,0.7018360115609753,0.8033108644899671,0.7618771864470394,,0.8805138448484314,0.5824460333474678,0.6386200913375542,0.6022576069950725,0.7528807396684749,0.6695276668957416,0.795088047647595,0.3779746847782115,0.441168184897623,0.8357990573808445,,0.7056527905718589,0.5354934616153197,0.5011149127809215,0.6218810467264211,0.7200542956431888,0.7777989793978739,0.8191038781906,0.8159597023000101,0.7121787467161858,0.6435520268261418,0.7617332689973828,,0.8183026031690328
ZBTB10__PRJNA551220,,0.4879509310758151,,,,,,,,,,,,,,,,,,,,,,,,0.3397489953437254,0.4840146988968662,0.3666957788316111,0.5190503177142628,0.3377020686354514,0.2828663565349407,0.5478083125141948,0.3453893280391703,0.3397489953437254,0.3397489953437254,,0.7820598762718057,,0.7447008539098458,,,,,0.1999210460891663,0.6180497094395777,,,0.5233075240497768,,0.3263511901478129,,,0.3829081978089215,0.5635604058316992,0.5210349123876681,0.6158039650338778,0.6532655179899567,,,,,
ZBTB11__K562_essential,,0.5300748576400995,,,,,,,,,,,,,,,,,,,,,,,,0.8509253039231526,0.6731972233796198,0.600573124378194,0.8403641692389238,0.7152235100041666,0.8450381657752344,0.5244059716045499,0.6026847844264362,0.8226687414789556,0.8509253039231526,0.4729891752621151,0.4248419189540244,0.5018041229808137,0.5234196019473081,0.6665136067437069,,0.5850715555139837,,0.4281454522779001,0.5372374951460164,,,0.6157912489406269,0.6317860108899301,0.8523737043052355,,,0.7233555270221625,0.4814400671196106,0.5308656672420586,0.5406416612103638,0.5460412751592248,0.4825242415739095,0.5283869468230145,0.4638849442890225,0.4308353387017685,0.4900426016785572
ZBTB17__K562_essential,0.537319077810267,0.5003395785971947,0.5187891684594519,0.5421016458378238,0.5232896015746686,0.5476426738459411,0.5163536578918473,0.4779619590634951,0.5009973850414611,0.5056294811157699,0.5073131402683281,0.5374471823110052,0.5295748557299313,,,,,,,,,,,,,0.7288932584498136,0.5808354650193377,0.4798753929554726,0.6800234248229922,0.5827067057622625,0.6792791986758469,0.4825432200184633,0.6451078314551452,0.7151576092040034,0.7288932584498136,,0.3712619549857666,0.4645587714981719,0.339779886493804,0.6178164892859903,0.5074036267807542,0.6715949620363328,0.4475656078050209,0.3128078066476069,0.4212574168439117,0.3960076130674724,,0.3839037711524932,0.6438247530429902,0.728150049005055,,0.5658945150939637,0.6622128324108454,0.4854703061900908,0.4709817888268474,0.4459693850577284,0.4188407152704632,,,,,0.4925989149752127
ZBTB17__RPE1_essential,0.5406366670624398,0.4737134074748353,0.4583785174338069,0.5482764079629556,0.5381162517644886,0.5326460073086107,0.5261012387699371,0.4742971728605163,0.5484683579372304,0.4827459400271765,0.4972652075830134,0.5395397158348835,0.5394097703196528,,,,,,,,,,,,,0.7235722483872244,0.5129384836611655,0.6440944050870041,0.7092808801994697,0.5496945950581127,0.711611984010765,0.424785952691917,0.5208262423978575,0.5679463331618316,0.7235722483872244,,0.4411512763405859,,0.4397975275208335,0.4818953575810346,0.4961194443345074,0.5710049999340379,0.4594068679832719,0.4482341921610533,0.4605928681679661,0.5382745610216224,,0.3689291697998707,,0.7218479967282753,,0.5332832020685743,0.6088719146185406,0.474377976543845,0.4881667128402,0.4626614424611813,0.4624892811440482,,,,,0.5102689938127465
ZBTB1__PRJNA551220,,0.5155377162422177,,,,,,,,,,,,,,,,,,,,,,,,0.4309804252080974,0.4770697134637276,0.4199817190872194,0.4516748292827814,0.5219086485801808,0.4105142472605121,0.4949714448360334,0.4692825564977853,0.4309804252080974,0.4309804252080974,,0.4321656407588827,,0.6554956576268858,,,,0.4483471293310186,0.3840307244533046,0.5892180760961334,,,0.3276401239137455,,0.4338497166817159,,,0.4782988741768169,0.5008572336352494,0.5038540057027189,0.5775606115612509,0.596098034206858,,,,,
ZBTB25__PRJNA551220,,0.4773740380576991,,,,,,,,,,,,,,,,,,,,,,,,0.3955529975739649,0.4723754724920387,0.4516268769479805,0.4485431876970625,0.433345862892493,0.3965077775482771,0.4756876670348086,0.4438920565023391,0.3955529975739649,0.3955529975739649,,0.5193241356143254,,0.6244039445070567,,,,,0.3903577264619366,0.5916791584861903,,,0.5286968582442169,,0.4015593098726691,,,0.4783673124607548,0.5023591866904971,0.5085035276058217,0.6172799226252136,0.5963193615950043,,,,,
ZBTB33__PRJNA524331,0.4033098330241187,0.4548571428571428,0.4833395176252318,0.4021150278293134,0.409038961038961,0.4058923933209647,0.4214916512059369,0.4891057513914656,0.4798218923933209,0.4625083487940631,0.5897142857142856,0.403621521335807,0.393974025974026,,,,,,,,,,,,,0.4903153988868275,0.4166233766233767,0.5623005565862709,0.48552133580705,0.5165120593692023,0.5063747680890538,0.4918144712430427,0.5553988868274582,0.4903153988868275,0.4903153988868275,,0.5383234038957198,0.4946790352504638,0.4894467397161846,0.5333580705009278,0.5144935064935064,0.5444897959183673,0.4437402597402597,0.6011428571428572,0.3938404452690167,,,0.5342115027829313,,0.4846901669758813,,0.4986048237476808,0.4685640074211502,0.5011428571428571,0.4975139146567717,0.3994953617810761,0.3965491651205937,,,,,
ZIC3__PRJNA524331,0.3347325660121868,0.5307298578199052,0.3339282329045362,0.3615490859851049,0.33291807718348,0.4192552471225457,0.3842599864590386,0.3465565335138795,0.3298036560595802,0.5,0.3421584292484766,0.3358808395396073,0.3347325660121868,,,,,,,,,,,,,,,,,,,,,,,,0.4767413789901766,,0.5115469506089345,0.4669302640487474,0.4517968855788761,,0.4783642518618822,0.4641191604603927,0.5953175355450236,,,,,,,,,0.5229546377792823,0.5472660798916722,0.5933215978334462,0.5995991875423153,,,,,0.5440893703452945
ZNF143__PRJNA524331,0.544,0.5048144499178981,0.4164991789819376,0.6059376026272578,0.5195008210180625,0.407264367816092,0.5886239737274219,0.4144105090311987,0.5187651888341543,0.4350147783251231,0.5409655172413792,0.542423645320197,0.5431724137931034,0.5461937602627258,0.5425418719211822,0.5385484400656814,0.5394022988505747,0.4416091954022989,0.5409129720853859,0.5344499178981938,0.503303776683087,0.5,0.542568144499179,0.5471001642036124,0.5461937602627258,0.6932413793103449,0.5314942528735632,0.7223382594417077,0.7001642036124794,0.5432249589490968,0.7168604269293926,0.4371362889983579,0.6152249589490969,0.6932413793103449,0.6932413793103449,0.4745484400656815,0.5673506292209469,0.5500032840722495,0.5544571286597884,0.5627980295566503,0.4594022988505747,0.5486765188834154,0.7330574712643678,0.6191921182266009,0.520328407224959,0.5412019704433497,,0.4871330049261083,,0.6983776683087026,,0.49288013136289,0.60759934318555,0.5494909688013137,0.5612282430213464,0.5339770114942529,0.4794614121510673,0.5254121510673235,0.5436650246305419,0.4398686371100164,0.4365188834154351,0.516912972085386
ZNF236__RPE1_essential,0.4871680452764475,0.468614497170222,0.5027089682194166,0.4716510666086199,0.4950609490639965,0.5561895951240748,0.470308010448411,0.4855164344797562,0.5725054418807141,0.5045521332172398,0.5038865912059207,0.4890117544623422,0.4871680452764475,,,,,,,,,,,,,,,,,,,,,,,,0.6462900011721956,,0.5568992583262049,0.4092228994340444,0.4974194601654332,,0.854060731388768,0.6227666521549847,0.5340814105354811,,,,,,,0.5288125816282108,,0.4956568350021766,0.4567131040487592,0.5008228123639531,0.5383195472355247,,,,,
ZNF236__exp7,0.4879524464270713,0.5027499369990318,0.4761370016844469,0.5016656571774682,0.4944448619947211,0.4979795478962098,0.4903022720138646,0.5307511041748643,0.5265134601015974,0.5,0.5022989827001552,0.4897297368991145,0.4879524464270713,,,,,,,,,,,,,,,,,,,,,,,,0.6929324139652985,,0.5122364298416462,0.5071710575762534,0.515111390132943,,0.6733654011945869,0.4898690021972969,0.5340304703630183,,,,,,,0.4753224102180939,,0.4961790465411362,0.4784658269484982,0.5537829318218995,0.5326776074663884,,,,,
ZNF236__exp8,0.4908106649008522,0.497089780278411,0.4878756661345323,0.4940129610220354,0.4894588889287228,0.4897140603680796,0.4912324358749955,0.495821304073675,0.4832135152290955,0.5069629115693888,0.4906973139515511,0.4898448093700639,0.4908106649008522,,,,,,,,,,,,,,,,,,,,,,,,0.5393522863150081,,0.5296435157308446,0.4799321370502603,0.5112359787511783,,0.4860151289248425,0.4592864478659443,0.541761653004802,,,,,,,0.4757434240632994,,0.5057935515435764,0.4961734828370845,0.5355415855636231,0.542568289992851,,,,,
ZNF292__RPE1_essential,,0.4856439155742595,,,,,,,,,,,,,,,,,,,,,,,,,,,,,,,,,,,0.5546641213278184,,0.4608702663617116,0.4413204018123479,,0.4834679694932198,0.5121470839581419,0.445336106676986,0.6143891388122994,,,,,,,,,0.4748145729534497,0.5756687466744062,0.6323868491913768,0.6236266305487028,,,,,
ZNF296__exp8,,0.4782132757361467,,,,,,,,,,,,,,,,,,,,,,,,0.376494878903992,0.4242076925473256,0.357013426651852,0.3918348026846381,0.3711418711470632,0.3551062121196388,0.4490322011194069,0.4029358469797821,0.376494878903992,0.376494878903992,,0.4965498800635507,,0.6701945496939667,0.4887929512673804,0.4938335704371364,0.4275552694156862,,0.297082411743734,0.9171149140022776,,,0.4984086354243465,,0.3870390753990094,,,0.378601987518302,0.9062600596047808,0.8998963319868607,0.9272627837024884,0.9179884771013108,,,,,
